z,symbol,mass_number,mass_to_charge,energy_mev_per_nucleon,let_electronic_mev_cm2_mg,let_nuclear_mev_cm2_mg,let_total_mev_cm2_mg,electronic_source_sheet,nuclear_source_sheet
2,He,4.0,2.0,0.25,1.31,0.001839,1.311839,i_Si_e,i_Si_n
2,He,4.0,2.0,0.275,1.28,0.0017,1.2817,i_Si_e,i_Si_n
2,He,4.0,2.0,0.3,1.24,0.001581,1.241581,i_Si_e,i_Si_n
2,He,4.0,2.0,0.325,1.21,0.001479,1.211479,i_Si_e,i_Si_n
2,He,4.0,2.0,0.35,1.17,0.00139,1.17139,i_Si_e,i_Si_n
2,He,4.0,2.0,0.375,1.14,0.001312,1.1413119999999999,i_Si_e,i_Si_n
2,He,4.0,2.0,0.4,1.11,0.001243,1.1112430000000002,i_Si_e,i_Si_n
2,He,4.0,2.0,0.425,1.08,0.001181,1.0811810000000002,i_Si_e,i_Si_n
2,He,4.0,2.0,0.45,1.06,0.001126,1.061126,i_Si_e,i_Si_n
2,He,4.0,2.0,0.5,1.01,0.00103,1.01103,i_Si_e,i_Si_n
2,He,4.0,2.0,0.5625,0.95,0.000932,0.950932,i_Si_e,i_Si_n
2,He,4.0,2.0,0.625,0.9,0.0008522,0.9008522,i_Si_e,i_Si_n
2,He,4.0,2.0,0.6875,0.856,0.0007857,0.8567857,i_Si_e,i_Si_n
2,He,4.0,2.0,0.75,0.817,0.0007294,0.8177293999999999,i_Si_e,i_Si_n
2,He,4.0,2.0,0.8125,0.782,0.0006811,0.7826811,i_Si_e,i_Si_n
2,He,4.0,2.0,0.875,0.75,0.0006391,0.7506391,i_Si_e,i_Si_n
2,He,4.0,2.0,0.9375,0.721,0.0006024,0.7216024,i_Si_e,i_Si_n
2,He,4.0,2.0,1.0,0.695,0.0005698,0.6955697999999999,i_Si_e,i_Si_n
2,He,4.0,2.0,1.125,0.649,0.0005148,0.6495148000000001,i_Si_e,i_Si_n
2,He,4.0,2.0,1.25,0.609,0.00047,0.60947,i_Si_e,i_Si_n
2,He,4.0,2.0,1.375,0.575,0.0004327,0.5754326999999999,i_Si_e,i_Si_n
2,He,4.0,2.0,1.5,0.545,0.0004012,0.5454012,i_Si_e,i_Si_n
2,He,4.0,2.0,1.625,0.518,0.0003743,0.5183743000000001,i_Si_e,i_Si_n
2,He,4.0,2.0,1.75,0.495,0.0003509,0.4953509,i_Si_e,i_Si_n
2,He,4.0,2.0,2.0,0.455,0.0003123,0.4553123,i_Si_e,i_Si_n
2,He,4.0,2.0,2.25,0.42,0.0002817,0.4202817,i_Si_e,i_Si_n
2,He,4.0,2.0,2.5,0.389,0.0002569,0.3892569,i_Si_e,i_Si_n
2,He,4.0,2.0,2.75,0.363,0.0002363,0.3632363,i_Si_e,i_Si_n
2,He,4.0,2.0,3.0,0.342,0.0002189,0.34221890000000005,i_Si_e,i_Si_n
2,He,4.0,2.0,3.25,0.323,0.000204,0.323204,i_Si_e,i_Si_n
2,He,4.0,2.0,3.5,0.306,0.0001911,0.3061911,i_Si_e,i_Si_n
2,He,4.0,2.0,3.75,0.291,0.0001798,0.2911798,i_Si_e,i_Si_n
2,He,4.0,2.0,4.0,0.278,0.0001698,0.2781698,i_Si_e,i_Si_n
2,He,4.0,2.0,4.25,0.265,0.0001609,0.26516090000000003,i_Si_e,i_Si_n
2,He,4.0,2.0,4.5,0.255,0.000153,0.255153,i_Si_e,i_Si_n
2,He,4.0,2.0,5.0,0.235,0.0001394,0.2351394,i_Si_e,i_Si_n
2,He,4.0,2.0,5.625,0.216,0.0001255,0.2161255,i_Si_e,i_Si_n
2,He,4.0,2.0,6.25,0.199,0.0001143,0.19911430000000002,i_Si_e,i_Si_n
2,He,4.0,2.0,6.875,0.185,0.000105,0.185105,i_Si_e,i_Si_n
2,He,4.0,2.0,7.5,0.174,9.716e-05,0.17409716,i_Si_e,i_Si_n
2,He,4.0,2.0,8.125,0.163,9.046e-05,0.16309046,i_Si_e,i_Si_n
2,He,4.0,2.0,8.75,0.154,8.466e-05,0.15408465999999998,i_Si_e,i_Si_n
2,He,4.0,2.0,9.375,0.146,7.96e-05,0.1460796,i_Si_e,i_Si_n
2,He,4.0,2.0,10.0,0.139,7.513e-05,0.13907513000000002,i_Si_e,i_Si_n
2,He,4.0,2.0,11.25,0.127,6.76e-05,0.1270676,i_Si_e,i_Si_n
2,He,4.0,2.0,12.5,0.117,6.15e-05,0.11706150000000001,i_Si_e,i_Si_n
2,He,4.0,2.0,13.75,0.109,5.646e-05,0.10905646,i_Si_e,i_Si_n
2,He,4.0,2.0,15.0,0.102,5.221e-05,0.10205220999999999,i_Si_e,i_Si_n
2,He,4.0,2.0,16.25,0.0954,4.858e-05,0.09544858,i_Si_e,i_Si_n
2,He,4.0,2.0,17.5,0.0901,4.544e-05,0.09014544,i_Si_e,i_Si_n
2,He,4.0,2.0,20.0,0.0811,4.028e-05,0.08114028000000001,i_Si_e,i_Si_n
2,He,4.0,2.0,22.5,0.0739,3.622e-05,0.07393622,i_Si_e,i_Si_n
2,He,4.0,2.0,25.0,0.068,3.293e-05,0.06803293,i_Si_e,i_Si_n
2,He,4.0,2.0,27.5,0.0631,3.021e-05,0.06313021,i_Si_e,i_Si_n
2,He,4.0,2.0,30.0,0.0589,2.792e-05,0.05892792,i_Si_e,i_Si_n
2,He,4.0,2.0,32.5,0.0553,2.596e-05,0.05532596,i_Si_e,i_Si_n
2,He,4.0,2.0,35.0,0.0522,2.427e-05,0.05222427,i_Si_e,i_Si_n
2,He,4.0,2.0,37.5,0.0494,2.28e-05,0.0494228,i_Si_e,i_Si_n
2,He,4.0,2.0,40.0,0.047,2.15e-05,0.0470215,i_Si_e,i_Si_n
2,He,4.0,2.0,42.5,0.0448,2.035e-05,0.04482035,i_Si_e,i_Si_n
2,He,4.0,2.0,45.0,0.0428,1.932e-05,0.04281932,i_Si_e,i_Si_n
2,He,4.0,2.0,50.0,0.0395,1.755e-05,0.03951755,i_Si_e,i_Si_n
2,He,4.0,2.0,56.25,0.036,1.576e-05,0.036015759999999994,i_Si_e,i_Si_n
2,He,4.0,2.0,62.5,0.0332,1.432e-05,0.03321432,i_Si_e,i_Si_n
2,He,4.0,2.0,68.75,0.0309,1.313e-05,0.03091313,i_Si_e,i_Si_n
2,He,4.0,2.0,75.0,0.0289,1.212e-05,0.02891212,i_Si_e,i_Si_n
2,He,4.0,2.0,81.25,0.0272,1.127e-05,0.02721127,i_Si_e,i_Si_n
2,He,4.0,2.0,87.5,0.0258,1.053e-05,0.02581053,i_Si_e,i_Si_n
2,He,4.0,2.0,93.75,0.0245,9.885e-06,0.024509885000000002,i_Si_e,i_Si_n
2,He,4.0,2.0,100.0,0.0234,9.318e-06,0.023409318000000002,i_Si_e,i_Si_n
2,He,4.0,2.0,112.5,0.0214,8.364e-06,0.021408364,i_Si_e,i_Si_n
2,He,4.0,2.0,125.0,0.0199,7.594e-06,0.019907594,i_Si_e,i_Si_n
2,He,4.0,2.0,137.5,0.0186,6.958e-06,0.018606958,i_Si_e,i_Si_n
2,He,4.0,2.0,150.0,0.0175,6.423e-06,0.017506423,i_Si_e,i_Si_n
2,He,4.0,2.0,162.5,0.0166,5.968e-06,0.016605968,i_Si_e,i_Si_n
2,He,4.0,2.0,175.0,0.0158,5.575e-06,0.015805575000000002,i_Si_e,i_Si_n
2,He,4.0,2.0,200.0,0.0145,4.93e-06,0.014504930000000001,i_Si_e,i_Si_n
2,He,4.0,2.0,225.0,0.0135,4.423e-06,0.013504423,i_Si_e,i_Si_n
2,He,4.0,2.0,250.0,0.0127,4.014e-06,0.012704014,i_Si_e,i_Si_n
2,He,4.0,2.0,275.0,0.012,3.676e-06,0.012003676,i_Si_e,i_Si_n
2,He,4.0,2.0,300.0,0.0114,3.392e-06,0.011403392,i_Si_e,i_Si_n
2,He,4.0,2.0,325.0,0.0109,3.151e-06,0.010903151,i_Si_e,i_Si_n
2,He,4.0,2.0,350.0,0.0105,2.942e-06,0.010502942000000001,i_Si_e,i_Si_n
2,He,4.0,2.0,375.0,0.0102,2.76e-06,0.01020276,i_Si_e,i_Si_n
2,He,4.0,2.0,400.0,0.00985,2.6e-06,0.0098526,i_Si_e,i_Si_n
2,He,4.0,2.0,425.0,0.00957,2.459e-06,0.009572459,i_Si_e,i_Si_n
2,He,4.0,2.0,450.0,0.00933,2.332e-06,0.009332332,i_Si_e,i_Si_n
2,He,4.0,2.0,500.0,0.00892,2.115e-06,0.008922115000000001,i_Si_e,i_Si_n
2,He,4.0,2.0,562.5,0.00852,1.897e-06,0.008521897,i_Si_e,i_Si_n
2,He,4.0,2.0,625.0,0.0082,1.72e-06,0.008201720000000001,i_Si_e,i_Si_n
2,He,4.0,2.0,687.5,0.00795,1.575e-06,0.007951575,i_Si_e,i_Si_n
2,He,4.0,2.0,750.0,0.00774,1.452e-06,0.007741452,i_Si_e,i_Si_n
2,He,4.0,2.0,812.5,0.00757,1.348e-06,0.007571348,i_Si_e,i_Si_n
2,He,4.0,2.0,875.0,0.00743,1.259e-06,0.007431259,i_Si_e,i_Si_n
2,He,4.0,2.0,937.5,0.00732,1.181e-06,0.007321181,i_Si_e,i_Si_n
2,He,4.0,2.0,1000.0,0.00722,1.112e-06,0.007221112,i_Si_e,i_Si_n
2,He,4.0,2.0,1125.0,0.00706,9.964e-07,0.0070609964,i_Si_e,i_Si_n
2,He,4.0,2.0,1250.0,0.00695,9.034e-07,0.0069509034,i_Si_e,i_Si_n
2,He,4.0,2.0,1375.0,0.00686,8.267e-07,0.006860826699999999,i_Si_e,i_Si_n
2,He,4.0,2.0,1500.0,0.0068,7.623e-07,0.0068007623,i_Si_e,i_Si_n
2,He,4.0,2.0,1625.0,0.00675,7.075e-07,0.0067507075,i_Si_e,i_Si_n
2,He,4.0,2.0,1750.0,0.00672,6.603e-07,0.0067206603,i_Si_e,i_Si_n
2,He,4.0,2.0,2000.0,0.00668,5.83e-07,0.006680583,i_Si_e,i_Si_n
2,He,4.0,2.0,2250.0,0.00666,5.223e-07,0.0066605223,i_Si_e,i_Si_n
2,He,4.0,2.0,2500.0,0.00666,4.733e-07,0.0066604733,i_Si_e,i_Si_n
2,He,4.0,2.0,2750.0,4.066714169617577e-07,4.330393146571687e-07,8.397107316189264e-07,i_Si_e,i_Si_n
2,He,4.0,2.0,3000.0,3.749548207314724e-07,3.992821625716675e-07,7.742369833031399e-07,i_Si_e,i_Si_n
2,He,4.0,2.0,3250.0,3.479673979603553e-07,3.705573466197808e-07,7.185247445801361e-07,i_Si_e,i_Si_n
2,He,4.0,2.0,3500.0,3.247158212193305e-07,3.458080089922915e-07,6.70523830211622e-07,i_Si_e,i_Si_n
2,He,4.0,2.0,3750.0,3.044678458094068e-07,3.242550449142645e-07,6.287228907236713e-07,i_Si_e,i_Si_n
2,He,4.0,2.0,4000.0,2.86671630385796e-07,3.053112784784605e-07,5.919829088642565e-07,i_Si_e,i_Si_n
2,He,4.0,2.0,4250.0,2.709032757595995e-07,2.885256542065041e-07,5.594289299661037e-07,i_Si_e,i_Si_n
2,He,4.0,2.0,4500.0,2.568316907625724e-07,2.73545860042554e-07,5.303775508051263e-07,i_Si_e,i_Si_n
2,He,4.0,2.0,5000.0,2.327808283354273e-07,2.479417604789584e-07,4.807225888143856e-07,i_Si_e,i_Si_n
2,He,4.0,2.0,5625.0,2.085504367420038e-07,2.221452232249143e-07,4.3069565996691806e-07,i_Si_e,i_Si_n
2,He,4.0,2.0,6250.0,1.890208457935098e-07,2.013522621757387e-07,3.9037310796924854e-07,i_Si_e,i_Si_n
2,He,4.0,2.0,6875.0,1.729344773771799e-07,1.842244783799968e-07,3.571589557571767e-07,i_Si_e,i_Si_n
2,He,4.0,2.0,7500.0,1.594471931361456e-07,1.698634411160498e-07,3.293106342521954e-07,i_Si_e,i_Si_n
2,He,4.0,2.0,8125.0,1.479709603397818e-07,1.576432706691994e-07,3.056142310089812e-07,i_Si_e,i_Si_n
2,He,4.0,2.0,8750.0,1.380833727095881e-07,1.471143564104925e-07,2.851977291200806e-07,i_Si_e,i_Si_n
2,He,4.0,2.0,9375.0,1.294730477656287e-07,1.379452499796811e-07,2.674182977453098e-07,i_Si_e,i_Si_n
2,He,4.0,2.0,10000.0,1.219053184263837e-07,1.298861537912634e-07,2.517914722176471e-07,i_Si_e,i_Si_n
2,He,4.0,2.0,11250.0,1.092160706738326e-07,1.163724439644546e-07,2.255885146382872e-07,i_Si_e,i_Si_n
6,C,12.0,2.0,0.08333333333333333,4.28,0.03738,4.31738,i_Si_e,i_Si_n
6,C,12.0,2.0,0.09166666666666667,4.42,0.03473,4.45473,i_Si_e,i_Si_n
6,C,12.0,2.0,0.09999999999999999,4.55,0.03245,4.58245,i_Si_e,i_Si_n
6,C,12.0,2.0,0.10833333333333334,4.65,0.03048,4.68048,i_Si_e,i_Si_n
6,C,12.0,2.0,0.11666666666666665,4.73,0.02876,4.7587600000000005,i_Si_e,i_Si_n
6,C,12.0,2.0,0.125,4.81,0.02724,4.8372399999999995,i_Si_e,i_Si_n
6,C,12.0,2.0,0.13333333333333333,4.87,0.02588,4.89588,i_Si_e,i_Si_n
6,C,12.0,2.0,0.14166666666666666,4.92,0.02467,4.94467,i_Si_e,i_Si_n
6,C,12.0,2.0,0.15,4.96,0.02357,4.98357,i_Si_e,i_Si_n
6,C,12.0,2.0,0.16666666666666666,5.03,0.02166,5.05166,i_Si_e,i_Si_n
6,C,12.0,2.0,0.1875,5.08,0.01971,5.09971,i_Si_e,i_Si_n
6,C,12.0,2.0,0.20833333333333334,5.11,0.0181,5.1281,i_Si_e,i_Si_n
6,C,12.0,2.0,0.22916666666666666,5.13,0.01675,5.14675,i_Si_e,i_Si_n
6,C,12.0,2.0,0.25,5.13,0.0156,5.1456,i_Si_e,i_Si_n
6,C,12.0,2.0,0.2708333333333333,5.12,0.01461,5.13461,i_Si_e,i_Si_n
6,C,12.0,2.0,0.2916666666666667,5.11,0.01375,5.12375,i_Si_e,i_Si_n
6,C,12.0,2.0,0.3125,5.1,0.01299,5.11299,i_Si_e,i_Si_n
6,C,12.0,2.0,0.3333333333333333,5.08,0.01232,5.09232,i_Si_e,i_Si_n
6,C,12.0,2.0,0.375,5.03,0.01117,5.04117,i_Si_e,i_Si_n
6,C,12.0,2.0,0.4166666666666667,4.99,0.01024,5.00024,i_Si_e,i_Si_n
6,C,12.0,2.0,0.4583333333333333,4.94,0.009456,4.9494560000000005,i_Si_e,i_Si_n
6,C,12.0,2.0,0.5,4.89,0.008792,4.898791999999999,i_Si_e,i_Si_n
6,C,12.0,2.0,0.5416666666666666,4.84,0.008221,4.848221,i_Si_e,i_Si_n
6,C,12.0,2.0,0.5833333333333334,4.8,0.007725,4.807725,i_Si_e,i_Si_n
6,C,12.0,2.0,0.6666666666666666,4.7,0.006902,4.706902,i_Si_e,i_Si_n
6,C,12.0,2.0,0.75,4.61,0.006247,4.616247,i_Si_e,i_Si_n
6,C,12.0,2.0,0.8333333333333334,4.53,0.005713,4.535713,i_Si_e,i_Si_n
6,C,12.0,2.0,0.9166666666666666,4.45,0.005267,4.455267,i_Si_e,i_Si_n
6,C,12.0,2.0,1.0,4.37,0.00489,4.37489,i_Si_e,i_Si_n
6,C,12.0,2.0,1.0833333333333333,4.29,0.004567,4.294567,i_Si_e,i_Si_n
6,C,12.0,2.0,1.1666666666666667,4.22,0.004286,4.224285999999999,i_Si_e,i_Si_n
6,C,12.0,2.0,1.25,4.15,0.004039,4.154039,i_Si_e,i_Si_n
6,C,12.0,2.0,1.3333333333333333,4.08,0.003821,4.083821,i_Si_e,i_Si_n
6,C,12.0,2.0,1.4166666666666667,4.01,0.003627,4.013627,i_Si_e,i_Si_n
6,C,12.0,2.0,1.5,3.95,0.003453,3.953453,i_Si_e,i_Si_n
6,C,12.0,2.0,1.6666666666666667,3.82,0.003152,3.823152,i_Si_e,i_Si_n
6,C,12.0,2.0,1.875,3.67,0.002847,3.672847,i_Si_e,i_Si_n
6,C,12.0,2.0,2.0833333333333335,3.53,0.002598,3.5325979999999997,i_Si_e,i_Si_n
6,C,12.0,2.0,2.2916666666666665,3.38,0.002391,3.3823909999999997,i_Si_e,i_Si_n
6,C,12.0,2.0,2.5,3.23,0.002217,3.232217,i_Si_e,i_Si_n
6,C,12.0,2.0,2.7083333333333335,3.11,0.002067,3.1120669999999997,i_Si_e,i_Si_n
6,C,12.0,2.0,2.9166666666666665,2.99,0.001938,2.991938,i_Si_e,i_Si_n
6,C,12.0,2.0,3.125,2.88,0.001824,2.881824,i_Si_e,i_Si_n
6,C,12.0,2.0,3.3333333333333335,2.77,0.001724,2.771724,i_Si_e,i_Si_n
6,C,12.0,2.0,3.75,2.58,0.001555,2.5815550000000003,i_Si_e,i_Si_n
6,C,12.0,2.0,4.166666666666667,2.42,0.001417,2.421417,i_Si_e,i_Si_n
6,C,12.0,2.0,4.583333333333333,2.27,0.001303,2.271303,i_Si_e,i_Si_n
6,C,12.0,2.0,5.0,2.14,0.001207,2.141207,i_Si_e,i_Si_n
6,C,12.0,2.0,5.416666666666667,2.02,0.001124,2.021124,i_Si_e,i_Si_n
6,C,12.0,2.0,5.833333333333333,1.91,0.001053,1.911053,i_Si_e,i_Si_n
6,C,12.0,2.0,6.666666666666667,1.73,0.0009356,1.7309356,i_Si_e,i_Si_n
6,C,12.0,2.0,7.5,1.58,0.0008428,1.5808428,i_Si_e,i_Si_n
6,C,12.0,2.0,8.333333333333334,1.46,0.0007674,1.4607674,i_Si_e,i_Si_n
6,C,12.0,2.0,9.166666666666666,1.35,0.000705,1.350705,i_Si_e,i_Si_n
6,C,12.0,2.0,10.0,1.26,0.0006524,1.2606524000000001,i_Si_e,i_Si_n
6,C,12.0,2.0,10.833333333333334,1.18,0.0006074,1.1806074,i_Si_e,i_Si_n
6,C,12.0,2.0,11.666666666666666,1.11,0.0005685,1.1105685,i_Si_e,i_Si_n
6,C,12.0,2.0,12.5,1.05,0.0005345,1.0505345000000001,i_Si_e,i_Si_n
6,C,12.0,2.0,13.333333333333334,0.996,0.0005046,0.9965046,i_Si_e,i_Si_n
6,C,12.0,2.0,14.166666666666666,0.949,0.0004779,0.9494779,i_Si_e,i_Si_n
6,C,12.0,2.0,15.0,0.906,0.000454,0.906454,i_Si_e,i_Si_n
6,C,12.0,2.0,16.666666666666668,0.833,0.0004131,0.8334131,i_Si_e,i_Si_n
6,C,12.0,2.0,18.75,0.758,0.0003716,0.7583716,i_Si_e,i_Si_n
6,C,12.0,2.0,20.833333333333332,0.698,0.000338,0.6983379999999999,i_Si_e,i_Si_n
6,C,12.0,2.0,22.916666666666668,0.648,0.0003102,0.6483102000000001,i_Si_e,i_Si_n
6,C,12.0,2.0,25.0,0.605,0.0002868,0.6052868,i_Si_e,i_Si_n
6,C,12.0,2.0,27.083333333333332,0.568,0.0002669,0.5682668999999999,i_Si_e,i_Si_n
6,C,12.0,2.0,29.166666666666668,0.536,0.0002496,0.5362496,i_Si_e,i_Si_n
6,C,12.0,2.0,31.25,0.507,0.0002345,0.5072345,i_Si_e,i_Si_n
6,C,12.0,2.0,33.333333333333336,0.482,0.0002212,0.48222119999999996,i_Si_e,i_Si_n
6,C,12.0,2.0,37.5,0.439,0.0001989,0.4391989,i_Si_e,i_Si_n
6,C,12.0,2.0,41.666666666666664,0.404,0.0001808,0.4041808,i_Si_e,i_Si_n
6,C,12.0,2.0,45.833333333333336,0.374,0.0001658,0.3741658,i_Si_e,i_Si_n
6,C,12.0,2.0,50.0,0.35,0.0001532,0.3501532,i_Si_e,i_Si_n
6,C,12.0,2.0,54.166666666666664,0.328,0.0001425,0.3281425,i_Si_e,i_Si_n
6,C,12.0,2.0,58.333333333333336,0.31,0.0001332,0.3101332,i_Si_e,i_Si_n
6,C,12.0,2.0,66.66666666666667,0.28,0.0001179,0.28011790000000003,i_Si_e,i_Si_n
6,C,12.0,2.0,75.0,0.255,0.0001059,0.2551059,i_Si_e,i_Si_n
6,C,12.0,2.0,83.33333333333333,0.236,9.624e-05,0.23609623999999999,i_Si_e,i_Si_n
6,C,12.0,2.0,91.66666666666667,0.22,8.822e-05,0.22008822,i_Si_e,i_Si_n
6,C,12.0,2.0,100.0,0.206,8.148e-05,0.20608147999999998,i_Si_e,i_Si_n
6,C,12.0,2.0,108.33333333333333,0.194,7.573e-05,0.19407573,i_Si_e,i_Si_n
6,C,12.0,2.0,116.66666666666667,0.184,7.077e-05,0.18407077,i_Si_e,i_Si_n
6,C,12.0,2.0,125.0,0.175,6.644e-05,0.17506644,i_Si_e,i_Si_n
6,C,12.0,2.0,133.33333333333334,0.167,6.263e-05,0.16706263000000002,i_Si_e,i_Si_n
6,C,12.0,2.0,141.66666666666666,0.16,5.925e-05,0.16005925000000001,i_Si_e,i_Si_n
6,C,12.0,2.0,150.0,0.154,5.622e-05,0.15405622,i_Si_e,i_Si_n
6,C,12.0,2.0,166.66666666666666,0.144,5.105e-05,0.14405104999999999,i_Si_e,i_Si_n
6,C,12.0,2.0,187.5,0.133,4.582e-05,0.13304582,i_Si_e,i_Si_n
6,C,12.0,2.0,208.33333333333334,0.124,4.159e-05,0.12404159,i_Si_e,i_Si_n
6,C,12.0,2.0,229.16666666666666,0.117,3.81e-05,0.1170381,i_Si_e,i_Si_n
6,C,12.0,2.0,250.0,0.111,3.517e-05,0.11103517,i_Si_e,i_Si_n
6,C,12.0,2.0,270.8333333333333,0.106,3.267e-05,0.10603267,i_Si_e,i_Si_n
6,C,12.0,2.0,291.6666666666667,0.102,3.052e-05,0.10203052,i_Si_e,i_Si_n
6,C,12.0,2.0,312.5,0.0978,2.864e-05,0.09782864,i_Si_e,i_Si_n
6,C,12.0,2.0,333.3333333333333,0.0945,2.699e-05,0.09452699,i_Si_e,i_Si_n
6,C,12.0,2.0,375.0,0.089,2.421e-05,0.08902420999999999,i_Si_e,i_Si_n
6,C,12.0,2.0,416.6666666666667,0.0846,2.197e-05,0.08462196999999999,i_Si_e,i_Si_n
6,C,12.0,2.0,458.3333333333333,0.081,2.011e-05,0.08102011,i_Si_e,i_Si_n
6,C,12.0,2.0,500.0,0.0781,1.856e-05,0.07811856,i_Si_e,i_Si_n
6,C,12.0,2.0,541.6666666666666,0.0756,1.724e-05,0.07561724,i_Si_e,i_Si_n
6,C,12.0,2.0,583.3333333333334,0.0735,1.61e-05,0.0735161,i_Si_e,i_Si_n
6,C,12.0,2.0,666.6666666666666,0.0702,1.422e-05,0.07021422,i_Si_e,i_Si_n
6,C,12.0,2.0,750.0,0.0677,1.275e-05,0.06771275,i_Si_e,i_Si_n
6,C,12.0,2.0,833.3333333333334,0.0657,1.157e-05,0.06571157,i_Si_e,i_Si_n
6,C,12.0,2.0,916.6666666666666,9.94295258683482e-06,1.059326023301747e-05,2.053621281985229e-05,i_Si_e,i_Si_n
6,C,12.0,2.0,1000.0,9.173541076088092e-06,9.77374686213009e-06,1.8947287938218184e-05,i_Si_e,i_Si_n
6,C,12.0,2.0,1083.3333333333333,8.518439420335929e-06,9.075971737283186e-06,1.7594411157619115e-05,i_Si_e,i_Si_n
6,C,12.0,2.0,1166.6666666666667,7.953692883602805e-06,8.474425444376637e-06,1.642811832797944e-05,i_Si_e,i_Si_n
6,C,12.0,2.0,1250.0,7.461632470749147e-06,7.950291878153183e-06,1.541192434890233e-05,i_Si_e,i_Si_n
6,C,12.0,2.0,1333.3333333333333,7.028935007255857e-06,7.489382628169858e-06,1.4518317635425715e-05,i_Si_e,i_Si_n
6,C,12.0,2.0,1416.6666666666667,6.645361017081428e-06,7.080793053986888e-06,1.3726154071068316e-05,i_Si_e,i_Si_n
6,C,12.0,2.0,1500.0,6.302909020726501e-06,6.716001754288499e-06,1.3018910775015e-05,i_Si_e,i_Si_n
6,C,12.0,2.0,1666.6666666666667,5.717239313577163e-06,6.09211377387195e-06,1.1809353087449112e-05,i_Si_e,i_Si_n
6,C,12.0,2.0,1875.0,5.126699735592815e-06,5.463019960918626e-06,1.0589719696511442e-05,i_Si_e,i_Si_n
6,C,12.0,2.0,2083.3333333333335,4.650324029880789e-06,4.955528656554911e-06,9.6058526864357e-06,i_Si_e,i_Si_n
6,C,12.0,2.0,2291.6666666666665,4.257638245167882e-06,4.537182770186826e-06,8.794821015354708e-06,i_Si_e,i_Si_n
6,C,12.0,2.0,2500.0,3.928171133078344e-06,4.186178276335285e-06,8.114349409413628e-06,i_Si_e,i_Si_n
6,C,12.0,2.0,2708.3333333333335,3.647652259067389e-06,3.887315300794222e-06,7.534967559861612e-06,i_Si_e,i_Si_n
6,C,12.0,2.0,2916.6666666666665,3.405824046308458e-06,3.629667946192433e-06,7.035491992500891e-06,i_Si_e,i_Si_n
6,C,12.0,2.0,3125.0,3.195120513891666e-06,3.405177115830932e-06,6.600297629722598e-06,i_Si_e,i_Si_n
6,C,12.0,2.0,3333.3333333333335,3.009836590120822e-06,3.207765793759742e-06,6.217602383880564e-06,i_Si_e,i_Si_n
6,C,12.0,2.0,3750.0,2.698947447259371e-06,2.876520237757107e-06,5.575467685016479e-06,i_Si_e,i_Si_n
7,N,14.0,2.0,0.07142857142857142,4.71,0.0564,4.7664,i_Si_e,i_Si_n
7,N,14.0,2.0,0.07857142857142858,4.9,0.05245,4.952450000000001,i_Si_e,i_Si_n
7,N,14.0,2.0,0.08571428571428572,5.07,0.04906,5.11906,i_Si_e,i_Si_n
7,N,14.0,2.0,0.09285714285714286,5.21,0.04612,5.25612,i_Si_e,i_Si_n
7,N,14.0,2.0,0.09999999999999999,5.33,0.04355,5.37355,i_Si_e,i_Si_n
7,N,14.0,2.0,0.10714285714285714,5.43,0.04127,5.47127,i_Si_e,i_Si_n
7,N,14.0,2.0,0.1142857142857143,5.52,0.03924,5.55924,i_Si_e,i_Si_n
7,N,14.0,2.0,0.12142857142857143,5.6,0.03742,5.63742,i_Si_e,i_Si_n
7,N,14.0,2.0,0.1285714285714286,5.66,0.03577,5.69577,i_Si_e,i_Si_n
7,N,14.0,2.0,0.14285714285714285,5.77,0.03291,5.80291,i_Si_e,i_Si_n
7,N,14.0,2.0,0.16071428571428573,5.86,0.02997,5.88997,i_Si_e,i_Si_n
7,N,14.0,2.0,0.17857142857142858,5.93,0.02755,5.9575499999999995,i_Si_e,i_Si_n
7,N,14.0,2.0,0.19642857142857142,5.97,0.02552,5.99552,i_Si_e,i_Si_n
7,N,14.0,2.0,0.21428571428571427,6.0,0.02379,6.02379,i_Si_e,i_Si_n
7,N,14.0,2.0,0.23214285714285715,6.02,0.02229,6.0422899999999995,i_Si_e,i_Si_n
7,N,14.0,2.0,0.25,6.03,0.02099,6.0509900000000005,i_Si_e,i_Si_n
7,N,14.0,2.0,0.26785714285714285,6.04,0.01984,6.05984,i_Si_e,i_Si_n
7,N,14.0,2.0,0.2857142857142857,6.04,0.01882,6.05882,i_Si_e,i_Si_n
7,N,14.0,2.0,0.32142857142857145,6.03,0.01709,6.04709,i_Si_e,i_Si_n
7,N,14.0,2.0,0.35714285714285715,6.02,0.01566,6.035659999999999,i_Si_e,i_Si_n
7,N,14.0,2.0,0.39285714285714285,6.0,0.01448,6.01448,i_Si_e,i_Si_n
7,N,14.0,2.0,0.42857142857142855,5.98,0.01347,5.99347,i_Si_e,i_Si_n
7,N,14.0,2.0,0.4642857142857143,5.95,0.0126,5.9626,i_Si_e,i_Si_n
7,N,14.0,2.0,0.5,5.93,0.01184,5.94184,i_Si_e,i_Si_n
7,N,14.0,2.0,0.5714285714285714,5.87,0.01059,5.88059,i_Si_e,i_Si_n
7,N,14.0,2.0,0.6428571428571429,5.82,0.009592,5.829592,i_Si_e,i_Si_n
7,N,14.0,2.0,0.7142857142857143,5.76,0.008776,5.768776,i_Si_e,i_Si_n
7,N,14.0,2.0,0.7857142857142857,5.7,0.008096,5.708096,i_Si_e,i_Si_n
7,N,14.0,2.0,0.8571428571428571,5.64,0.00752,5.64752,i_Si_e,i_Si_n
7,N,14.0,2.0,0.9285714285714286,5.58,0.007025,5.587025,i_Si_e,i_Si_n
7,N,14.0,2.0,1.0,5.52,0.006595,5.5265949999999995,i_Si_e,i_Si_n
7,N,14.0,2.0,1.0714285714285714,5.46,0.006218,5.466218,i_Si_e,i_Si_n
7,N,14.0,2.0,1.1428571428571428,5.39,0.005884,5.395884,i_Si_e,i_Si_n
7,N,14.0,2.0,1.2142857142857142,5.33,0.005586,5.335586,i_Si_e,i_Si_n
7,N,14.0,2.0,1.2857142857142858,5.27,0.005319,5.275319,i_Si_e,i_Si_n
7,N,14.0,2.0,1.4285714285714286,5.15,0.004858,5.154858,i_Si_e,i_Si_n
7,N,14.0,2.0,1.6071428571428572,5.0,0.00439,5.00439,i_Si_e,i_Si_n
7,N,14.0,2.0,1.7857142857142858,4.85,0.004008,4.854007999999999,i_Si_e,i_Si_n
7,N,14.0,2.0,1.9642857142857142,4.71,0.00369,4.71369,i_Si_e,i_Si_n
7,N,14.0,2.0,2.142857142857143,4.57,0.003422,4.573422,i_Si_e,i_Si_n
7,N,14.0,2.0,2.3214285714285716,4.41,0.003192,4.4131920000000004,i_Si_e,i_Si_n
7,N,14.0,2.0,2.5,4.25,0.002993,4.252993,i_Si_e,i_Si_n
7,N,14.0,2.0,2.6785714285714284,4.12,0.002818,4.1228180000000005,i_Si_e,i_Si_n
7,N,14.0,2.0,2.857142857142857,3.99,0.002664,3.9926640000000004,i_Si_e,i_Si_n
7,N,14.0,2.0,3.2142857142857144,3.75,0.002403,3.752403,i_Si_e,i_Si_n
7,N,14.0,2.0,3.5714285714285716,3.54,0.002192,3.542192,i_Si_e,i_Si_n
7,N,14.0,2.0,3.9285714285714284,3.35,0.002016,3.352016,i_Si_e,i_Si_n
7,N,14.0,2.0,4.285714285714286,3.17,0.001867,3.1718669999999998,i_Si_e,i_Si_n
7,N,14.0,2.0,4.642857142857143,3.01,0.00174,3.0117399999999996,i_Si_e,i_Si_n
7,N,14.0,2.0,5.0,2.87,0.00163,2.87163,i_Si_e,i_Si_n
7,N,14.0,2.0,5.714285714285714,2.62,0.001449,2.621449,i_Si_e,i_Si_n
7,N,14.0,2.0,6.428571428571429,2.41,0.001306,2.411306,i_Si_e,i_Si_n
7,N,14.0,2.0,7.142857142857143,2.23,0.001189,2.231189,i_Si_e,i_Si_n
7,N,14.0,2.0,7.857142857142857,2.08,0.001093,2.081093,i_Si_e,i_Si_n
7,N,14.0,2.0,8.571428571428571,1.94,0.001012,1.941012,i_Si_e,i_Si_n
7,N,14.0,2.0,9.285714285714286,1.83,0.0009421,1.8309421000000001,i_Si_e,i_Si_n
7,N,14.0,2.0,10.0,1.73,0.0008819,1.7308819,i_Si_e,i_Si_n
7,N,14.0,2.0,10.714285714285714,1.64,0.0008293,1.6408292999999998,i_Si_e,i_Si_n
7,N,14.0,2.0,11.428571428571429,1.56,0.0007829,1.5607829,i_Si_e,i_Si_n
7,N,14.0,2.0,12.142857142857142,1.48,0.0007417,1.4807417,i_Si_e,i_Si_n
7,N,14.0,2.0,12.857142857142858,1.42,0.0007048,1.4207048,i_Si_e,i_Si_n
7,N,14.0,2.0,14.285714285714286,1.31,0.0006414,1.3106414,i_Si_e,i_Si_n
7,N,14.0,2.0,16.071428571428573,1.19,0.0005772,1.1905772,i_Si_e,i_Si_n
7,N,14.0,2.0,17.857142857142858,1.1,0.0005251,1.1005251,i_Si_e,i_Si_n
7,N,14.0,2.0,19.642857142857142,1.02,0.000482,1.0204820000000001,i_Si_e,i_Si_n
7,N,14.0,2.0,21.428571428571427,0.949,0.0004458,0.9494458,i_Si_e,i_Si_n
7,N,14.0,2.0,23.214285714285715,0.89,0.0004148,0.8904148000000001,i_Si_e,i_Si_n
7,N,14.0,2.0,25.0,0.839,0.000388,0.839388,i_Si_e,i_Si_n
7,N,14.0,2.0,26.785714285714285,0.795,0.0003646,0.7953646000000001,i_Si_e,i_Si_n
7,N,14.0,2.0,28.571428571428573,0.755,0.000344,0.755344,i_Si_e,i_Si_n
7,N,14.0,2.0,32.142857142857146,0.687,0.0003093,0.6873093,i_Si_e,i_Si_n
7,N,14.0,2.0,35.714285714285715,0.632,0.0002812,0.6322812,i_Si_e,i_Si_n
7,N,14.0,2.0,39.285714285714285,0.586,0.000258,0.586258,i_Si_e,i_Si_n
7,N,14.0,2.0,42.857142857142854,0.547,0.0002384,0.5472384,i_Si_e,i_Si_n
7,N,14.0,2.0,46.42857142857143,0.514,0.0002217,0.5142217,i_Si_e,i_Si_n
7,N,14.0,2.0,50.0,0.485,0.0002073,0.4852073,i_Si_e,i_Si_n
7,N,14.0,2.0,57.142857142857146,0.437,0.0001836,0.4371836,i_Si_e,i_Si_n
7,N,14.0,2.0,64.28571428571429,0.399,0.000165,0.39916500000000005,i_Si_e,i_Si_n
7,N,14.0,2.0,71.42857142857143,0.368,0.0001499,0.3681499,i_Si_e,i_Si_n
7,N,14.0,2.0,78.57142857142857,0.342,0.0001374,0.34213740000000004,i_Si_e,i_Si_n
7,N,14.0,2.0,85.71428571428571,0.32,0.000127,0.320127,i_Si_e,i_Si_n
7,N,14.0,2.0,92.85714285714286,0.301,0.000118,0.301118,i_Si_e,i_Si_n
7,N,14.0,2.0,100.0,0.285,0.0001103,0.2851103,i_Si_e,i_Si_n
7,N,14.0,2.0,107.14285714285714,0.271,0.0001036,0.2711036,i_Si_e,i_Si_n
7,N,14.0,2.0,114.28571428571429,0.259,9.764e-05,0.25909764,i_Si_e,i_Si_n
7,N,14.0,2.0,121.42857142857143,0.248,9.237e-05,0.24809237,i_Si_e,i_Si_n
7,N,14.0,2.0,128.57142857142858,0.238,8.767e-05,0.23808767,i_Si_e,i_Si_n
7,N,14.0,2.0,142.85714285714286,0.221,7.961e-05,0.22107961,i_Si_e,i_Si_n
7,N,14.0,2.0,160.71428571428572,0.204,7.146e-05,0.20407145999999998,i_Si_e,i_Si_n
7,N,14.0,2.0,178.57142857142858,0.19,6.488e-05,0.19006488,i_Si_e,i_Si_n
7,N,14.0,2.0,196.42857142857142,0.178,5.945e-05,0.17805944999999998,i_Si_e,i_Si_n
7,N,14.0,2.0,214.28571428571428,0.169,5.488e-05,0.16905488000000002,i_Si_e,i_Si_n
7,N,14.0,2.0,232.14285714285714,0.161,5.099e-05,0.16105099,i_Si_e,i_Si_n
7,N,14.0,2.0,250.0,0.154,4.763e-05,0.15404763,i_Si_e,i_Si_n
7,N,14.0,2.0,267.85714285714283,0.148,4.471e-05,0.14804471,i_Si_e,i_Si_n
7,N,14.0,2.0,285.7142857142857,0.142,4.213e-05,0.14204213,i_Si_e,i_Si_n
7,N,14.0,2.0,321.42857142857144,0.133,3.78e-05,0.1330378,i_Si_e,i_Si_n
7,N,14.0,2.0,357.14285714285717,0.126,3.43e-05,0.1260343,i_Si_e,i_Si_n
7,N,14.0,2.0,392.85714285714283,0.12,3.141e-05,0.12003140999999999,i_Si_e,i_Si_n
7,N,14.0,2.0,428.57142857142856,0.116,2.899e-05,0.11602899000000001,i_Si_e,i_Si_n
7,N,14.0,2.0,464.2857142857143,0.111,2.693e-05,0.11102693,i_Si_e,i_Si_n
7,N,14.0,2.0,500.0,0.108,2.514e-05,0.10802514,i_Si_e,i_Si_n
7,N,14.0,2.0,571.4285714285714,0.102,2.223e-05,0.10202222999999999,i_Si_e,i_Si_n
7,N,14.0,2.0,642.8571428571429,0.0982,1.993e-05,0.09821993,i_Si_e,i_Si_n
7,N,14.0,2.0,714.2857142857143,0.0949,1.808e-05,0.09491808,i_Si_e,i_Si_n
7,N,14.0,2.0,785.7142857142857,1.554785532283474e-05,1.655588063876758e-05,3.210373596160232e-05,i_Si_e,i_Si_n
7,N,14.0,2.0,857.1428571428571,1.434614706874499e-05,1.527693732501839e-05,2.962308439376338e-05,i_Si_e,i_Si_n
7,N,14.0,2.0,928.5714285714286,1.332287640090167e-05,1.418785364744296e-05,2.7510730048344632e-05,i_Si_e,i_Si_n
7,N,14.0,2.0,1000.0,1.244066298292889e-05,1.324886265606218e-05,2.568952563899107e-05,i_Si_e,i_Si_n
7,N,14.0,2.0,1071.4285714285713,1.167193265175803e-05,1.243062850291419e-05,2.410256115467222e-05,i_Si_e,i_Si_n
7,N,14.0,2.0,1142.857142857143,1.099589159860886e-05,1.171102807080417e-05,2.2706919669413028e-05,i_Si_e,i_Si_n
7,N,14.0,2.0,1214.2857142857142,1.03965575902763e-05,1.10730568303212e-05,2.14696144205975e-05,i_Si_e,i_Si_n
7,N,14.0,2.0,1285.7142857142858,9.861440659517521e-06,1.050342547287649e-05,2.0364866132394013e-05,i_Si_e,i_Si_n
7,N,14.0,2.0,1428.5714285714287,8.946186426919336e-06,9.52909842059534e-06,1.8475284847514677e-05,i_Si_e,i_Si_n
7,N,14.0,2.0,1607.142857142857,8.023204465675828e-06,8.546489213355236e-06,1.6569693679031063e-05,i_Si_e,i_Si_n
7,N,14.0,2.0,1785.7142857142858,7.278559529935794e-06,7.75369302851967e-06,1.5032252558455463e-05,i_Si_e,i_Si_n
7,N,14.0,2.0,1964.2857142857142,6.664663753243898e-06,7.100067272666796e-06,1.3764731025910694e-05,i_Si_e,i_Si_n
7,N,14.0,2.0,2142.8571428571427,6.149545669321212e-06,6.551586417816746e-06,1.2701132087137959e-05,i_Si_e,i_Si_n
7,N,14.0,2.0,2321.4285714285716,5.7109157240247e-06,6.084527760831612e-06,1.1795443484856313e-05,i_Si_e,i_Si_n
7,N,14.0,2.0,2500.0,5.33275065448272e-06,5.681837058192691e-06,1.1014587712675411e-05,i_Si_e,i_Si_n
7,N,14.0,2.0,2678.5714285714284,5.003230661673864e-06,5.33093349353781e-06,1.0334164155211674e-05,i_Si_e,i_Si_n
7,N,14.0,2.0,2857.1428571428573,4.71344237839785e-06,5.022329464015066e-06,9.735771842412916e-06,i_Si_e,i_Si_n
7,N,14.0,2.0,3214.285714285714,4.227154469448025e-06,4.504443410653666e-06,8.731597880101691e-06,i_Si_e,i_Si_n
8,O,16.0,2.0,0.0625,4.61,0.08022,4.69022,i_Si_e,i_Si_n
8,O,16.0,2.0,0.06875,4.87,0.07468,4.94468,i_Si_e,i_Si_n
8,O,16.0,2.0,0.075,5.1,0.06992,5.169919999999999,i_Si_e,i_Si_n
8,O,16.0,2.0,0.08125,5.32,0.06579,5.38579,i_Si_e,i_Si_n
8,O,16.0,2.0,0.0875,5.51,0.06216,5.57216,i_Si_e,i_Si_n
8,O,16.0,2.0,0.09375,5.69,0.05895,5.748950000000001,i_Si_e,i_Si_n
8,O,16.0,2.0,0.1,5.85,0.05608,5.906079999999999,i_Si_e,i_Si_n
8,O,16.0,2.0,0.10625,5.99,0.05351,6.04351,i_Si_e,i_Si_n
8,O,16.0,2.0,0.1125,6.12,0.05118,6.17118,i_Si_e,i_Si_n
8,O,16.0,2.0,0.125,6.34,0.04713,6.38713,i_Si_e,i_Si_n
8,O,16.0,2.0,0.140625,6.56,0.04296,6.6029599999999995,i_Si_e,i_Si_n
8,O,16.0,2.0,0.15625,6.73,0.03952,6.76952,i_Si_e,i_Si_n
8,O,16.0,2.0,0.171875,6.85,0.03663,6.886629999999999,i_Si_e,i_Si_n
8,O,16.0,2.0,0.1875,6.95,0.03417,6.98417,i_Si_e,i_Si_n
8,O,16.0,2.0,0.203125,7.02,0.03204,7.05204,i_Si_e,i_Si_n
8,O,16.0,2.0,0.21875,7.07,0.03019,7.1001900000000004,i_Si_e,i_Si_n
8,O,16.0,2.0,0.234375,7.11,0.02855,7.13855,i_Si_e,i_Si_n
8,O,16.0,2.0,0.25,7.14,0.02709,7.16709,i_Si_e,i_Si_n
8,O,16.0,2.0,0.28125,7.16,0.02461,7.18461,i_Si_e,i_Si_n
8,O,16.0,2.0,0.3125,7.17,0.02258,7.1925799999999995,i_Si_e,i_Si_n
8,O,16.0,2.0,0.34375,7.15,0.02088,7.17088,i_Si_e,i_Si_n
8,O,16.0,2.0,0.375,7.13,0.01944,7.14944,i_Si_e,i_Si_n
8,O,16.0,2.0,0.40625,7.1,0.01819,7.118189999999999,i_Si_e,i_Si_n
8,O,16.0,2.0,0.4375,7.07,0.01711,7.08711,i_Si_e,i_Si_n
8,O,16.0,2.0,0.5,7.0,0.01531,7.01531,i_Si_e,i_Si_n
8,O,16.0,2.0,0.5625,6.93,0.01387,6.9438699999999995,i_Si_e,i_Si_n
8,O,16.0,2.0,0.625,6.86,0.0127,6.8727,i_Si_e,i_Si_n
8,O,16.0,2.0,0.6875,6.79,0.01172,6.80172,i_Si_e,i_Si_n
8,O,16.0,2.0,0.75,6.72,0.01089,6.73089,i_Si_e,i_Si_n
8,O,16.0,2.0,0.8125,6.66,0.01018,6.67018,i_Si_e,i_Si_n
8,O,16.0,2.0,0.875,6.59,0.009558,6.599558,i_Si_e,i_Si_n
8,O,16.0,2.0,0.9375,6.53,0.009014,6.539014,i_Si_e,i_Si_n
8,O,16.0,2.0,1.0,6.47,0.008533,6.478533,i_Si_e,i_Si_n
8,O,16.0,2.0,1.0625,6.41,0.008103,6.418103,i_Si_e,i_Si_n
8,O,16.0,2.0,1.125,6.35,0.007717,6.357717,i_Si_e,i_Si_n
8,O,16.0,2.0,1.25,6.23,0.007052,6.237052,i_Si_e,i_Si_n
8,O,16.0,2.0,1.40625,6.09,0.006375,6.096375,i_Si_e,i_Si_n
8,O,16.0,2.0,1.5625,5.96,0.005822,5.965822,i_Si_e,i_Si_n
8,O,16.0,2.0,1.71875,5.83,0.005363,5.835363,i_Si_e,i_Si_n
8,O,16.0,2.0,1.875,5.7,0.004975,5.704975,i_Si_e,i_Si_n
8,O,16.0,2.0,2.03125,5.57,0.004642,5.574642,i_Si_e,i_Si_n
8,O,16.0,2.0,2.1875,5.44,0.004353,5.444353,i_Si_e,i_Si_n
8,O,16.0,2.0,2.34375,5.28,0.0041,5.2841000000000005,i_Si_e,i_Si_n
8,O,16.0,2.0,2.5,5.14,0.003876,5.143876,i_Si_e,i_Si_n
8,O,16.0,2.0,2.8125,4.89,0.003499,4.893498999999999,i_Si_e,i_Si_n
8,O,16.0,2.0,3.125,4.66,0.003191,4.663191,i_Si_e,i_Si_n
8,O,16.0,2.0,3.4375,4.45,0.002936,4.452936,i_Si_e,i_Si_n
8,O,16.0,2.0,3.75,4.25,0.002721,4.252721,i_Si_e,i_Si_n
8,O,16.0,2.0,4.0625,4.07,0.002536,4.072536,i_Si_e,i_Si_n
8,O,16.0,2.0,4.375,3.9,0.002376,3.902376,i_Si_e,i_Si_n
8,O,16.0,2.0,5.0,3.6,0.002113,3.602113,i_Si_e,i_Si_n
8,O,16.0,2.0,5.625,3.33,0.001905,3.331905,i_Si_e,i_Si_n
8,O,16.0,2.0,6.25,3.11,0.001735,3.111735,i_Si_e,i_Si_n
8,O,16.0,2.0,6.875,2.91,0.001595,2.911595,i_Si_e,i_Si_n
8,O,16.0,2.0,7.5,2.74,0.001477,2.741477,i_Si_e,i_Si_n
8,O,16.0,2.0,8.125,2.58,0.001376,2.581376,i_Si_e,i_Si_n
8,O,16.0,2.0,8.75,2.45,0.001288,2.4512880000000004,i_Si_e,i_Si_n
8,O,16.0,2.0,9.375,2.33,0.001211,2.331211,i_Si_e,i_Si_n
8,O,16.0,2.0,10.0,2.22,0.001144,2.2211440000000002,i_Si_e,i_Si_n
8,O,16.0,2.0,10.625,2.12,0.001084,2.121084,i_Si_e,i_Si_n
8,O,16.0,2.0,11.25,2.03,0.00103,2.03103,i_Si_e,i_Si_n
8,O,16.0,2.0,12.5,1.88,0.0009374,1.8809373999999999,i_Si_e,i_Si_n
8,O,16.0,2.0,14.0625,1.72,0.0008438,1.7208438,i_Si_e,i_Si_n
8,O,16.0,2.0,15.625,1.59,0.0007679,1.5907679000000001,i_Si_e,i_Si_n
8,O,16.0,2.0,17.1875,1.48,0.000705,1.480705,i_Si_e,i_Si_n
8,O,16.0,2.0,18.75,1.39,0.0006521,1.3906520999999998,i_Si_e,i_Si_n
8,O,16.0,2.0,20.3125,1.31,0.0006069,1.3106069,i_Si_e,i_Si_n
8,O,16.0,2.0,21.875,1.24,0.0005678,1.2405678,i_Si_e,i_Si_n
8,O,16.0,2.0,23.4375,1.17,0.0005336,1.1705336,i_Si_e,i_Si_n
8,O,16.0,2.0,25.0,1.11,0.0005035,1.1105035,i_Si_e,i_Si_n
8,O,16.0,2.0,28.125,1.0,0.0004528,1.0004528,i_Si_e,i_Si_n
8,O,16.0,2.0,31.25,0.914,0.0004118,0.9144118,i_Si_e,i_Si_n
8,O,16.0,2.0,34.375,0.848,0.0003778,0.8483778,i_Si_e,i_Si_n
8,O,16.0,2.0,37.5,0.792,0.0003492,0.7923492000000001,i_Si_e,i_Si_n
8,O,16.0,2.0,40.625,0.743,0.0003248,0.7433248,i_Si_e,i_Si_n
8,O,16.0,2.0,43.75,0.701,0.0003038,0.7013037999999999,i_Si_e,i_Si_n
8,O,16.0,2.0,50.0,0.632,0.0002691,0.6322691,i_Si_e,i_Si_n
8,O,16.0,2.0,56.25,0.576,0.0002418,0.5762417999999999,i_Si_e,i_Si_n
8,O,16.0,2.0,62.5,0.531,0.0002198,0.5312198,i_Si_e,i_Si_n
8,O,16.0,2.0,68.75,0.494,0.0002015,0.4942015,i_Si_e,i_Si_n
8,O,16.0,2.0,75.0,0.462,0.0001862,0.46218620000000005,i_Si_e,i_Si_n
8,O,16.0,2.0,81.25,0.435,0.0001731,0.4351731,i_Si_e,i_Si_n
8,O,16.0,2.0,87.5,0.411,0.0001618,0.41116179999999997,i_Si_e,i_Si_n
8,O,16.0,2.0,93.75,0.391,0.0001519,0.3911519,i_Si_e,i_Si_n
8,O,16.0,2.0,100.0,0.373,0.0001432,0.3731432,i_Si_e,i_Si_n
8,O,16.0,2.0,106.25,0.356,0.0001355,0.3561355,i_Si_e,i_Si_n
8,O,16.0,2.0,112.5,0.342,0.0001286,0.3421286,i_Si_e,i_Si_n
8,O,16.0,2.0,125.0,0.317,0.0001168,0.3171168,i_Si_e,i_Si_n
8,O,16.0,2.0,140.625,0.292,0.0001049,0.2921049,i_Si_e,i_Si_n
8,O,16.0,2.0,156.25,0.271,9.525e-05,0.27109525,i_Si_e,i_Si_n
8,O,16.0,2.0,171.875,0.255,8.728e-05,0.25508728,i_Si_e,i_Si_n
8,O,16.0,2.0,187.5,0.24,8.059e-05,0.24008058999999998,i_Si_e,i_Si_n
8,O,16.0,2.0,203.125,0.228,7.488e-05,0.22807488,i_Si_e,i_Si_n
8,O,16.0,2.0,218.75,0.218,6.996e-05,0.21806996,i_Si_e,i_Si_n
8,O,16.0,2.0,234.375,0.209,6.566e-05,0.20906566,i_Si_e,i_Si_n
8,O,16.0,2.0,250.0,0.201,6.188e-05,0.20106188,i_Si_e,i_Si_n
8,O,16.0,2.0,281.25,0.188,5.553e-05,0.18805553,i_Si_e,i_Si_n
8,O,16.0,2.0,312.5,0.177,5.04e-05,0.1770504,i_Si_e,i_Si_n
8,O,16.0,2.0,343.75,0.168,4.616e-05,0.16804616,i_Si_e,i_Si_n
8,O,16.0,2.0,375.0,0.161,4.261e-05,0.16104261,i_Si_e,i_Si_n
8,O,16.0,2.0,406.25,0.155,3.957e-05,0.15503957,i_Si_e,i_Si_n
8,O,16.0,2.0,437.5,0.15,3.696e-05,0.15003696,i_Si_e,i_Si_n
8,O,16.0,2.0,500.0,0.141,3.267e-05,0.14103267,i_Si_e,i_Si_n
8,O,16.0,2.0,562.5,0.135,2.93e-05,0.13502930000000002,i_Si_e,i_Si_n
8,O,16.0,2.0,625.0,0.13,2.658e-05,0.13002658,i_Si_e,i_Si_n
8,O,16.0,2.0,687.5,2.285637438945539e-05,2.434073958871205e-05,4.719711397816744e-05,i_Si_e,i_Si_n
8,O,16.0,2.0,750.0,2.109111191844567e-05,2.24615924122346e-05,4.355270433068027e-05,i_Si_e,i_Si_n
8,O,16.0,2.0,812.5,1.958787632800375e-05,2.086132477262088e-05,4.044920110062463e-05,i_Si_e,i_Si_n
8,O,16.0,2.0,875.0,1.829178850726901e-05,1.948153481181932e-05,3.777332331908833e-05,i_Si_e,i_Si_n
8,O,16.0,2.0,937.5,1.716236377616629e-05,1.82791377945673e-05,3.544150157073359e-05,i_Si_e,i_Si_n
8,O,16.0,2.0,1000.0,1.616907084608974e-05,1.722164070591478e-05,3.339071155200452e-05,i_Si_e,i_Si_n
8,O,16.0,2.0,1062.5,1.528844206059878e-05,1.628406737088901e-05,3.1572509431487786e-05,i_Si_e,i_Si_n
8,O,16.0,2.0,1125.0,1.450213682645034e-05,1.544689777233417e-05,2.994903459878451e-05,i_Si_e,i_Si_n
8,O,16.0,2.0,1250.0,1.315717620086706e-05,1.401488984995024e-05,2.71720660508173e-05,i_Si_e,i_Si_n
8,O,16.0,2.0,1406.25,1.180075041608434e-05,1.257061243464177e-05,2.437136285072611e-05,i_Si_e,i_Si_n
8,O,16.0,2.0,1562.5,1.070632241199729e-05,1.140525115233523e-05,2.211157356433252e-05,i_Si_e,i_Si_n
8,O,16.0,2.0,1718.75,9.80399492719661e-06,1.04444036208747e-05,2.024839854807131e-05,i_Si_e,i_Si_n
8,O,16.0,2.0,1875.0,9.046804656506337e-06,9.63807760507608e-06,1.8684882261582418e-05,i_Si_e,i_Si_n
8,O,16.0,2.0,2031.25,8.402007986135335e-06,8.951416418441443e-06,1.7353424404576778e-05,i_Si_e,i_Si_n
8,O,16.0,2.0,2187.5,7.846065114218317e-06,8.359360322112903e-06,1.6205425436331222e-05,i_Si_e,i_Si_n
8,O,16.0,2.0,2343.75,7.361610574503997e-06,7.843422023897024e-06,1.520503259840102e-05,i_Si_e,i_Si_n
8,O,16.0,2.0,2500.0,6.935548300507319e-06,7.389659048391182e-06,1.43252073488985e-05,i_Si_e,i_Si_n
8,O,16.0,2.0,2812.5,6.220534957006289e-06,6.628132002179042e-06,1.2848666959185332e-05,i_Si_e,i_Si_n
10,Ne,20.0,2.0,0.05,4.68,0.1435,4.8235,i_Si_e,i_Si_n
10,Ne,20.0,2.0,0.05500000000000001,4.96,0.1339,5.0939,i_Si_e,i_Si_n
10,Ne,20.0,2.0,0.06,5.21,0.1256,5.3356,i_Si_e,i_Si_n
10,Ne,20.0,2.0,0.065,5.43,0.1183,5.548299999999999,i_Si_e,i_Si_n
10,Ne,20.0,2.0,0.06999999999999999,5.64,0.112,5.752,i_Si_e,i_Si_n
10,Ne,20.0,2.0,0.075,5.82,0.1063,5.9263,i_Si_e,i_Si_n
10,Ne,20.0,2.0,0.08,6.0,0.1013,6.1013,i_Si_e,i_Si_n
10,Ne,20.0,2.0,0.08499999999999999,6.15,0.09671,6.24671,i_Si_e,i_Si_n
10,Ne,20.0,2.0,0.09,6.3,0.0926,6.3926,i_Si_e,i_Si_n
10,Ne,20.0,2.0,0.1,6.56,0.08542,6.64542,i_Si_e,i_Si_n
10,Ne,20.0,2.0,0.1125,6.83,0.07801,6.90801,i_Si_e,i_Si_n
10,Ne,20.0,2.0,0.125,7.06,0.07188,7.13188,i_Si_e,i_Si_n
10,Ne,20.0,2.0,0.1375,7.26,0.06672,7.32672,i_Si_e,i_Si_n
10,Ne,20.0,2.0,0.15,7.43,0.06231,7.49231,i_Si_e,i_Si_n
10,Ne,20.0,2.0,0.1625,7.58,0.05849,7.63849,i_Si_e,i_Si_n
10,Ne,20.0,2.0,0.175,7.71,0.05516,7.76516,i_Si_e,i_Si_n
10,Ne,20.0,2.0,0.1875,7.82,0.05221,7.87221,i_Si_e,i_Si_n
10,Ne,20.0,2.0,0.2,7.93,0.04959,7.97959,i_Si_e,i_Si_n
10,Ne,20.0,2.0,0.225,8.1,0.04512,8.14512,i_Si_e,i_Si_n
10,Ne,20.0,2.0,0.25,8.24,0.04144,8.28144,i_Si_e,i_Si_n
10,Ne,20.0,2.0,0.275,8.36,0.03836,8.39836,i_Si_e,i_Si_n
10,Ne,20.0,2.0,0.3,8.46,0.03574,8.495740000000001,i_Si_e,i_Si_n
10,Ne,20.0,2.0,0.325,8.54,0.03348,8.57348,i_Si_e,i_Si_n
10,Ne,20.0,2.0,0.35,8.61,0.03151,8.64151,i_Si_e,i_Si_n
10,Ne,20.0,2.0,0.4,8.72,0.02824,8.748240000000001,i_Si_e,i_Si_n
10,Ne,20.0,2.0,0.45,8.8,0.02562,8.82562,i_Si_e,i_Si_n
10,Ne,20.0,2.0,0.5,8.86,0.02347,8.883469999999999,i_Si_e,i_Si_n
10,Ne,20.0,2.0,0.55,8.9,0.02168,8.92168,i_Si_e,i_Si_n
10,Ne,20.0,2.0,0.6,8.93,0.02016,8.95016,i_Si_e,i_Si_n
10,Ne,20.0,2.0,0.65,8.94,0.01886,8.95886,i_Si_e,i_Si_n
10,Ne,20.0,2.0,0.7,8.95,0.01772,8.96772,i_Si_e,i_Si_n
10,Ne,20.0,2.0,0.75,8.95,0.01672,8.966719999999999,i_Si_e,i_Si_n
10,Ne,20.0,2.0,0.8,8.94,0.01584,8.95584,i_Si_e,i_Si_n
10,Ne,20.0,2.0,0.85,8.93,0.01505,8.94505,i_Si_e,i_Si_n
10,Ne,20.0,2.0,0.9,8.91,0.01434,8.92434,i_Si_e,i_Si_n
10,Ne,20.0,2.0,1.0,8.86,0.01311,8.873109999999999,i_Si_e,i_Si_n
10,Ne,20.0,2.0,1.125,8.79,0.01186,8.80186,i_Si_e,i_Si_n
10,Ne,20.0,2.0,1.25,8.7,0.01084,8.71084,i_Si_e,i_Si_n
10,Ne,20.0,2.0,1.375,8.6,0.009994,8.609994,i_Si_e,i_Si_n
10,Ne,20.0,2.0,1.5,8.49,0.009275,8.499275,i_Si_e,i_Si_n
10,Ne,20.0,2.0,1.625,8.38,0.008659,8.388659,i_Si_e,i_Si_n
10,Ne,20.0,2.0,1.75,8.27,0.008124,8.278124,i_Si_e,i_Si_n
10,Ne,20.0,2.0,1.875,8.15,0.007656,8.157656000000001,i_Si_e,i_Si_n
10,Ne,20.0,2.0,2.0,8.04,0.007241,8.047241,i_Si_e,i_Si_n
10,Ne,20.0,2.0,2.25,7.78,0.00654,7.7865400000000005,i_Si_e,i_Si_n
10,Ne,20.0,2.0,2.5,7.48,0.005969,7.485969000000001,i_Si_e,i_Si_n
10,Ne,20.0,2.0,2.75,7.22,0.005495,7.225495,i_Si_e,i_Si_n
10,Ne,20.0,2.0,3.0,6.98,0.005094,6.985094,i_Si_e,i_Si_n
10,Ne,20.0,2.0,3.25,6.75,0.004751,6.754751,i_Si_e,i_Si_n
10,Ne,20.0,2.0,3.5,6.53,0.004453,6.534453,i_Si_e,i_Si_n
10,Ne,20.0,2.0,4.0,6.13,0.003962,6.1339619999999995,i_Si_e,i_Si_n
10,Ne,20.0,2.0,4.5,5.77,0.003573,5.773573,i_Si_e,i_Si_n
10,Ne,20.0,2.0,5.0,5.44,0.003258,5.443258,i_Si_e,i_Si_n
10,Ne,20.0,2.0,5.5,5.15,0.002996,5.152996000000001,i_Si_e,i_Si_n
10,Ne,20.0,2.0,6.0,4.88,0.002774,4.8827739999999995,i_Si_e,i_Si_n
10,Ne,20.0,2.0,6.5,4.64,0.002585,4.6425849999999995,i_Si_e,i_Si_n
10,Ne,20.0,2.0,7.0,4.42,0.002421,4.422421,i_Si_e,i_Si_n
10,Ne,20.0,2.0,7.5,4.22,0.002278,4.222277999999999,i_Si_e,i_Si_n
10,Ne,20.0,2.0,8.0,4.04,0.002152,4.042152,i_Si_e,i_Si_n
10,Ne,20.0,2.0,8.5,3.87,0.002039,3.872039,i_Si_e,i_Si_n
10,Ne,20.0,2.0,9.0,3.72,0.001938,3.721938,i_Si_e,i_Si_n
10,Ne,20.0,2.0,10.0,3.44,0.001765,3.4417649999999997,i_Si_e,i_Si_n
10,Ne,20.0,2.0,11.25,3.15,0.00159,3.15159,i_Si_e,i_Si_n
10,Ne,20.0,2.0,12.5,2.91,0.001447,2.9114470000000003,i_Si_e,i_Si_n
10,Ne,20.0,2.0,13.75,2.7,0.001329,2.7013290000000003,i_Si_e,i_Si_n
10,Ne,20.0,2.0,15.0,2.52,0.00123,2.52123,i_Si_e,i_Si_n
10,Ne,20.0,2.0,16.25,2.36,0.001145,2.361145,i_Si_e,i_Si_n
10,Ne,20.0,2.0,17.5,2.22,0.001071,2.2210710000000002,i_Si_e,i_Si_n
10,Ne,20.0,2.0,18.75,2.1,0.001007,2.101007,i_Si_e,i_Si_n
10,Ne,20.0,2.0,20.0,2.0,0.0009506,2.0009506,i_Si_e,i_Si_n
10,Ne,20.0,2.0,22.5,1.82,0.0008552,1.8208552,i_Si_e,i_Si_n
10,Ne,20.0,2.0,25.0,1.67,0.0007779,1.6707779,i_Si_e,i_Si_n
10,Ne,20.0,2.0,27.5,1.56,0.000714,1.5607140000000002,i_Si_e,i_Si_n
10,Ne,20.0,2.0,30.0,1.47,0.0006602,1.4706602,i_Si_e,i_Si_n
10,Ne,20.0,2.0,32.5,1.38,0.0006142,1.3806142,i_Si_e,i_Si_n
10,Ne,20.0,2.0,35.0,1.3,0.0005745,1.3005745,i_Si_e,i_Si_n
10,Ne,20.0,2.0,40.0,1.17,0.0005092,1.1705092,i_Si_e,i_Si_n
10,Ne,20.0,2.0,45.0,1.07,0.0004578,1.0704578,i_Si_e,i_Si_n
10,Ne,20.0,2.0,50.0,0.982,0.0004161,0.9824161,i_Si_e,i_Si_n
10,Ne,20.0,2.0,55.0,0.912,0.0003817,0.9123817000000001,i_Si_e,i_Si_n
10,Ne,20.0,2.0,60.0,0.852,0.0003527,0.8523527,i_Si_e,i_Si_n
10,Ne,20.0,2.0,65.0,0.801,0.000328,0.801328,i_Si_e,i_Si_n
10,Ne,20.0,2.0,70.0,0.757,0.0003066,0.7573066,i_Si_e,i_Si_n
10,Ne,20.0,2.0,75.0,0.718,0.000288,0.7182879999999999,i_Si_e,i_Si_n
10,Ne,20.0,2.0,80.0,0.684,0.0002716,0.6842716000000001,i_Si_e,i_Si_n
10,Ne,20.0,2.0,85.0,0.653,0.000257,0.653257,i_Si_e,i_Si_n
10,Ne,20.0,2.0,90.0,0.626,0.000244,0.626244,i_Si_e,i_Si_n
10,Ne,20.0,2.0,100.0,0.579,0.0002216,0.5792216,i_Si_e,i_Si_n
10,Ne,20.0,2.0,112.5,0.531,0.000199,0.531199,i_Si_e,i_Si_n
10,Ne,20.0,2.0,125.0,0.492,0.0001808,0.4921808,i_Si_e,i_Si_n
10,Ne,20.0,2.0,137.5,0.46,0.0001657,0.4601657,i_Si_e,i_Si_n
10,Ne,20.0,2.0,150.0,0.433,0.000153,0.433153,i_Si_e,i_Si_n
10,Ne,20.0,2.0,162.5,0.41,0.0001422,0.41014219999999996,i_Si_e,i_Si_n
10,Ne,20.0,2.0,175.0,0.391,0.0001329,0.3911329,i_Si_e,i_Si_n
10,Ne,20.0,2.0,187.5,0.373,0.0001248,0.3731248,i_Si_e,i_Si_n
10,Ne,20.0,2.0,200.0,0.358,0.0001176,0.3581176,i_Si_e,i_Si_n
10,Ne,20.0,2.0,225.0,0.333,0.0001055,0.3331055,i_Si_e,i_Si_n
10,Ne,20.0,2.0,250.0,0.312,9.581e-05,0.31209581,i_Si_e,i_Si_n
10,Ne,20.0,2.0,275.0,0.295,8.778e-05,0.29508777999999997,i_Si_e,i_Si_n
10,Ne,20.0,2.0,300.0,0.281,8.103e-05,0.28108103,i_Si_e,i_Si_n
10,Ne,20.0,2.0,325.0,0.269,7.528e-05,0.26907528000000003,i_Si_e,i_Si_n
10,Ne,20.0,2.0,350.0,0.259,7.032e-05,0.25907032,i_Si_e,i_Si_n
10,Ne,20.0,2.0,400.0,0.242,6.218e-05,0.24206218,i_Si_e,i_Si_n
10,Ne,20.0,2.0,450.0,0.229,5.578e-05,0.22905578000000001,i_Si_e,i_Si_n
10,Ne,20.0,2.0,500.0,0.219,5.061e-05,0.21905061,i_Si_e,i_Si_n
10,Ne,20.0,2.0,550.0,4.353412926261632e-05,4.635639249721047e-05,8.989052175982679e-05,i_Si_e,i_Si_n
10,Ne,20.0,2.0,600.0,4.01802505259861e-05,4.278609743964876e-05,8.296634796563485e-05,i_Si_e,i_Si_n
10,Ne,20.0,2.0,650.0,3.732363216315606e-05,3.974508047941883e-05,7.706871264257489e-05,i_Si_e,i_Si_n
10,Ne,20.0,2.0,700.0,3.486020362108092e-05,3.712257931140591e-05,7.198278293248683e-05,i_Si_e,i_Si_n
10,Ne,20.0,2.0,750.0,3.271317700709055e-05,3.483686683838588e-05,6.755004384547642e-05,i_Si_e,i_Si_n
10,Ne,20.0,2.0,800.0,3.082463313292297e-05,3.282629714301922e-05,6.365093027594219e-05,i_Si_e,i_Si_n
10,Ne,20.0,2.0,850.0,2.915004563577221e-05,3.104347800876874e-05,6.019352364454095e-05,i_Si_e,i_Si_n
10,Ne,20.0,2.0,900.0,2.765461072261359e-05,2.945136492865531e-05,5.71059756512689e-05,i_Si_e,i_Si_n
10,Ne,20.0,2.0,1000.0,2.509620190655074e-05,2.672749820152877e-05,5.182370010807951e-05,i_Si_e,i_Si_n
10,Ne,20.0,2.0,1125.0,2.251529454864796e-05,2.39795947661614e-05,4.649488931480936e-05,i_Si_e,i_Si_n
10,Ne,20.0,2.0,1250.0,2.043233888359459e-05,2.176179533745057e-05,4.219413422104516e-05,i_Si_e,i_Si_n
10,Ne,20.0,2.0,1375.0,1.871458199234136e-05,1.993278652651298e-05,3.8647368518854346e-05,i_Si_e,i_Si_n
10,Ne,20.0,2.0,1500.0,1.727280654691089e-05,1.839759525330676e-05,3.567040180021765e-05,i_Si_e,i_Si_n
10,Ne,20.0,2.0,1625.0,1.604479488163754e-05,1.708998828420497e-05,3.3134783165842505e-05,i_Si_e,i_Si_n
10,Ne,20.0,2.0,1750.0,1.498580883519959e-05,1.596233893248553e-05,3.094814776768512e-05,i_Si_e,i_Si_n
10,Ne,20.0,2.0,1875.0,1.406283859810411e-05,1.49795053612917e-05,2.904234395939581e-05,i_Si_e,i_Si_n
10,Ne,20.0,2.0,2000.0,1.325098569607319e-05,1.411498044087578e-05,2.736596613694897e-05,i_Si_e,i_Si_n
10,Ne,20.0,2.0,2250.0,1.188824695935889e-05,1.266379324216492e-05,2.455204020152381e-05,i_Si_e,i_Si_n
12,Mg,24.0,2.0,0.041666666666666664,4.25,0.2289,4.4789,i_Si_e,i_Si_n
12,Mg,24.0,2.0,0.04583333333333334,4.58,0.2139,4.7939,i_Si_e,i_Si_n
12,Mg,24.0,2.0,0.049999999999999996,4.88,0.201,5.0809999999999995,i_Si_e,i_Si_n
12,Mg,24.0,2.0,0.05416666666666667,5.18,0.1897,5.3697,i_Si_e,i_Si_n
12,Mg,24.0,2.0,0.05833333333333333,5.45,0.1797,5.629700000000001,i_Si_e,i_Si_n
12,Mg,24.0,2.0,0.0625,5.72,0.1708,5.8908,i_Si_e,i_Si_n
12,Mg,24.0,2.0,0.06666666666666667,5.96,0.1629,6.1229,i_Si_e,i_Si_n
12,Mg,24.0,2.0,0.07083333333333333,6.2,0.1558,6.3558,i_Si_e,i_Si_n
12,Mg,24.0,2.0,0.075,6.42,0.1493,6.5693,i_Si_e,i_Si_n
12,Mg,24.0,2.0,0.08333333333333333,6.84,0.1379,6.9779,i_Si_e,i_Si_n
12,Mg,24.0,2.0,0.09375,7.3,0.1262,7.4262,i_Si_e,i_Si_n
12,Mg,24.0,2.0,0.10416666666666667,7.71,0.1164,7.8264,i_Si_e,i_Si_n
12,Mg,24.0,2.0,0.11458333333333333,8.07,0.1082,8.1782,i_Si_e,i_Si_n
12,Mg,24.0,2.0,0.125,8.39,0.1012,8.491200000000001,i_Si_e,i_Si_n
12,Mg,24.0,2.0,0.13541666666666666,8.67,0.09509,8.76509,i_Si_e,i_Si_n
12,Mg,24.0,2.0,0.14583333333333334,8.92,0.08975,9.00975,i_Si_e,i_Si_n
12,Mg,24.0,2.0,0.15625,9.15,0.08503,9.23503,i_Si_e,i_Si_n
12,Mg,24.0,2.0,0.16666666666666666,9.36,0.08082,9.440819999999999,i_Si_e,i_Si_n
12,Mg,24.0,2.0,0.1875,9.71,0.07364,9.78364,i_Si_e,i_Si_n
12,Mg,24.0,2.0,0.20833333333333334,10.0,0.06772,10.06772,i_Si_e,i_Si_n
12,Mg,24.0,2.0,0.22916666666666666,10.2,0.06275,10.262749999999999,i_Si_e,i_Si_n
12,Mg,24.0,2.0,0.25,10.4,0.05852,10.45852,i_Si_e,i_Si_n
12,Mg,24.0,2.0,0.2708333333333333,10.6,0.05486,10.65486,i_Si_e,i_Si_n
12,Mg,24.0,2.0,0.2916666666666667,10.7,0.05167,10.751669999999999,i_Si_e,i_Si_n
12,Mg,24.0,2.0,0.3333333333333333,11.0,0.04636,11.04636,i_Si_e,i_Si_n
12,Mg,24.0,2.0,0.375,11.1,0.0421,11.1421,i_Si_e,i_Si_n
12,Mg,24.0,2.0,0.4166666666666667,11.2,0.03862,11.23862,i_Si_e,i_Si_n
12,Mg,24.0,2.0,0.4583333333333333,11.3,0.0357,11.335700000000001,i_Si_e,i_Si_n
12,Mg,24.0,2.0,0.5,11.4,0.03322,11.43322,i_Si_e,i_Si_n
12,Mg,24.0,2.0,0.5416666666666666,11.4,0.03109,11.431090000000001,i_Si_e,i_Si_n
12,Mg,24.0,2.0,0.5833333333333334,11.5,0.02923,11.52923,i_Si_e,i_Si_n
12,Mg,24.0,2.0,0.625,11.5,0.0276,11.5276,i_Si_e,i_Si_n
12,Mg,24.0,2.0,0.6666666666666666,11.5,0.02615,11.52615,i_Si_e,i_Si_n
12,Mg,24.0,2.0,0.7083333333333334,11.5,0.02486,11.52486,i_Si_e,i_Si_n
12,Mg,24.0,2.0,0.75,11.5,0.02369,11.52369,i_Si_e,i_Si_n
12,Mg,24.0,2.0,0.8333333333333334,11.5,0.02168,11.52168,i_Si_e,i_Si_n
12,Mg,24.0,2.0,0.9375,11.4,0.01963,11.41963,i_Si_e,i_Si_n
12,Mg,24.0,2.0,1.0416666666666667,11.3,0.01796,11.317960000000001,i_Si_e,i_Si_n
12,Mg,24.0,2.0,1.1458333333333333,11.3,0.01656,11.31656,i_Si_e,i_Si_n
12,Mg,24.0,2.0,1.25,11.2,0.01538,11.21538,i_Si_e,i_Si_n
12,Mg,24.0,2.0,1.3541666666666667,11.1,0.01437,11.11437,i_Si_e,i_Si_n
12,Mg,24.0,2.0,1.4583333333333333,11.0,0.01348,11.01348,i_Si_e,i_Si_n
12,Mg,24.0,2.0,1.5625,10.8,0.01271,10.812710000000001,i_Si_e,i_Si_n
12,Mg,24.0,2.0,1.6666666666666667,10.7,0.01203,10.712029999999999,i_Si_e,i_Si_n
12,Mg,24.0,2.0,1.875,10.5,0.01087,10.51087,i_Si_e,i_Si_n
12,Mg,24.0,2.0,2.0833333333333335,10.3,0.009926,10.309926,i_Si_e,i_Si_n
12,Mg,24.0,2.0,2.2916666666666665,9.96,0.009142,9.969142000000002,i_Si_e,i_Si_n
12,Mg,24.0,2.0,2.5,9.65,0.008479,9.658479,i_Si_e,i_Si_n
12,Mg,24.0,2.0,2.7083333333333335,9.38,0.007911,9.387911,i_Si_e,i_Si_n
12,Mg,24.0,2.0,2.9166666666666665,9.13,0.007418,9.137418,i_Si_e,i_Si_n
12,Mg,24.0,2.0,3.3333333333333335,8.65,0.006605,8.656605,i_Si_e,i_Si_n
12,Mg,24.0,2.0,3.75,8.21,0.00596,8.21596,i_Si_e,i_Si_n
12,Mg,24.0,2.0,4.166666666666667,7.81,0.005436,7.815436,i_Si_e,i_Si_n
12,Mg,24.0,2.0,4.583333333333333,7.45,0.005,7.455,i_Si_e,i_Si_n
12,Mg,24.0,2.0,5.0,7.11,0.004633,7.114633,i_Si_e,i_Si_n
12,Mg,24.0,2.0,5.416666666666667,6.81,0.004319,6.814318999999999,i_Si_e,i_Si_n
12,Mg,24.0,2.0,5.833333333333333,6.52,0.004046,6.524045999999999,i_Si_e,i_Si_n
12,Mg,24.0,2.0,6.25,6.26,0.003808,6.263808,i_Si_e,i_Si_n
12,Mg,24.0,2.0,6.666666666666667,6.03,0.003597,6.033597,i_Si_e,i_Si_n
12,Mg,24.0,2.0,7.083333333333333,5.8,0.00341,5.8034099999999995,i_Si_e,i_Si_n
12,Mg,24.0,2.0,7.5,5.6,0.003242,5.603242,i_Si_e,i_Si_n
12,Mg,24.0,2.0,8.333333333333334,5.23,0.002953,5.232953,i_Si_e,i_Si_n
12,Mg,24.0,2.0,9.375,4.85,0.002661,4.8526609999999994,i_Si_e,i_Si_n
12,Mg,24.0,2.0,10.416666666666666,4.51,0.002423,4.512423,i_Si_e,i_Si_n
12,Mg,24.0,2.0,11.458333333333334,4.23,0.002227,4.232227000000001,i_Si_e,i_Si_n
12,Mg,24.0,2.0,12.5,3.98,0.002061,3.982061,i_Si_e,i_Si_n
12,Mg,24.0,2.0,13.541666666666666,3.77,0.001919,3.771919,i_Si_e,i_Si_n
12,Mg,24.0,2.0,14.583333333333334,3.58,0.001796,3.581796,i_Si_e,i_Si_n
12,Mg,24.0,2.0,15.625,3.41,0.001689,3.411689,i_Si_e,i_Si_n
12,Mg,24.0,2.0,16.666666666666668,3.26,0.001594,3.2615939999999997,i_Si_e,i_Si_n
12,Mg,24.0,2.0,18.75,2.99,0.001435,2.991435,i_Si_e,i_Si_n
12,Mg,24.0,2.0,20.833333333333332,2.77,0.001306,2.771306,i_Si_e,i_Si_n
12,Mg,24.0,2.0,22.916666666666668,2.58,0.001199,2.5811990000000002,i_Si_e,i_Si_n
12,Mg,24.0,2.0,25.0,2.42,0.001109,2.421109,i_Si_e,i_Si_n
12,Mg,24.0,2.0,27.083333333333332,2.27,0.001032,2.271032,i_Si_e,i_Si_n
12,Mg,24.0,2.0,29.166666666666668,2.14,0.0009652,2.1409652,i_Si_e,i_Si_n
12,Mg,24.0,2.0,33.333333333333336,1.93,0.0008559,1.9308558999999998,i_Si_e,i_Si_n
12,Mg,24.0,2.0,37.5,1.76,0.0007696,1.7607696,i_Si_e,i_Si_n
12,Mg,24.0,2.0,41.666666666666664,1.62,0.0006998,1.6206998000000001,i_Si_e,i_Si_n
12,Mg,24.0,2.0,45.833333333333336,1.5,0.000642,1.500642,i_Si_e,i_Si_n
12,Mg,24.0,2.0,50.0,1.41,0.0005934,1.4105934,i_Si_e,i_Si_n
12,Mg,24.0,2.0,54.166666666666664,1.32,0.000552,1.3205520000000002,i_Si_e,i_Si_n
12,Mg,24.0,2.0,58.333333333333336,1.25,0.0005161,1.2505161,i_Si_e,i_Si_n
12,Mg,24.0,2.0,62.5,1.18,0.0004848,1.1804848,i_Si_e,i_Si_n
12,Mg,24.0,2.0,66.66666666666667,1.13,0.0004572,1.1304572,i_Si_e,i_Si_n
12,Mg,24.0,2.0,70.83333333333333,1.07,0.0004328,1.0704328,i_Si_e,i_Si_n
12,Mg,24.0,2.0,75.0,1.03,0.0004109,1.0304109000000001,i_Si_e,i_Si_n
12,Mg,24.0,2.0,83.33333333333333,0.95,0.0003733,0.9503733,i_Si_e,i_Si_n
12,Mg,24.0,2.0,93.75,0.87,0.0003354,0.8703354,i_Si_e,i_Si_n
12,Mg,24.0,2.0,104.16666666666667,0.805,0.0003047,0.8053047000000001,i_Si_e,i_Si_n
12,Mg,24.0,2.0,114.58333333333333,0.751,0.0002793,0.7512793,i_Si_e,i_Si_n
12,Mg,24.0,2.0,125.0,0.706,0.000258,0.7062579999999999,i_Si_e,i_Si_n
12,Mg,24.0,2.0,135.41666666666666,0.667,0.0002398,0.6672398,i_Si_e,i_Si_n
12,Mg,24.0,2.0,145.83333333333334,0.634,0.0002241,0.6342241,i_Si_e,i_Si_n
12,Mg,24.0,2.0,156.25,0.604,0.0002104,0.6042104,i_Si_e,i_Si_n
12,Mg,24.0,2.0,166.66666666666666,0.579,0.0001984,0.5791984,i_Si_e,i_Si_n
12,Mg,24.0,2.0,187.5,0.535,0.0001781,0.5351781,i_Si_e,i_Si_n
12,Mg,24.0,2.0,208.33333333333334,0.5,0.0001617,0.5001617,i_Si_e,i_Si_n
12,Mg,24.0,2.0,229.16666666666666,0.472,0.0001482,0.47214819999999996,i_Si_e,i_Si_n
12,Mg,24.0,2.0,250.0,0.448,0.0001368,0.4481368,i_Si_e,i_Si_n
12,Mg,24.0,2.0,270.8333333333333,0.427,0.0001271,0.4271271,i_Si_e,i_Si_n
12,Mg,24.0,2.0,291.6666666666667,0.409,0.0001188,0.40911879999999995,i_Si_e,i_Si_n
12,Mg,24.0,2.0,333.3333333333333,0.381,0.000105,0.381105,i_Si_e,i_Si_n
12,Mg,24.0,2.0,375.0,0.359,9.425e-05,0.35909425,i_Si_e,i_Si_n
12,Mg,24.0,2.0,416.6666666666667,0.341,8.553e-05,0.34108553,i_Si_e,i_Si_n
12,Mg,24.0,2.0,458.3333333333333,7.356812877901687e-05,7.835407673899491e-05,0.00015192220551801176,i_Si_e,i_Si_n
12,Mg,24.0,2.0,500.0,6.790870835464001e-05,7.232998804499893e-05,0.00014023869639963896,i_Si_e,i_Si_n
12,Mg,24.0,2.0,541.6666666666666,6.30878126010829e-05,6.719821602255845e-05,0.00013028602862364135,i_Si_e,i_Si_n
12,Mg,24.0,2.0,583.3333333333334,5.893002345782255e-05,6.277212108174794e-05,0.00012170214453957049,i_Si_e,i_Si_n
12,Mg,24.0,2.0,625.0,5.530589550792529e-05,5.891397117663866e-05,0.00011421986668456394,i_Si_e,i_Si_n
12,Mg,24.0,2.0,666.6666666666666,5.211778141369072e-05,5.551986375861678e-05,0.0001076376451723075,i_Si_e,i_Si_n
12,Mg,24.0,2.0,708.3333333333334,4.929060603094806e-05,5.250991143414088e-05,0.00010180051746508893,i_Si_e,i_Si_n
12,Mg,24.0,2.0,750.0,4.676568208616482e-05,4.982166293569131e-05,9.658734502185614e-05,i_Si_e,i_Si_n
12,Mg,24.0,2.0,833.3333333333334,4.244552197808851e-05,4.522184700446965e-05,8.766736898255816e-05,i_Si_e,i_Si_n
12,Mg,24.0,2.0,937.5,3.808669005022487e-05,4.058056821935942e-05,7.866725826958428e-05,i_Si_e,i_Si_n
12,Mg,24.0,2.0,1041.6666666666667,3.456828527852736e-05,3.683394208938906e-05,7.140222736791642e-05,i_Si_e,i_Si_n
12,Mg,24.0,2.0,1145.8333333333333,3.166634370614488e-05,3.37435931845163e-05,6.540993689066119e-05,i_Si_e,i_Si_n
12,Mg,24.0,2.0,1250.0,2.923032752209577e-05,3.114928786362309e-05,6.037961538571886e-05,i_Si_e,i_Si_n
12,Mg,24.0,2.0,1354.1666666666667,2.715524223126022e-05,2.893926338694222e-05,5.609450561820244e-05,i_Si_e,i_Si_n
12,Mg,24.0,2.0,1458.3333333333333,2.536558165060794e-05,2.703314243836339e-05,5.239872408897133e-05,i_Si_e,i_Si_n
12,Mg,24.0,2.0,1562.5,2.380562786081921e-05,2.537160999153799e-05,4.91772378523572e-05,i_Si_e,i_Si_n
12,Mg,24.0,2.0,1666.6666666666667,2.24333499687759e-05,2.390991987017024e-05,4.6343269838946136e-05,i_Si_e,i_Si_n
12,Mg,24.0,2.0,1875.0,2.012961573402394e-05,2.145595986636632e-05,4.158557560039026e-05,i_Si_e,i_Si_n
14,Si,28.0,2.0,0.03571428571428571,4.96,0.3373,5.2973,i_Si_e,i_Si_n
14,Si,28.0,2.0,0.03928571428571429,5.33,0.3158,5.6458,i_Si_e,i_Si_n
14,Si,28.0,2.0,0.04285714285714286,5.68,0.2972,5.9772,i_Si_e,i_Si_n
14,Si,28.0,2.0,0.04642857142857143,6.0,0.2809,6.2809,i_Si_e,i_Si_n
14,Si,28.0,2.0,0.049999999999999996,6.31,0.2665,6.576499999999999,i_Si_e,i_Si_n
14,Si,28.0,2.0,0.05357142857142857,6.6,0.2536,6.853599999999999,i_Si_e,i_Si_n
14,Si,28.0,2.0,0.05714285714285715,6.88,0.2421,7.1221,i_Si_e,i_Si_n
14,Si,28.0,2.0,0.060714285714285714,7.13,0.2317,7.3617,i_Si_e,i_Si_n
14,Si,28.0,2.0,0.0642857142857143,7.37,0.2223,7.5923,i_Si_e,i_Si_n
14,Si,28.0,2.0,0.07142857142857142,7.81,0.2057,8.015699999999999,i_Si_e,i_Si_n
14,Si,28.0,2.0,0.08035714285714286,8.29,0.1885,8.478499999999999,i_Si_e,i_Si_n
14,Si,28.0,2.0,0.08928571428571429,8.71,0.1742,8.884200000000002,i_Si_e,i_Si_n
14,Si,28.0,2.0,0.09821428571428571,9.07,0.1621,9.2321,i_Si_e,i_Si_n
14,Si,28.0,2.0,0.10714285714285714,9.4,0.1518,9.5518,i_Si_e,i_Si_n
14,Si,28.0,2.0,0.11607142857142858,9.68,0.1428,9.822799999999999,i_Si_e,i_Si_n
14,Si,28.0,2.0,0.125,9.94,0.1349,10.0749,i_Si_e,i_Si_n
14,Si,28.0,2.0,0.13392857142857142,10.2,0.1279,10.3279,i_Si_e,i_Si_n
14,Si,28.0,2.0,0.14285714285714285,10.4,0.1216,10.521600000000001,i_Si_e,i_Si_n
14,Si,28.0,2.0,0.16071428571428573,10.8,0.111,10.911000000000001,i_Si_e,i_Si_n
14,Si,28.0,2.0,0.17857142857142858,11.1,0.1022,11.2022,i_Si_e,i_Si_n
14,Si,28.0,2.0,0.19642857142857142,11.4,0.09477,11.49477,i_Si_e,i_Si_n
14,Si,28.0,2.0,0.21428571428571427,11.6,0.08845,11.68845,i_Si_e,i_Si_n
14,Si,28.0,2.0,0.23214285714285715,11.9,0.08299,11.982990000000001,i_Si_e,i_Si_n
14,Si,28.0,2.0,0.25,12.1,0.07821,12.17821,i_Si_e,i_Si_n
14,Si,28.0,2.0,0.2857142857142857,12.4,0.07025,12.47025,i_Si_e,i_Si_n
14,Si,28.0,2.0,0.32142857142857145,12.7,0.06387,12.763869999999999,i_Si_e,i_Si_n
14,Si,28.0,2.0,0.35714285714285715,12.9,0.05864,12.95864,i_Si_e,i_Si_n
14,Si,28.0,2.0,0.39285714285714285,13.1,0.05425,13.15425,i_Si_e,i_Si_n
14,Si,28.0,2.0,0.42857142857142855,13.3,0.05052,13.350520000000001,i_Si_e,i_Si_n
14,Si,28.0,2.0,0.4642857142857143,13.4,0.0473,13.4473,i_Si_e,i_Si_n
14,Si,28.0,2.0,0.5,13.5,0.0445,13.5445,i_Si_e,i_Si_n
14,Si,28.0,2.0,0.5357142857142857,13.6,0.04203,13.64203,i_Si_e,i_Si_n
14,Si,28.0,2.0,0.5714285714285714,13.7,0.03985,13.739849999999999,i_Si_e,i_Si_n
14,Si,28.0,2.0,0.6071428571428571,13.8,0.03789,13.837890000000002,i_Si_e,i_Si_n
14,Si,28.0,2.0,0.6428571428571429,13.8,0.03613,13.83613,i_Si_e,i_Si_n
14,Si,28.0,2.0,0.7142857142857143,13.9,0.03309,13.93309,i_Si_e,i_Si_n
14,Si,28.0,2.0,0.8035714285714286,14.0,0.02998,14.02998,i_Si_e,i_Si_n
14,Si,28.0,2.0,0.8928571428571429,14.0,0.02744,14.02744,i_Si_e,i_Si_n
14,Si,28.0,2.0,0.9821428571428571,14.0,0.02533,14.02533,i_Si_e,i_Si_n
14,Si,28.0,2.0,1.0714285714285714,14.0,0.02353,14.02353,i_Si_e,i_Si_n
14,Si,28.0,2.0,1.1607142857142858,13.9,0.02199,13.921990000000001,i_Si_e,i_Si_n
14,Si,28.0,2.0,1.25,13.8,0.02065,13.82065,i_Si_e,i_Si_n
14,Si,28.0,2.0,1.3392857142857142,13.7,0.01947,13.71947,i_Si_e,i_Si_n
14,Si,28.0,2.0,1.4285714285714286,13.7,0.01843,13.71843,i_Si_e,i_Si_n
14,Si,28.0,2.0,1.6071428571428572,13.5,0.01667,13.51667,i_Si_e,i_Si_n
14,Si,28.0,2.0,1.7857142857142858,13.2,0.01523,13.21523,i_Si_e,i_Si_n
14,Si,28.0,2.0,1.9642857142857142,13.0,0.01403,13.01403,i_Si_e,i_Si_n
14,Si,28.0,2.0,2.142857142857143,12.8,0.01302,12.81302,i_Si_e,i_Si_n
14,Si,28.0,2.0,2.3214285714285716,12.5,0.01215,12.51215,i_Si_e,i_Si_n
14,Si,28.0,2.0,2.5,12.1,0.0114,12.1114,i_Si_e,i_Si_n
14,Si,28.0,2.0,2.857142857142857,11.6,0.01015,11.610149999999999,i_Si_e,i_Si_n
14,Si,28.0,2.0,3.2142857142857144,11.1,0.009167,11.109167,i_Si_e,i_Si_n
14,Si,28.0,2.0,3.5714285714285716,10.6,0.008364,10.608364,i_Si_e,i_Si_n
14,Si,28.0,2.0,3.9285714285714284,10.2,0.007698,10.207697999999999,i_Si_e,i_Si_n
14,Si,28.0,2.0,4.285714285714286,9.82,0.007135,9.827135,i_Si_e,i_Si_n
14,Si,28.0,2.0,4.642857142857143,9.45,0.006652,9.456652,i_Si_e,i_Si_n
14,Si,28.0,2.0,5.0,9.11,0.006234,9.116233999999999,i_Si_e,i_Si_n
14,Si,28.0,2.0,5.357142857142857,8.79,0.005868,8.795867999999999,i_Si_e,i_Si_n
14,Si,28.0,2.0,5.714285714285714,8.5,0.005545,8.505545,i_Si_e,i_Si_n
14,Si,28.0,2.0,6.071428571428571,8.22,0.005258,8.225258,i_Si_e,i_Si_n
14,Si,28.0,2.0,6.428571428571429,7.96,0.005,7.965,i_Si_e,i_Si_n
14,Si,28.0,2.0,7.142857142857143,7.5,0.004557,7.504557,i_Si_e,i_Si_n
14,Si,28.0,2.0,8.035714285714286,7.0,0.004107,7.004107,i_Si_e,i_Si_n
14,Si,28.0,2.0,8.928571428571429,6.56,0.003742,6.5637419999999995,i_Si_e,i_Si_n
14,Si,28.0,2.0,9.821428571428571,6.18,0.003439,6.183439,i_Si_e,i_Si_n
14,Si,28.0,2.0,10.714285714285714,5.85,0.003184,5.853184,i_Si_e,i_Si_n
14,Si,28.0,2.0,11.607142857142858,5.55,0.002965,5.5529649999999995,i_Si_e,i_Si_n
14,Si,28.0,2.0,12.5,5.29,0.002776,5.292776,i_Si_e,i_Si_n
14,Si,28.0,2.0,13.392857142857142,5.05,0.002611,5.052611,i_Si_e,i_Si_n
14,Si,28.0,2.0,14.285714285714286,4.84,0.002465,4.842465,i_Si_e,i_Si_n
14,Si,28.0,2.0,16.071428571428573,4.46,0.002219,4.462219,i_Si_e,i_Si_n
14,Si,28.0,2.0,17.857142857142858,4.15,0.00202,4.15202,i_Si_e,i_Si_n
14,Si,28.0,2.0,19.642857142857142,3.88,0.001855,3.881855,i_Si_e,i_Si_n
14,Si,28.0,2.0,21.428571428571427,3.64,0.001716,3.641716,i_Si_e,i_Si_n
14,Si,28.0,2.0,23.214285714285715,3.44,0.001597,3.441597,i_Si_e,i_Si_n
14,Si,28.0,2.0,25.0,3.26,0.001495,3.2614949999999996,i_Si_e,i_Si_n
14,Si,28.0,2.0,28.571428571428573,2.97,0.001326,2.9713260000000004,i_Si_e,i_Si_n
14,Si,28.0,2.0,32.142857142857146,2.73,0.001193,2.731193,i_Si_e,i_Si_n
14,Si,28.0,2.0,35.714285714285715,2.52,0.001085,2.521085,i_Si_e,i_Si_n
14,Si,28.0,2.0,39.285714285714285,2.34,0.0009953,2.3409953,i_Si_e,i_Si_n
14,Si,28.0,2.0,42.857142857142854,2.19,0.0009202,2.1909202,i_Si_e,i_Si_n
14,Si,28.0,2.0,46.42857142857143,2.06,0.000856,2.0608560000000002,i_Si_e,i_Si_n
14,Si,28.0,2.0,50.0,1.94,0.0008006,1.9408006,i_Si_e,i_Si_n
14,Si,28.0,2.0,53.57142857142857,1.84,0.0007521,1.8407521,i_Si_e,i_Si_n
14,Si,28.0,2.0,57.142857142857146,1.75,0.0007095,1.7507095,i_Si_e,i_Si_n
14,Si,28.0,2.0,60.714285714285715,1.67,0.0006716,1.6706716,i_Si_e,i_Si_n
14,Si,28.0,2.0,64.28571428571429,1.6,0.0006377,1.6006377,i_Si_e,i_Si_n
14,Si,28.0,2.0,71.42857142857143,1.48,0.0005795,1.4805795,i_Si_e,i_Si_n
14,Si,28.0,2.0,80.35714285714286,1.35,0.0005208,1.3505208000000002,i_Si_e,i_Si_n
14,Si,28.0,2.0,89.28571428571429,1.25,0.0004732,1.2504732,i_Si_e,i_Si_n
14,Si,28.0,2.0,98.21428571428571,1.16,0.0004339,1.1604339,i_Si_e,i_Si_n
14,Si,28.0,2.0,107.14285714285714,1.09,0.0004009,1.0904009000000001,i_Si_e,i_Si_n
14,Si,28.0,2.0,116.07142857142857,1.03,0.0003727,1.0303727,i_Si_e,i_Si_n
14,Si,28.0,2.0,125.0,0.977,0.0003483,0.9773483,i_Si_e,i_Si_n
14,Si,28.0,2.0,133.92857142857142,0.93,0.0003271,0.9303271000000001,i_Si_e,i_Si_n
14,Si,28.0,2.0,142.85714285714286,0.889,0.0003084,0.8893084,i_Si_e,i_Si_n
14,Si,28.0,2.0,160.71428571428572,0.82,0.0002769,0.8202769,i_Si_e,i_Si_n
14,Si,28.0,2.0,178.57142857142858,0.765,0.0002515,0.7652515,i_Si_e,i_Si_n
14,Si,28.0,2.0,196.42857142857142,0.719,0.0002305,0.7192305,i_Si_e,i_Si_n
14,Si,28.0,2.0,214.28571428571428,0.68,0.0002128,0.6802128000000001,i_Si_e,i_Si_n
14,Si,28.0,2.0,232.14285714285714,0.648,0.0001978,0.6481978,i_Si_e,i_Si_n
14,Si,28.0,2.0,250.0,0.619,0.0001848,0.6191848,i_Si_e,i_Si_n
14,Si,28.0,2.0,285.7142857142857,0.573,0.0001635,0.5731634999999999,i_Si_e,i_Si_n
14,Si,28.0,2.0,321.42857142857144,0.537,0.0001467,0.5371467000000001,i_Si_e,i_Si_n
14,Si,28.0,2.0,357.14285714285717,0.509,0.0001332,0.5091332000000001,i_Si_e,i_Si_n
14,Si,28.0,2.0,392.85714285714283,0.0001145248287804755,0.0001220482988077109,0.0002365731275881864,i_Si_e,i_Si_n
14,Si,28.0,2.0,428.57142857142856,0.0001057301648954565,0.0001126848572398838,0.0002184150221353403,i_Si_e,i_Si_n
14,Si,28.0,2.0,464.2857142857143,9.823750449017997e-05,0.0001047070134414253,0.00020294451793160525,i_Si_e,i_Si_n
14,Si,28.0,2.0,500.0,9.177460997121883e-05,9.782513182155236e-05,0.00018959974179277118,i_Si_e,i_Si_n
14,Si,28.0,2.0,535.7142857142857,8.614056401597467e-05,9.18254397027631e-05,0.00017796600371873777,i_Si_e,i_Si_n
14,Si,28.0,2.0,571.4285714285714,8.118378594265715e-05,8.654664710548e-05,0.00016773043304813714,i_Si_e,i_Si_n
14,Si,28.0,2.0,607.1428571428571,7.678772132316625e-05,8.186472622145285e-05,0.0001586524475446191,i_Si_e,i_Si_n
14,Si,28.0,2.0,642.8571428571429,7.286124830077288e-05,7.768270693615165e-05,0.00015054395523692453,i_Si_e,i_Si_n
14,Si,28.0,2.0,714.2857142857143,6.614211863726306e-05,7.052574871122746e-05,0.00013666786734849054,i_Si_e,i_Si_n
14,Si,28.0,2.0,803.5714285714286,5.936157415192185e-05,6.330263796250601e-05,0.00012266421211442786,i_Si_e,i_Si_n
14,Si,28.0,2.0,892.8571428571429,5.388735948968703e-05,5.747052482827223e-05,0.00011135788431795926,i_Si_e,i_Si_n
14,Si,28.0,2.0,982.1428571428571,4.937152495190662e-05,5.265900740898593e-05,0.00010203053236089256,i_Si_e,i_Si_n
14,Si,28.0,2.0,1071.4285714285713,4.558015523700272e-05,4.861905319650933e-05,9.419920843351204e-05,i_Si_e,i_Si_n
14,Si,28.0,2.0,1160.7142857142858,4.23500777586565e-05,4.517692954714449e-05,8.752700730580099e-05,i_Si_e,i_Si_n
14,Si,28.0,2.0,1250.0,3.956393119635908e-05,4.220767017402043e-05,8.17716013703795e-05,i_Si_e,i_Si_n
14,Si,28.0,2.0,1339.2857142857142,3.713510031818581e-05,3.961904063291789e-05,7.67541409511037e-05,i_Si_e,i_Si_n
14,Si,28.0,2.0,1428.5714285714287,3.499823886260619e-05,3.734145068527931e-05,7.233968954788549e-05,i_Si_e,i_Si_n
14,Si,28.0,2.0,1607.142857142857,3.141040224040877e-05,3.351701154430556e-05,6.492741378471433e-05,i_Si_e,i_Si_n
16,S,32.0,2.0,0.03125,4.78,0.4693,5.2493,i_Si_e,i_Si_n
16,S,32.0,2.0,0.034375,5.1,0.4402,5.5402,i_Si_e,i_Si_n
16,S,32.0,2.0,0.0375,5.41,0.4149,5.8249,i_Si_e,i_Si_n
16,S,32.0,2.0,0.040625,5.71,0.3927,6.1027,i_Si_e,i_Si_n
16,S,32.0,2.0,0.04375,5.99,0.373,6.363,i_Si_e,i_Si_n
16,S,32.0,2.0,0.046875,6.26,0.3554,6.6154,i_Si_e,i_Si_n
16,S,32.0,2.0,0.05,6.52,0.3396,6.8595999999999995,i_Si_e,i_Si_n
16,S,32.0,2.0,0.053125,6.77,0.3254,7.0954,i_Si_e,i_Si_n
16,S,32.0,2.0,0.05625,7.01,0.3123,7.3223,i_Si_e,i_Si_n
16,S,32.0,2.0,0.0625,7.45,0.2895,7.7395000000000005,i_Si_e,i_Si_n
16,S,32.0,2.0,0.0703125,7.96,0.2658,8.2258,i_Si_e,i_Si_n
16,S,32.0,2.0,0.078125,8.43,0.246,8.676,i_Si_e,i_Si_n
16,S,32.0,2.0,0.0859375,8.85,0.2292,9.0792,i_Si_e,i_Si_n
16,S,32.0,2.0,0.09375,9.24,0.2148,9.4548,i_Si_e,i_Si_n
16,S,32.0,2.0,0.1015625,9.6,0.2022,9.8022,i_Si_e,i_Si_n
16,S,32.0,2.0,0.109375,9.93,0.1912,10.1212,i_Si_e,i_Si_n
16,S,32.0,2.0,0.1171875,10.2,0.1815,10.381499999999999,i_Si_e,i_Si_n
16,S,32.0,2.0,0.125,10.5,0.1727,10.6727,i_Si_e,i_Si_n
16,S,32.0,2.0,0.140625,11.1,0.1578,11.2578,i_Si_e,i_Si_n
16,S,32.0,2.0,0.15625,11.5,0.1454,11.6454,i_Si_e,i_Si_n
16,S,32.0,2.0,0.171875,11.9,0.135,12.035,i_Si_e,i_Si_n
16,S,32.0,2.0,0.1875,12.3,0.1261,12.4261,i_Si_e,i_Si_n
16,S,32.0,2.0,0.203125,12.6,0.1184,12.718399999999999,i_Si_e,i_Si_n
16,S,32.0,2.0,0.21875,12.9,0.1117,13.011700000000001,i_Si_e,i_Si_n
16,S,32.0,2.0,0.25,13.5,0.1004,13.6004,i_Si_e,i_Si_n
16,S,32.0,2.0,0.28125,13.9,0.0914,13.9914,i_Si_e,i_Si_n
16,S,32.0,2.0,0.3125,14.3,0.08398,14.383980000000001,i_Si_e,i_Si_n
16,S,32.0,2.0,0.34375,14.6,0.07775,14.67775,i_Si_e,i_Si_n
16,S,32.0,2.0,0.375,14.9,0.07245,14.97245,i_Si_e,i_Si_n
16,S,32.0,2.0,0.40625,15.1,0.06788,15.16788,i_Si_e,i_Si_n
16,S,32.0,2.0,0.4375,15.3,0.06389,15.363890000000001,i_Si_e,i_Si_n
16,S,32.0,2.0,0.46875,15.5,0.06038,15.56038,i_Si_e,i_Si_n
16,S,32.0,2.0,0.5,15.6,0.05726,15.657259999999999,i_Si_e,i_Si_n
16,S,32.0,2.0,0.53125,15.8,0.05447,15.854470000000001,i_Si_e,i_Si_n
16,S,32.0,2.0,0.5625,15.9,0.05196,15.95196,i_Si_e,i_Si_n
16,S,32.0,2.0,0.625,16.1,0.04762,16.14762,i_Si_e,i_Si_n
16,S,32.0,2.0,0.703125,16.3,0.04318,16.34318,i_Si_e,i_Si_n
16,S,32.0,2.0,0.78125,16.4,0.03955,16.439549999999997,i_Si_e,i_Si_n
16,S,32.0,2.0,0.859375,16.5,0.03652,16.53652,i_Si_e,i_Si_n
16,S,32.0,2.0,0.9375,16.5,0.03394,16.53394,i_Si_e,i_Si_n
16,S,32.0,2.0,1.015625,16.6,0.03173,16.63173,i_Si_e,i_Si_n
16,S,32.0,2.0,1.09375,16.6,0.02981,16.629810000000003,i_Si_e,i_Si_n
16,S,32.0,2.0,1.171875,16.6,0.02812,16.628120000000003,i_Si_e,i_Si_n
16,S,32.0,2.0,1.25,16.5,0.02662,16.52662,i_Si_e,i_Si_n
16,S,32.0,2.0,1.40625,16.4,0.02409,16.42409,i_Si_e,i_Si_n
16,S,32.0,2.0,1.5625,16.3,0.02202,16.322020000000002,i_Si_e,i_Si_n
16,S,32.0,2.0,1.71875,16.1,0.0203,16.1203,i_Si_e,i_Si_n
16,S,32.0,2.0,1.875,16.0,0.01884,16.01884,i_Si_e,i_Si_n
16,S,32.0,2.0,2.03125,15.8,0.01759,15.817590000000001,i_Si_e,i_Si_n
16,S,32.0,2.0,2.1875,15.5,0.01651,15.51651,i_Si_e,i_Si_n
16,S,32.0,2.0,2.5,14.9,0.01472,14.91472,i_Si_e,i_Si_n
16,S,32.0,2.0,2.8125,14.4,0.01329,14.41329,i_Si_e,i_Si_n
16,S,32.0,2.0,3.125,14.0,0.01213,14.01213,i_Si_e,i_Si_n
16,S,32.0,2.0,3.4375,13.5,0.01117,13.51117,i_Si_e,i_Si_n
16,S,32.0,2.0,3.75,13.0,0.01036,13.01036,i_Si_e,i_Si_n
16,S,32.0,2.0,4.0625,12.6,0.009659,12.609658999999999,i_Si_e,i_Si_n
16,S,32.0,2.0,4.375,12.2,0.009055,12.209055,i_Si_e,i_Si_n
16,S,32.0,2.0,4.6875,11.9,0.008525,11.908525000000001,i_Si_e,i_Si_n
16,S,32.0,2.0,5.0,11.5,0.008057,11.508057,i_Si_e,i_Si_n
16,S,32.0,2.0,5.3125,11.2,0.007641,11.207640999999999,i_Si_e,i_Si_n
16,S,32.0,2.0,5.625,10.8,0.007268,10.807268,i_Si_e,i_Si_n
16,S,32.0,2.0,6.25,10.3,0.006626,10.306626000000001,i_Si_e,i_Si_n
16,S,32.0,2.0,7.03125,9.62,0.005974,9.625974,i_Si_e,i_Si_n
16,S,32.0,2.0,7.8125,9.06,0.005444,9.065444000000001,i_Si_e,i_Si_n
16,S,32.0,2.0,8.59375,8.57,0.005005,8.575005,i_Si_e,i_Si_n
16,S,32.0,2.0,9.375,8.13,0.004635,8.134635000000001,i_Si_e,i_Si_n
16,S,32.0,2.0,10.15625,7.74,0.004318,7.744318,i_Si_e,i_Si_n
16,S,32.0,2.0,10.9375,7.38,0.004044,7.384044,i_Si_e,i_Si_n
16,S,32.0,2.0,11.71875,7.07,0.003804,7.073804,i_Si_e,i_Si_n
16,S,32.0,2.0,12.5,6.78,0.003592,6.7835920000000005,i_Si_e,i_Si_n
16,S,32.0,2.0,14.0625,6.28,0.003235,6.283235,i_Si_e,i_Si_n
16,S,32.0,2.0,15.625,5.85,0.002945,5.852945,i_Si_e,i_Si_n
16,S,32.0,2.0,17.1875,5.49,0.002705,5.492705,i_Si_e,i_Si_n
16,S,32.0,2.0,18.75,5.18,0.002503,5.182503,i_Si_e,i_Si_n
16,S,32.0,2.0,20.3125,4.9,0.002331,4.902331,i_Si_e,i_Si_n
16,S,32.0,2.0,21.875,4.65,0.002181,4.652181000000001,i_Si_e,i_Si_n
16,S,32.0,2.0,25.0,4.24,0.001935,4.241935,i_Si_e,i_Si_n
16,S,32.0,2.0,28.125,3.9,0.001741,3.901741,i_Si_e,i_Si_n
16,S,32.0,2.0,31.25,3.62,0.001584,3.621584,i_Si_e,i_Si_n
16,S,32.0,2.0,34.375,3.39,0.001454,3.391454,i_Si_e,i_Si_n
16,S,32.0,2.0,37.5,3.18,0.001344,3.181344,i_Si_e,i_Si_n
16,S,32.0,2.0,40.625,3.0,0.001251,3.001251,i_Si_e,i_Si_n
16,S,32.0,2.0,43.75,2.84,0.00117,2.84117,i_Si_e,i_Si_n
16,S,32.0,2.0,46.875,2.7,0.001099,2.701099,i_Si_e,i_Si_n
16,S,32.0,2.0,50.0,2.57,0.001037,2.571037,i_Si_e,i_Si_n
16,S,32.0,2.0,53.125,2.45,0.0009818,2.4509818,i_Si_e,i_Si_n
16,S,32.0,2.0,56.25,2.35,0.0009324,2.3509324,i_Si_e,i_Si_n
16,S,32.0,2.0,62.5,2.17,0.0008476,2.1708476,i_Si_e,i_Si_n
16,S,32.0,2.0,70.3125,1.99,0.0007618,1.9907618,i_Si_e,i_Si_n
16,S,32.0,2.0,78.125,1.84,0.0006924,1.8406924,i_Si_e,i_Si_n
16,S,32.0,2.0,85.9375,1.72,0.000635,1.720635,i_Si_e,i_Si_n
16,S,32.0,2.0,93.75,1.61,0.0005867,1.6105867,i_Si_e,i_Si_n
16,S,32.0,2.0,101.5625,1.52,0.0005455,1.5205455,i_Si_e,i_Si_n
16,S,32.0,2.0,109.375,1.44,0.00051,1.44051,i_Si_e,i_Si_n
16,S,32.0,2.0,117.1875,1.38,0.0004789,1.3804789,i_Si_e,i_Si_n
16,S,32.0,2.0,125.0,1.31,0.0004516,1.3104516000000002,i_Si_e,i_Si_n
16,S,32.0,2.0,140.625,1.21,0.0004056,1.2104055999999999,i_Si_e,i_Si_n
16,S,32.0,2.0,156.25,1.13,0.0003684,1.1303683999999998,i_Si_e,i_Si_n
16,S,32.0,2.0,171.875,1.06,0.0003377,1.0603377,i_Si_e,i_Si_n
16,S,32.0,2.0,187.5,1.0,0.0003119,1.0003119,i_Si_e,i_Si_n
16,S,32.0,2.0,203.125,0.952,0.0002898,0.9522898,i_Si_e,i_Si_n
16,S,32.0,2.0,218.75,0.909,0.0002708,0.9092708,i_Si_e,i_Si_n
16,S,32.0,2.0,250.0,0.839,0.0002396,0.8392396,i_Si_e,i_Si_n
16,S,32.0,2.0,281.25,0.784,0.0002151,0.7842151,i_Si_e,i_Si_n
16,S,32.0,2.0,312.5,0.74,0.0001953,0.7401953,i_Si_e,i_Si_n
16,S,32.0,2.0,343.75,0.0001680651281085716,0.0001789701275801751,0.0003470352556887467,i_Si_e,i_Si_n
16,S,32.0,2.0,375.0,0.00015518787719786,0.0001652573377046011,0.0003204452149024611,i_Si_e,i_Si_n
16,S,32.0,2.0,406.25,0.0001442150705542643,0.0001535725611597101,0.0002977876317139744,i_Si_e,i_Si_n
16,S,32.0,2.0,437.5,0.0001347487655689473,0.0001434920350758971,0.0002782408006448444,i_Si_e,i_Si_n
16,S,32.0,2.0,468.75,0.0001264952228057962,0.0001347029609002343,0.0002611981837060305,i_Si_e,i_Si_n
16,S,32.0,2.0,500.0,0.0001192327982794197,0.0001269693133927269,0.00024620211167214657,i_Si_e,i_Si_n
16,S,32.0,2.0,531.25,0.0001127910394351894,0.000120109580266135,0.0002329006197013244,i_Si_e,i_Si_n
16,S,32.0,2.0,562.5,0.000107036669045266,0.0001139818366579604,0.0002210185057032264,i_Si_e,i_Si_n
16,S,32.0,2.0,625.0,9.718787096291151e-05,0.0001034939972713476,0.0002006818682342591,i_Si_e,i_Si_n
16,S,32.0,2.0,703.125,8.724668153046893e-05,9.290777099482881e-05,0.00018015445252529775,i_Si_e,i_Si_n
16,S,32.0,2.0,781.25,7.921882568056667e-05,8.435902490920467e-05,0.00016357785058977134,i_Si_e,i_Si_n
16,S,32.0,2.0,859.375,7.259499501971127e-05,7.730540425263445e-05,0.00014990039927234572,i_Si_e,i_Si_n
16,S,32.0,2.0,937.5,6.70327229633285e-05,7.138222154557746e-05,0.00013841494450890596,i_Si_e,i_Si_n
16,S,32.0,2.0,1015.625,6.229306725599177e-05,6.633503078465096e-05,0.00012862809804064273,i_Si_e,i_Si_n
16,S,32.0,2.0,1093.75,5.820413833303157e-05,6.198078935606802e-05,0.00012018492768909958,i_Si_e,i_Si_n
16,S,32.0,2.0,1171.875,5.463905673324327e-05,5.81843852223579e-05,0.00011282344195560117,i_Si_e,i_Si_n
16,S,32.0,2.0,1250.0,5.150208430917964e-05,5.484386826012121e-05,0.00010634595256930085,i_Si_e,i_Si_n
16,S,32.0,2.0,1406.25,4.623401977385744e-05,4.923398155568761e-05,9.546800132954505e-05,i_Si_e,i_Si_n
18,Ar,40.0,2.2222222222222223,0.025,4.5,0.6794,5.1794,i_Si_e,i_Si_n
18,Ar,40.0,2.2222222222222223,0.027500000000000004,4.77,0.6388,5.408799999999999,i_Si_e,i_Si_n
18,Ar,40.0,2.2222222222222223,0.03,5.03,0.6034,5.6334,i_Si_e,i_Si_n
18,Ar,40.0,2.2222222222222223,0.0325,5.28,0.5721,5.8521,i_Si_e,i_Si_n
18,Ar,40.0,2.2222222222222223,0.034999999999999996,5.52,0.5444,6.064399999999999,i_Si_e,i_Si_n
18,Ar,40.0,2.2222222222222223,0.0375,5.75,0.5195,6.2695,i_Si_e,i_Si_n
18,Ar,40.0,2.2222222222222223,0.04,5.97,0.4971,6.467099999999999,i_Si_e,i_Si_n
18,Ar,40.0,2.2222222222222223,0.042499999999999996,6.17,0.4768,6.6468,i_Si_e,i_Si_n
18,Ar,40.0,2.2222222222222223,0.045,6.38,0.4582,6.8382,i_Si_e,i_Si_n
18,Ar,40.0,2.2222222222222223,0.05,6.75,0.4256,7.1756,i_Si_e,i_Si_n
18,Ar,40.0,2.2222222222222223,0.05625,7.19,0.3915,7.5815,i_Si_e,i_Si_n
18,Ar,40.0,2.2222222222222223,0.0625,7.59,0.363,7.952999999999999,i_Si_e,i_Si_n
18,Ar,40.0,2.2222222222222223,0.06875,7.96,0.3388,8.2988,i_Si_e,i_Si_n
18,Ar,40.0,2.2222222222222223,0.075,8.31,0.318,8.628,i_Si_e,i_Si_n
18,Ar,40.0,2.2222222222222223,0.08125,8.64,0.2998,8.9398,i_Si_e,i_Si_n
18,Ar,40.0,2.2222222222222223,0.0875,8.96,0.2838,9.2438,i_Si_e,i_Si_n
18,Ar,40.0,2.2222222222222223,0.09375,9.26,0.2695,9.5295,i_Si_e,i_Si_n
18,Ar,40.0,2.2222222222222223,0.1,9.54,0.2568,9.7968,i_Si_e,i_Si_n
18,Ar,40.0,2.2222222222222223,0.1125,10.1,0.235,10.334999999999999,i_Si_e,i_Si_n
18,Ar,40.0,2.2222222222222223,0.125,10.6,0.2169,10.8169,i_Si_e,i_Si_n
18,Ar,40.0,2.2222222222222223,0.1375,11.1,0.2016,11.3016,i_Si_e,i_Si_n
18,Ar,40.0,2.2222222222222223,0.15,11.5,0.1885,11.6885,i_Si_e,i_Si_n
18,Ar,40.0,2.2222222222222223,0.1625,11.9,0.1772,12.0772,i_Si_e,i_Si_n
18,Ar,40.0,2.2222222222222223,0.175,12.3,0.1672,12.4672,i_Si_e,i_Si_n
18,Ar,40.0,2.2222222222222223,0.2,13.0,0.1506,13.1506,i_Si_e,i_Si_n
18,Ar,40.0,2.2222222222222223,0.225,13.6,0.1373,13.7373,i_Si_e,i_Si_n
18,Ar,40.0,2.2222222222222223,0.25,14.2,0.1262,14.3262,i_Si_e,i_Si_n
18,Ar,40.0,2.2222222222222223,0.275,14.7,0.117,14.817,i_Si_e,i_Si_n
18,Ar,40.0,2.2222222222222223,0.3,15.1,0.1091,15.2091,i_Si_e,i_Si_n
18,Ar,40.0,2.2222222222222223,0.325,15.5,0.1023,15.6023,i_Si_e,i_Si_n
18,Ar,40.0,2.2222222222222223,0.35,15.8,0.09636,15.896360000000001,i_Si_e,i_Si_n
18,Ar,40.0,2.2222222222222223,0.375,16.1,0.09112,16.19112,i_Si_e,i_Si_n
18,Ar,40.0,2.2222222222222223,0.4,16.4,0.08646,16.486459999999997,i_Si_e,i_Si_n
18,Ar,40.0,2.2222222222222223,0.425,16.6,0.08229,16.682290000000002,i_Si_e,i_Si_n
18,Ar,40.0,2.2222222222222223,0.45,16.8,0.07854,16.87854,i_Si_e,i_Si_n
18,Ar,40.0,2.2222222222222223,0.5,17.2,0.07204,17.27204,i_Si_e,i_Si_n
18,Ar,40.0,2.2222222222222223,0.5625,17.6,0.06538,17.665380000000003,i_Si_e,i_Si_n
18,Ar,40.0,2.2222222222222223,0.625,17.9,0.05993,17.95993,i_Si_e,i_Si_n
18,Ar,40.0,2.2222222222222223,0.6875,18.1,0.05537,18.15537,i_Si_e,i_Si_n
18,Ar,40.0,2.2222222222222223,0.75,18.3,0.0515,18.3515,i_Si_e,i_Si_n
18,Ar,40.0,2.2222222222222223,0.8125,18.4,0.04817,18.448169999999998,i_Si_e,i_Si_n
18,Ar,40.0,2.2222222222222223,0.875,18.5,0.04527,18.54527,i_Si_e,i_Si_n
18,Ar,40.0,2.2222222222222223,0.9375,18.6,0.04273,18.64273,i_Si_e,i_Si_n
18,Ar,40.0,2.2222222222222223,1.0,18.6,0.04047,18.64047,i_Si_e,i_Si_n
18,Ar,40.0,2.2222222222222223,1.125,18.7,0.03665,18.73665,i_Si_e,i_Si_n
18,Ar,40.0,2.2222222222222223,1.25,18.6,0.03352,18.63352,i_Si_e,i_Si_n
18,Ar,40.0,2.2222222222222223,1.375,18.6,0.03092,18.63092,i_Si_e,i_Si_n
18,Ar,40.0,2.2222222222222223,1.5,18.5,0.02872,18.52872,i_Si_e,i_Si_n
18,Ar,40.0,2.2222222222222223,1.625,18.4,0.02682,18.42682,i_Si_e,i_Si_n
18,Ar,40.0,2.2222222222222223,1.75,18.3,0.02518,18.32518,i_Si_e,i_Si_n
18,Ar,40.0,2.2222222222222223,2.0,18.0,0.02246,18.02246,i_Si_e,i_Si_n
18,Ar,40.0,2.2222222222222223,2.25,17.7,0.0203,17.720299999999998,i_Si_e,i_Si_n
18,Ar,40.0,2.2222222222222223,2.5,17.2,0.01854,17.21854,i_Si_e,i_Si_n
18,Ar,40.0,2.2222222222222223,2.75,16.8,0.01707,16.81707,i_Si_e,i_Si_n
18,Ar,40.0,2.2222222222222223,3.0,16.4,0.01584,16.41584,i_Si_e,i_Si_n
18,Ar,40.0,2.2222222222222223,3.25,16.0,0.01478,16.01478,i_Si_e,i_Si_n
18,Ar,40.0,2.2222222222222223,3.5,15.7,0.01386,15.713859999999999,i_Si_e,i_Si_n
18,Ar,40.0,2.2222222222222223,3.75,15.3,0.01305,15.31305,i_Si_e,i_Si_n
18,Ar,40.0,2.2222222222222223,4.0,15.0,0.01234,15.01234,i_Si_e,i_Si_n
18,Ar,40.0,2.2222222222222223,4.25,14.6,0.0117,14.611699999999999,i_Si_e,i_Si_n
18,Ar,40.0,2.2222222222222223,4.5,14.3,0.01113,14.31113,i_Si_e,i_Si_n
18,Ar,40.0,2.2222222222222223,5.0,13.7,0.01015,13.710149999999999,i_Si_e,i_Si_n
18,Ar,40.0,2.2222222222222223,5.625,13.1,0.00916,13.10916,i_Si_e,i_Si_n
18,Ar,40.0,2.2222222222222223,6.25,12.4,0.008351,12.408351,i_Si_e,i_Si_n
18,Ar,40.0,2.2222222222222223,6.875,11.9,0.00768,11.907680000000001,i_Si_e,i_Si_n
18,Ar,40.0,2.2222222222222223,7.5,11.4,0.007114,11.407114,i_Si_e,i_Si_n
18,Ar,40.0,2.2222222222222223,8.125,10.9,0.00663,10.90663,i_Si_e,i_Si_n
18,Ar,40.0,2.2222222222222223,8.75,10.5,0.00621,10.50621,i_Si_e,i_Si_n
18,Ar,40.0,2.2222222222222223,9.375,10.1,0.005843,10.105843,i_Si_e,i_Si_n
18,Ar,40.0,2.2222222222222223,10.0,9.74,0.005519,9.745519,i_Si_e,i_Si_n
18,Ar,40.0,2.2222222222222223,11.25,9.09,0.004972,9.094972,i_Si_e,i_Si_n
18,Ar,40.0,2.2222222222222223,12.5,8.53,0.004529,8.534529,i_Si_e,i_Si_n
18,Ar,40.0,2.2222222222222223,13.75,8.03,0.004161,8.034161,i_Si_e,i_Si_n
18,Ar,40.0,2.2222222222222223,15.0,7.6,0.003851,7.603851,i_Si_e,i_Si_n
18,Ar,40.0,2.2222222222222223,16.25,7.21,0.003586,7.213586,i_Si_e,i_Si_n
18,Ar,40.0,2.2222222222222223,17.5,6.86,0.003357,6.863357000000001,i_Si_e,i_Si_n
18,Ar,40.0,2.2222222222222223,20.0,6.27,0.00298,6.27298,i_Si_e,i_Si_n
18,Ar,40.0,2.2222222222222223,22.5,5.78,0.002682,5.782682,i_Si_e,i_Si_n
18,Ar,40.0,2.2222222222222223,25.0,5.38,0.002441,5.382441,i_Si_e,i_Si_n
18,Ar,40.0,2.2222222222222223,27.5,5.04,0.002241,5.042241,i_Si_e,i_Si_n
18,Ar,40.0,2.2222222222222223,30.0,4.77,0.002072,4.772072,i_Si_e,i_Si_n
18,Ar,40.0,2.2222222222222223,32.5,4.5,0.001929,4.501929,i_Si_e,i_Si_n
18,Ar,40.0,2.2222222222222223,35.0,4.27,0.001804,4.2718039999999995,i_Si_e,i_Si_n
18,Ar,40.0,2.2222222222222223,37.5,4.06,0.001696,4.0616959999999995,i_Si_e,i_Si_n
18,Ar,40.0,2.2222222222222223,40.0,3.88,0.0016,3.8815999999999997,i_Si_e,i_Si_n
18,Ar,40.0,2.2222222222222223,42.5,3.71,0.001515,3.711515,i_Si_e,i_Si_n
18,Ar,40.0,2.2222222222222223,45.0,3.56,0.001439,3.561439,i_Si_e,i_Si_n
18,Ar,40.0,2.2222222222222223,50.0,3.29,0.001308,3.291308,i_Si_e,i_Si_n
18,Ar,40.0,2.2222222222222223,56.25,3.01,0.001176,3.011176,i_Si_e,i_Si_n
18,Ar,40.0,2.2222222222222223,62.5,2.78,0.001069,2.781069,i_Si_e,i_Si_n
18,Ar,40.0,2.2222222222222223,68.75,2.59,0.0009808,2.5909807999999996,i_Si_e,i_Si_n
18,Ar,40.0,2.2222222222222223,75.0,2.42,0.0009065,2.4209065,i_Si_e,i_Si_n
18,Ar,40.0,2.2222222222222223,81.25,2.28,0.000843,2.280843,i_Si_e,i_Si_n
18,Ar,40.0,2.2222222222222223,87.5,2.16,0.0007881,2.1607881,i_Si_e,i_Si_n
18,Ar,40.0,2.2222222222222223,93.75,2.05,0.0007403,2.0507402999999997,i_Si_e,i_Si_n
18,Ar,40.0,2.2222222222222223,100.0,1.96,0.0006981,1.9606980999999999,i_Si_e,i_Si_n
18,Ar,40.0,2.2222222222222223,112.5,1.8,0.0006271,1.8006271,i_Si_e,i_Si_n
18,Ar,40.0,2.2222222222222223,125.0,1.67,0.0005698,1.6705698,i_Si_e,i_Si_n
18,Ar,40.0,2.2222222222222223,137.5,1.56,0.0005224,1.5605224,i_Si_e,i_Si_n
18,Ar,40.0,2.2222222222222223,150.0,1.47,0.0004825,1.4704825,i_Si_e,i_Si_n
18,Ar,40.0,2.2222222222222223,162.5,1.39,0.0004485,1.3904485,i_Si_e,i_Si_n
18,Ar,40.0,2.2222222222222223,175.0,1.32,0.0004191,1.3204191,i_Si_e,i_Si_n
18,Ar,40.0,2.2222222222222223,200.0,1.21,0.000371,1.2103709999999999,i_Si_e,i_Si_n
18,Ar,40.0,2.2222222222222223,225.0,1.13,0.0003331,1.1303330999999999,i_Si_e,i_Si_n
18,Ar,40.0,2.2222222222222223,250.0,1.06,0.0003024,1.0603024,i_Si_e,i_Si_n
18,Ar,40.0,2.2222222222222223,275.0,0.0002601983576976231,0.0002771653289856531,0.0005373636866832762,i_Si_e,i_Si_n
18,Ar,40.0,2.2222222222222223,300.0,0.0002402925525931378,0.0002559711717208746,0.0004962637243140123,i_Si_e,i_Si_n
18,Ar,40.0,2.2222222222222223,325.0,0.0002233285736237283,0.0002379085875296648,0.0004612371611533931,i_Si_e,i_Si_n
18,Ar,40.0,2.2222222222222223,350.0,0.0002086919883401429,0.0002223235999131712,0.0004310155882533141,i_Si_e,i_Si_n
18,Ar,40.0,2.2222222222222223,375.0,0.0001959292043414592,0.0002087334075370342,0.00040466261187849337,i_Si_e,i_Si_n
18,Ar,40.0,2.2222222222222223,400.0,0.0001846979226276505,0.0001967736577453479,0.0003814715803729984,i_Si_e,i_Si_n
18,Ar,40.0,2.2222222222222223,425.0,0.0001747348763245735,0.0001861641137050217,0.0003608989900295952,i_Si_e,i_Si_n
18,Ar,40.0,2.2222222222222223,450.0,0.0001658341973890513,0.0001766856312980998,0.00034251982868715113,i_Si_e,i_Si_n
18,Ar,40.0,2.2222222222222223,500.0,0.0001505985792461446,0.0001604603980150594,0.000311058977261204,i_Si_e,i_Si_n
18,Ar,40.0,2.2222222222222223,562.5,0.000135217517132361,0.0001440794822156799,0.0002792969993480409,i_Si_e,i_Si_n
18,Ar,40.0,2.2222222222222223,625.0,0.0001227947328713591,0.0001308485069910736,0.0002536432398624327,i_Si_e,i_Si_n
18,Ar,40.0,2.2222222222222223,687.5,0.0001125431061185133,0.0001199294625908145,0.0002324725687093278,i_Si_e,i_Si_n
18,Ar,40.0,2.2222222222222223,750.0,0.0001039332856873946,0.0001107587488506351,0.00021469203453802971,i_Si_e,i_Si_n
18,Ar,40.0,2.2222222222222223,812.5,9.659588777973698e-05,0.0001029430670589011,0.0001995389548386381,i_Si_e,i_Si_n
18,Ar,40.0,2.2222222222222223,875.0,9.026515308425707e-05,9.619944152618794e-05,0.000186464594610445,i_Si_e,i_Si_n
18,Ar,40.0,2.2222222222222223,937.5,8.47448901331716e-05,9.031896407202459e-05,0.0001750638542051962,i_Si_e,i_Si_n
18,Ar,40.0,2.2222222222222223,1000.0,7.988704498399894e-05,8.514397926968018e-05,0.00016503102425367912,i_Si_e,i_Si_n
18,Ar,40.0,2.2222222222222223,1125.0,7.172795339670585e-05,7.64518884329751e-05,0.00014817984182968096,i_Si_e,i_Si_n
20,Ca,40.0,2.0,0.025,4.7,0.8036,5.5036000000000005,i_Si_e,i_Si_n
20,Ca,40.0,2.0,0.027500000000000004,5.03,0.7564,5.7864,i_Si_e,i_Si_n
20,Ca,40.0,2.0,0.03,5.36,0.7152,6.075200000000001,i_Si_e,i_Si_n
20,Ca,40.0,2.0,0.0325,5.68,0.6788,6.3588,i_Si_e,i_Si_n
20,Ca,40.0,2.0,0.034999999999999996,6.0,0.6464,6.6464,i_Si_e,i_Si_n
20,Ca,40.0,2.0,0.0375,6.31,0.6173,6.9273,i_Si_e,i_Si_n
20,Ca,40.0,2.0,0.04,6.61,0.5911,7.2011,i_Si_e,i_Si_n
20,Ca,40.0,2.0,0.042499999999999996,6.9,0.5672,7.4672,i_Si_e,i_Si_n
20,Ca,40.0,2.0,0.045,7.18,0.5455,7.725499999999999,i_Si_e,i_Si_n
20,Ca,40.0,2.0,0.05,7.73,0.5072,8.2372,i_Si_e,i_Si_n
20,Ca,40.0,2.0,0.05625,8.36,0.4671,8.8271,i_Si_e,i_Si_n
20,Ca,40.0,2.0,0.0625,8.94,0.4335,9.3735,i_Si_e,i_Si_n
20,Ca,40.0,2.0,0.06875,9.48,0.4049,9.8849,i_Si_e,i_Si_n
20,Ca,40.0,2.0,0.075,9.97,0.3802,10.350200000000001,i_Si_e,i_Si_n
20,Ca,40.0,2.0,0.08125,10.4,0.3587,10.758700000000001,i_Si_e,i_Si_n
20,Ca,40.0,2.0,0.0875,10.9,0.3397,11.239700000000001,i_Si_e,i_Si_n
20,Ca,40.0,2.0,0.09375,11.2,0.3229,11.5229,i_Si_e,i_Si_n
20,Ca,40.0,2.0,0.1,11.6,0.3078,11.9078,i_Si_e,i_Si_n
20,Ca,40.0,2.0,0.1125,12.3,0.2818,12.581800000000001,i_Si_e,i_Si_n
20,Ca,40.0,2.0,0.125,12.8,0.2603,13.060300000000002,i_Si_e,i_Si_n
20,Ca,40.0,2.0,0.1375,13.3,0.2421,13.542100000000001,i_Si_e,i_Si_n
20,Ca,40.0,2.0,0.15,13.7,0.2265,13.926499999999999,i_Si_e,i_Si_n
20,Ca,40.0,2.0,0.1625,14.1,0.213,14.312999999999999,i_Si_e,i_Si_n
20,Ca,40.0,2.0,0.175,14.5,0.2011,14.7011,i_Si_e,i_Si_n
20,Ca,40.0,2.0,0.2,15.1,0.1813,15.2813,i_Si_e,i_Si_n
20,Ca,40.0,2.0,0.225,15.6,0.1653,15.7653,i_Si_e,i_Si_n
20,Ca,40.0,2.0,0.25,16.1,0.1521,16.252100000000002,i_Si_e,i_Si_n
20,Ca,40.0,2.0,0.275,16.5,0.141,16.641,i_Si_e,i_Si_n
20,Ca,40.0,2.0,0.3,16.8,0.1316,16.9316,i_Si_e,i_Si_n
20,Ca,40.0,2.0,0.325,17.2,0.1234,17.3234,i_Si_e,i_Si_n
20,Ca,40.0,2.0,0.35,17.5,0.1163,17.6163,i_Si_e,i_Si_n
20,Ca,40.0,2.0,0.375,17.7,0.11,17.81,i_Si_e,i_Si_n
20,Ca,40.0,2.0,0.4,18.0,0.1044,18.1044,i_Si_e,i_Si_n
20,Ca,40.0,2.0,0.425,18.2,0.0994,18.2994,i_Si_e,i_Si_n
20,Ca,40.0,2.0,0.45,18.4,0.09488,18.49488,i_Si_e,i_Si_n
20,Ca,40.0,2.0,0.5,18.8,0.08707,18.88707,i_Si_e,i_Si_n
20,Ca,40.0,2.0,0.5625,19.2,0.07906,19.279059999999998,i_Si_e,i_Si_n
20,Ca,40.0,2.0,0.625,19.6,0.07249,19.67249,i_Si_e,i_Si_n
20,Ca,40.0,2.0,0.6875,19.9,0.067,19.967,i_Si_e,i_Si_n
20,Ca,40.0,2.0,0.75,20.2,0.06234,20.26234,i_Si_e,i_Si_n
20,Ca,40.0,2.0,0.8125,20.4,0.05832,20.458319999999997,i_Si_e,i_Si_n
20,Ca,40.0,2.0,0.875,20.6,0.05483,20.65483,i_Si_e,i_Si_n
20,Ca,40.0,2.0,0.9375,20.8,0.05176,20.851760000000002,i_Si_e,i_Si_n
20,Ca,40.0,2.0,1.0,21.0,0.04903,21.04903,i_Si_e,i_Si_n
20,Ca,40.0,2.0,1.125,21.2,0.04441,21.24441,i_Si_e,i_Si_n
20,Ca,40.0,2.0,1.25,21.4,0.04064,21.44064,i_Si_e,i_Si_n
20,Ca,40.0,2.0,1.375,21.5,0.0375,21.5375,i_Si_e,i_Si_n
20,Ca,40.0,2.0,1.5,21.5,0.03483,21.53483,i_Si_e,i_Si_n
20,Ca,40.0,2.0,1.625,21.5,0.03254,21.53254,i_Si_e,i_Si_n
20,Ca,40.0,2.0,1.75,21.5,0.03055,21.53055,i_Si_e,i_Si_n
20,Ca,40.0,2.0,2.0,21.4,0.02726,21.427259999999997,i_Si_e,i_Si_n
20,Ca,40.0,2.0,2.25,21.1,0.02465,21.124650000000003,i_Si_e,i_Si_n
20,Ca,40.0,2.0,2.5,20.6,0.02251,20.622510000000002,i_Si_e,i_Si_n
20,Ca,40.0,2.0,2.75,20.2,0.02074,20.22074,i_Si_e,i_Si_n
20,Ca,40.0,2.0,3.0,19.8,0.01924,19.81924,i_Si_e,i_Si_n
20,Ca,40.0,2.0,3.25,19.4,0.01796,19.417959999999997,i_Si_e,i_Si_n
20,Ca,40.0,2.0,3.5,18.9,0.01684,18.916839999999997,i_Si_e,i_Si_n
20,Ca,40.0,2.0,3.75,18.5,0.01586,18.51586,i_Si_e,i_Si_n
20,Ca,40.0,2.0,4.0,18.1,0.015,18.115000000000002,i_Si_e,i_Si_n
20,Ca,40.0,2.0,4.25,17.7,0.01423,17.71423,i_Si_e,i_Si_n
20,Ca,40.0,2.0,4.5,17.3,0.01354,17.31354,i_Si_e,i_Si_n
20,Ca,40.0,2.0,5.0,16.5,0.01235,16.51235,i_Si_e,i_Si_n
20,Ca,40.0,2.0,5.625,15.7,0.01114,15.711139999999999,i_Si_e,i_Si_n
20,Ca,40.0,2.0,6.25,14.9,0.01016,14.910160000000001,i_Si_e,i_Si_n
20,Ca,40.0,2.0,6.875,14.2,0.009347,14.209347,i_Si_e,i_Si_n
20,Ca,40.0,2.0,7.5,13.5,0.00866,13.50866,i_Si_e,i_Si_n
20,Ca,40.0,2.0,8.125,12.9,0.008071,12.908071,i_Si_e,i_Si_n
20,Ca,40.0,2.0,8.75,12.4,0.007561,12.407561000000001,i_Si_e,i_Si_n
20,Ca,40.0,2.0,9.375,11.9,0.007115,11.907115000000001,i_Si_e,i_Si_n
20,Ca,40.0,2.0,10.0,11.5,0.006721,11.506721,i_Si_e,i_Si_n
20,Ca,40.0,2.0,11.25,10.7,0.006056,10.706055999999998,i_Si_e,i_Si_n
20,Ca,40.0,2.0,12.5,10.0,0.005517,10.005517,i_Si_e,i_Si_n
20,Ca,40.0,2.0,13.75,9.46,0.00507,9.46507,i_Si_e,i_Si_n
20,Ca,40.0,2.0,15.0,8.96,0.004693,8.964693,i_Si_e,i_Si_n
20,Ca,40.0,2.0,16.25,8.52,0.004371,8.524371,i_Si_e,i_Si_n
20,Ca,40.0,2.0,17.5,8.13,0.004092,8.134092,i_Si_e,i_Si_n
20,Ca,40.0,2.0,20.0,7.46,0.003633,7.463633,i_Si_e,i_Si_n
20,Ca,40.0,2.0,22.5,6.9,0.00327,6.90327,i_Si_e,i_Si_n
20,Ca,40.0,2.0,25.0,6.43,0.002976,6.432976,i_Si_e,i_Si_n
20,Ca,40.0,2.0,27.5,6.01,0.002733,6.012733,i_Si_e,i_Si_n
20,Ca,40.0,2.0,30.0,5.63,0.002528,5.632528,i_Si_e,i_Si_n
20,Ca,40.0,2.0,32.5,5.32,0.002353,5.3223530000000006,i_Si_e,i_Si_n
20,Ca,40.0,2.0,35.0,5.04,0.002201,5.042201,i_Si_e,i_Si_n
20,Ca,40.0,2.0,37.5,4.8,0.002069,4.8020689999999995,i_Si_e,i_Si_n
20,Ca,40.0,2.0,40.0,4.58,0.001952,4.581952,i_Si_e,i_Si_n
20,Ca,40.0,2.0,42.5,4.38,0.001849,4.381849,i_Si_e,i_Si_n
20,Ca,40.0,2.0,45.0,4.2,0.001756,4.2017560000000005,i_Si_e,i_Si_n
20,Ca,40.0,2.0,50.0,3.89,0.001597,3.891597,i_Si_e,i_Si_n
20,Ca,40.0,2.0,56.25,3.56,0.001436,3.561436,i_Si_e,i_Si_n
20,Ca,40.0,2.0,62.5,3.29,0.001305,3.291305,i_Si_e,i_Si_n
20,Ca,40.0,2.0,68.75,3.06,0.001198,3.061198,i_Si_e,i_Si_n
20,Ca,40.0,2.0,75.0,2.87,0.001107,2.8711070000000003,i_Si_e,i_Si_n
20,Ca,40.0,2.0,81.25,2.7,0.001029,2.701029,i_Si_e,i_Si_n
20,Ca,40.0,2.0,87.5,2.56,0.0009625,2.5609625,i_Si_e,i_Si_n
20,Ca,40.0,2.0,93.75,2.43,0.0009041,2.4309041000000002,i_Si_e,i_Si_n
20,Ca,40.0,2.0,100.0,2.32,0.0008526,2.3208526,i_Si_e,i_Si_n
20,Ca,40.0,2.0,112.5,2.13,0.0007661,2.1307660999999998,i_Si_e,i_Si_n
20,Ca,40.0,2.0,125.0,1.97,0.0006961,1.9706961,i_Si_e,i_Si_n
20,Ca,40.0,2.0,137.5,1.85,0.0006382,1.8506382000000001,i_Si_e,i_Si_n
20,Ca,40.0,2.0,150.0,1.74,0.0005896,1.7405896,i_Si_e,i_Si_n
20,Ca,40.0,2.0,162.5,1.65,0.0005481,1.6505481,i_Si_e,i_Si_n
20,Ca,40.0,2.0,175.0,1.57,0.0005122,1.5705122,i_Si_e,i_Si_n
20,Ca,40.0,2.0,200.0,1.44,0.0004534,1.4404534,i_Si_e,i_Si_n
20,Ca,40.0,2.0,225.0,1.34,0.0004071,1.3404071000000002,i_Si_e,i_Si_n
20,Ca,40.0,2.0,250.0,1.25,0.0003697,1.2503697,i_Si_e,i_Si_n
20,Ca,40.0,2.0,275.0,0.0003181528641277711,0.000338877391959363,0.0006570302560871341,i_Si_e,i_Si_n
20,Ca,40.0,2.0,300.0,0.0002938393803131143,0.0003129879676458398,0.0006068273479589541,i_Si_e,i_Si_n
20,Ca,40.0,2.0,325.0,0.0002731173610224532,0.0002909222663944474,0.0005640396274169007,i_Si_e,i_Si_n
20,Ca,40.0,2.0,350.0,0.0002552369225834469,0.000271881980123218,0.0005271189027066649,i_Si_e,i_Si_n
20,Ca,40.0,2.0,375.0,0.00023964443457905,0.0002552777139968963,0.0004949221485759463,i_Si_e,i_Si_n
20,Ca,40.0,2.0,400.0,0.0002259220746258886,0.000240664645126922,0.0004665867197528106,i_Si_e,i_Si_n
20,Ca,40.0,2.0,425.0,0.0002137484677788471,0.0002277006240489482,0.0004414490918277953,i_Si_e,i_Si_n
20,Ca,40.0,2.0,450.0,0.0002028722908446978,0.0002161180765192437,0.0004189903673639415,i_Si_e,i_Si_n
20,Ca,40.0,2.0,500.0,0.0001842536142533196,0.0001962897197293953,0.00038054333398271486,i_Si_e,i_Si_n
20,Ca,40.0,2.0,562.5,0.0001654550706560429,0.0001762691676047638,0.0003417242382608067,i_Si_e,i_Si_n
20,Ca,40.0,2.0,625.0,0.0001502703727452439,0.0001600968603058615,0.0003103672330511054,i_Si_e,i_Si_n
20,Ca,40.0,2.0,687.5,0.0001377382583763958,0.0001467492736849681,0.00028448753206136387,i_Si_e,i_Si_n
20,Ca,40.0,2.0,750.0,0.0001272121959287902,0.0001355379792632173,0.0002627501751920075,i_Si_e,i_Si_n
20,Ca,40.0,2.0,812.5,0.0001182409900433342,0.0001259825302754027,0.0002442235203187369,i_Si_e,i_Si_n
20,Ca,40.0,2.0,875.0,0.0001104999927829543,0.00011773722313083,0.0002282372159137843,i_Si_e,i_Si_n
20,Ca,40.0,2.0,937.5,0.0001037495203414491,0.0001105468231456877,0.0002142963434871368,i_Si_e,i_Si_n
20,Ca,40.0,2.0,1000.0,9.780868442930287e-05,0.0001042187018432364,0.00020202738627253926,i_Si_e,i_Si_n
20,Ca,40.0,2.0,1125.0,8.78297169833312e-05,9.358892482032142e-05,0.00018141864180365263,i_Si_e,i_Si_n
24,Cr,52.0,2.1666666666666665,0.019230769230769232,3.55,1.303,4.853,i_Si_e,i_Si_n
24,Cr,52.0,2.1666666666666665,0.021153846153846155,3.81,1.231,5.041,i_Si_e,i_Si_n
24,Cr,52.0,2.1666666666666665,0.023076923076923075,4.07,1.168,5.238,i_Si_e,i_Si_n
24,Cr,52.0,2.1666666666666665,0.025,4.35,1.112,5.462,i_Si_e,i_Si_n
24,Cr,52.0,2.1666666666666665,0.02692307692307692,4.62,1.062,5.682,i_Si_e,i_Si_n
24,Cr,52.0,2.1666666666666665,0.028846153846153848,4.9,1.017,5.917,i_Si_e,i_Si_n
24,Cr,52.0,2.1666666666666665,0.03076923076923077,5.19,0.9762,6.1662,i_Si_e,i_Si_n
24,Cr,52.0,2.1666666666666665,0.032692307692307694,5.48,0.9388,6.4188,i_Si_e,i_Si_n
24,Cr,52.0,2.1666666666666665,0.03461538461538462,5.76,0.9046,6.6646,i_Si_e,i_Si_n
24,Cr,52.0,2.1666666666666665,0.038461538461538464,6.34,0.844,7.184,i_Si_e,i_Si_n
24,Cr,52.0,2.1666666666666665,0.04326923076923077,7.04,0.7801,7.8201,i_Si_e,i_Si_n
24,Cr,52.0,2.1666666666666665,0.04807692307692308,7.72,0.7263,8.446299999999999,i_Si_e,i_Si_n
24,Cr,52.0,2.1666666666666665,0.052884615384615384,8.38,0.6803,9.060300000000002,i_Si_e,i_Si_n
24,Cr,52.0,2.1666666666666665,0.057692307692307696,9.01,0.6404,9.6504,i_Si_e,i_Si_n
24,Cr,52.0,2.1666666666666665,0.0625,9.6,0.6054,10.2054,i_Si_e,i_Si_n
24,Cr,52.0,2.1666666666666665,0.0673076923076923,10.2,0.5745,10.7745,i_Si_e,i_Si_n
24,Cr,52.0,2.1666666666666665,0.07211538461538461,10.7,0.5469,11.2469,i_Si_e,i_Si_n
24,Cr,52.0,2.1666666666666665,0.07692307692307693,11.2,0.5222,11.722199999999999,i_Si_e,i_Si_n
24,Cr,52.0,2.1666666666666665,0.08653846153846154,12.1,0.4795,12.5795,i_Si_e,i_Si_n
24,Cr,52.0,2.1666666666666665,0.09615384615384616,12.9,0.4439,13.3439,i_Si_e,i_Si_n
24,Cr,52.0,2.1666666666666665,0.10576923076923077,13.6,0.4138,14.0138,i_Si_e,i_Si_n
24,Cr,52.0,2.1666666666666665,0.11538461538461539,14.3,0.3878,14.687800000000001,i_Si_e,i_Si_n
24,Cr,52.0,2.1666666666666665,0.125,14.8,0.3653,15.1653,i_Si_e,i_Si_n
24,Cr,52.0,2.1666666666666665,0.1346153846153846,15.3,0.3454,15.6454,i_Si_e,i_Si_n
24,Cr,52.0,2.1666666666666665,0.15384615384615385,16.1,0.3121,16.412100000000002,i_Si_e,i_Si_n
24,Cr,52.0,2.1666666666666665,0.17307692307692307,16.8,0.2852,17.0852,i_Si_e,i_Si_n
24,Cr,52.0,2.1666666666666665,0.19230769230769232,17.4,0.2629,17.662899999999997,i_Si_e,i_Si_n
24,Cr,52.0,2.1666666666666665,0.21153846153846154,17.9,0.2442,18.144199999999998,i_Si_e,i_Si_n
24,Cr,52.0,2.1666666666666665,0.23076923076923078,18.3,0.2281,18.528100000000002,i_Si_e,i_Si_n
24,Cr,52.0,2.1666666666666665,0.25,18.7,0.2142,18.9142,i_Si_e,i_Si_n
24,Cr,52.0,2.1666666666666665,0.2692307692307692,19.0,0.2021,19.2021,i_Si_e,i_Si_n
24,Cr,52.0,2.1666666666666665,0.28846153846153844,19.3,0.1913,19.4913,i_Si_e,i_Si_n
24,Cr,52.0,2.1666666666666665,0.3076923076923077,19.6,0.1818,19.7818,i_Si_e,i_Si_n
24,Cr,52.0,2.1666666666666665,0.3269230769230769,19.8,0.1732,19.973200000000002,i_Si_e,i_Si_n
24,Cr,52.0,2.1666666666666665,0.34615384615384615,20.1,0.1655,20.265500000000003,i_Si_e,i_Si_n
24,Cr,52.0,2.1666666666666665,0.38461538461538464,20.5,0.1521,20.6521,i_Si_e,i_Si_n
24,Cr,52.0,2.1666666666666665,0.4326923076923077,21.0,0.1383,21.1383,i_Si_e,i_Si_n
24,Cr,52.0,2.1666666666666665,0.4807692307692308,21.4,0.127,21.526999999999997,i_Si_e,i_Si_n
24,Cr,52.0,2.1666666666666665,0.5288461538461539,21.9,0.1175,22.0175,i_Si_e,i_Si_n
24,Cr,52.0,2.1666666666666665,0.5769230769230769,22.2,0.1094,22.3094,i_Si_e,i_Si_n
24,Cr,52.0,2.1666666666666665,0.625,22.6,0.1025,22.7025,i_Si_e,i_Si_n
24,Cr,52.0,2.1666666666666665,0.6730769230769231,22.9,0.09639,22.996389999999998,i_Si_e,i_Si_n
24,Cr,52.0,2.1666666666666665,0.7211538461538461,23.2,0.09106,23.291059999999998,i_Si_e,i_Si_n
24,Cr,52.0,2.1666666666666665,0.7692307692307693,23.5,0.08633,23.58633,i_Si_e,i_Si_n
24,Cr,52.0,2.1666666666666665,0.8653846153846154,24.0,0.07829,24.07829,i_Si_e,i_Si_n
24,Cr,52.0,2.1666666666666665,0.9615384615384616,24.5,0.07171,24.57171,i_Si_e,i_Si_n
24,Cr,52.0,2.1666666666666665,1.0576923076923077,24.9,0.06622,24.96622,i_Si_e,i_Si_n
24,Cr,52.0,2.1666666666666665,1.1538461538461537,25.2,0.06156,25.26156,i_Si_e,i_Si_n
24,Cr,52.0,2.1666666666666665,1.25,25.5,0.05756,25.55756,i_Si_e,i_Si_n
24,Cr,52.0,2.1666666666666665,1.3461538461538463,25.7,0.05408,25.75408,i_Si_e,i_Si_n
24,Cr,52.0,2.1666666666666665,1.5384615384615385,26.1,0.04831,26.148310000000002,i_Si_e,i_Si_n
24,Cr,52.0,2.1666666666666665,1.7307692307692308,26.3,0.04371,26.34371,i_Si_e,i_Si_n
24,Cr,52.0,2.1666666666666665,1.9230769230769231,26.4,0.03997,26.43997,i_Si_e,i_Si_n
24,Cr,52.0,2.1666666666666665,2.1153846153846154,26.4,0.03685,26.43685,i_Si_e,i_Si_n
24,Cr,52.0,2.1666666666666665,2.3076923076923075,26.2,0.03421,26.23421,i_Si_e,i_Si_n
24,Cr,52.0,2.1666666666666665,2.5,25.9,0.03194,25.931939999999997,i_Si_e,i_Si_n
24,Cr,52.0,2.1666666666666665,2.6923076923076925,25.6,0.02997,25.62997,i_Si_e,i_Si_n
24,Cr,52.0,2.1666666666666665,2.8846153846153846,25.3,0.02824,25.32824,i_Si_e,i_Si_n
24,Cr,52.0,2.1666666666666665,3.076923076923077,25.0,0.02672,25.02672,i_Si_e,i_Si_n
24,Cr,52.0,2.1666666666666665,3.269230769230769,24.7,0.02536,24.72536,i_Si_e,i_Si_n
24,Cr,52.0,2.1666666666666665,3.4615384615384617,24.4,0.02414,24.424139999999998,i_Si_e,i_Si_n
24,Cr,52.0,2.1666666666666665,3.8461538461538463,23.8,0.02203,23.82203,i_Si_e,i_Si_n
24,Cr,52.0,2.1666666666666665,4.326923076923077,22.9,0.01989,22.91989,i_Si_e,i_Si_n
24,Cr,52.0,2.1666666666666665,4.8076923076923075,22.1,0.01815,22.11815,i_Si_e,i_Si_n
24,Cr,52.0,2.1666666666666665,5.288461538461538,21.3,0.01671,21.31671,i_Si_e,i_Si_n
24,Cr,52.0,2.1666666666666665,5.769230769230769,20.6,0.01549,20.61549,i_Si_e,i_Si_n
24,Cr,52.0,2.1666666666666665,6.25,19.9,0.01444,19.91444,i_Si_e,i_Si_n
24,Cr,52.0,2.1666666666666665,6.730769230769231,19.2,0.01353,19.21353,i_Si_e,i_Si_n
24,Cr,52.0,2.1666666666666665,7.211538461538462,18.6,0.01274,18.612740000000002,i_Si_e,i_Si_n
24,Cr,52.0,2.1666666666666665,7.6923076923076925,18.0,0.01204,18.01204,i_Si_e,i_Si_n
24,Cr,52.0,2.1666666666666665,8.653846153846153,17.0,0.01086,17.01086,i_Si_e,i_Si_n
24,Cr,52.0,2.1666666666666665,9.615384615384615,16.0,0.009894,16.009894,i_Si_e,i_Si_n
24,Cr,52.0,2.1666666666666665,10.576923076923077,15.2,0.009097,15.209097,i_Si_e,i_Si_n
24,Cr,52.0,2.1666666666666665,11.538461538461538,14.5,0.008424,14.508424,i_Si_e,i_Si_n
24,Cr,52.0,2.1666666666666665,12.5,13.8,0.007848,13.807848,i_Si_e,i_Si_n
24,Cr,52.0,2.1666666666666665,13.461538461538462,13.2,0.00735,13.20735,i_Si_e,i_Si_n
24,Cr,52.0,2.1666666666666665,15.384615384615385,12.2,0.00653,12.206529999999999,i_Si_e,i_Si_n
24,Cr,52.0,2.1666666666666665,17.307692307692307,11.4,0.005881,11.405881,i_Si_e,i_Si_n
24,Cr,52.0,2.1666666666666665,19.23076923076923,10.7,0.005355,10.705354999999999,i_Si_e,i_Si_n
24,Cr,52.0,2.1666666666666665,21.153846153846153,10.1,0.004919,10.104918999999999,i_Si_e,i_Si_n
24,Cr,52.0,2.1666666666666665,23.076923076923077,9.5,0.004552,9.504552,i_Si_e,i_Si_n
24,Cr,52.0,2.1666666666666665,25.0,9.01,0.004238,9.014238,i_Si_e,i_Si_n
24,Cr,52.0,2.1666666666666665,26.923076923076923,8.57,0.003966,8.573966,i_Si_e,i_Si_n
24,Cr,52.0,2.1666666666666665,28.846153846153847,8.16,0.003729,8.163729,i_Si_e,i_Si_n
24,Cr,52.0,2.1666666666666665,30.76923076923077,7.79,0.003519,7.793519,i_Si_e,i_Si_n
24,Cr,52.0,2.1666666666666665,32.69230769230769,7.47,0.003333,7.473332999999999,i_Si_e,i_Si_n
24,Cr,52.0,2.1666666666666665,34.61538461538461,7.17,0.003167,7.173167,i_Si_e,i_Si_n
24,Cr,52.0,2.1666666666666665,38.46153846153846,6.65,0.002881,6.652881000000001,i_Si_e,i_Si_n
24,Cr,52.0,2.1666666666666665,43.26923076923077,6.11,0.002592,6.112592,i_Si_e,i_Si_n
24,Cr,52.0,2.1666666666666665,48.07692307692308,5.67,0.002357,5.672357,i_Si_e,i_Si_n
24,Cr,52.0,2.1666666666666665,52.88461538461539,5.29,0.002163,5.292163,i_Si_e,i_Si_n
24,Cr,52.0,2.1666666666666665,57.69230769230769,4.97,0.002,4.9719999999999995,i_Si_e,i_Si_n
24,Cr,52.0,2.1666666666666665,62.5,4.69,0.00186,4.69186,i_Si_e,i_Si_n
24,Cr,52.0,2.1666666666666665,67.3076923076923,4.44,0.00174,4.44174,i_Si_e,i_Si_n
24,Cr,52.0,2.1666666666666665,72.11538461538461,4.22,0.001635,4.221635,i_Si_e,i_Si_n
24,Cr,52.0,2.1666666666666665,76.92307692307692,4.02,0.001542,4.021541999999999,i_Si_e,i_Si_n
24,Cr,52.0,2.1666666666666665,86.53846153846153,3.69,0.001386,3.691386,i_Si_e,i_Si_n
24,Cr,52.0,2.1666666666666665,96.15384615384616,3.41,0.00126,3.41126,i_Si_e,i_Si_n
24,Cr,52.0,2.1666666666666665,105.76923076923077,3.19,0.001155,3.1911549999999997,i_Si_e,i_Si_n
24,Cr,52.0,2.1666666666666665,115.38461538461539,2.99,0.001068,2.9910680000000003,i_Si_e,i_Si_n
24,Cr,52.0,2.1666666666666665,125.0,2.83,0.0009927,2.8309927,i_Si_e,i_Si_n
24,Cr,52.0,2.1666666666666665,134.6153846153846,2.69,0.000928,2.690928,i_Si_e,i_Si_n
24,Cr,52.0,2.1666666666666665,153.84615384615384,2.45,0.0008218,2.4508218000000004,i_Si_e,i_Si_n
24,Cr,52.0,2.1666666666666665,173.07692307692307,2.27,0.0007381,2.2707381,i_Si_e,i_Si_n
24,Cr,52.0,2.1666666666666665,192.30769230769232,2.12,0.0006705,2.1206705,i_Si_e,i_Si_n
24,Cr,52.0,2.1666666666666665,211.53846153846155,0.0005770480850514799,0.0006147847731119713,0.0011918328581634512,i_Si_e,i_Si_n
24,Cr,52.0,2.1666666666666665,230.76923076923077,0.0005330662036965204,0.00056797327550448,0.0011010394792010003,i_Si_e,i_Si_n
24,Cr,52.0,2.1666666666666665,250.0,0.0004955732237080816,0.0005280650005793132,0.0010236382242873948,i_Si_e,i_Si_n
24,Cr,52.0,2.1666666666666665,269.2307692307692,0.0004632153286175927,0.0004936201052724897,0.0009568354338900823,i_Si_e,i_Si_n
24,Cr,52.0,2.1666666666666665,288.46153846153845,0.0004349928154909756,0.000463575283527512,0.0008985680990184876,i_Si_e,i_Si_n
24,Cr,52.0,2.1666666666666665,307.6923076923077,0.0004101510759482522,0.0004371278625180823,0.0008472789384663345,i_Si_e,i_Si_n
24,Cr,52.0,2.1666666666666665,326.9230769230769,0.000388109592294474,0.0004136603094892011,0.0008017699017836751,i_Si_e,i_Si_n
24,Cr,52.0,2.1666666666666665,346.15384615384613,0.0003684143132968461,0.0003926895931812655,0.0007611039064781116,i_Si_e,i_Si_n
24,Cr,52.0,2.1666666666666665,384.61538461538464,0.0003346915825204999,0.0003567802950316759,0.0006914718775521758,i_Si_e,i_Si_n
24,Cr,52.0,2.1666666666666665,432.6923076923077,0.0003006335391305465,0.0003205101319874917,0.0006211436711180382,i_Si_e,i_Si_n
24,Cr,52.0,2.1666666666666665,480.7692307692308,0.0002731151080150019,0.0002912012475929142,0.0005643163556079161,i_Si_e,i_Si_n
24,Cr,52.0,2.1666666666666665,528.8461538461538,0.0002503980776591751,0.0002670038671608241,0.0005174019448199992,i_Si_e,i_Si_n
24,Cr,52.0,2.1666666666666665,576.9230769230769,0.0002313130502092822,0.0002466734174889459,0.00047798646769822814,i_Si_e,i_Si_n
24,Cr,52.0,2.1666666666666665,625.0,0.0002150437472551244,0.000229341069319685,0.0004443848165748094,i_Si_e,i_Si_n
24,Cr,52.0,2.1666666666666665,673.0769230769231,0.0002010027081499817,0.0002143814921585304,0.0004153842003085121,i_Si_e,i_Si_n
24,Cr,52.0,2.1666666666666665,721.1538461538462,0.0001887561324889858,0.0002013328872728567,0.0003900890197618425,i_Si_e,i_Si_n
24,Cr,52.0,2.1666666666666665,769.2307692307693,0.0001779765735781322,0.0001898466501459947,0.0003678232237241269,i_Si_e,i_Si_n
24,Cr,52.0,2.1666666666666665,865.3846153846154,0.0001598657689392134,0.0001705469044759708,0.0003304126734151842,i_Si_e,i_Si_n
25,Mn,55.0,2.2,0.01818181818181818,3.48,1.445,4.925,i_Si_e,i_Si_n
25,Mn,55.0,2.2,0.02,3.74,1.367,5.107,i_Si_e,i_Si_n
25,Mn,55.0,2.2,0.021818181818181816,4.01,1.298,5.308,i_Si_e,i_Si_n
25,Mn,55.0,2.2,0.023636363636363636,4.27,1.237,5.507,i_Si_e,i_Si_n
25,Mn,55.0,2.2,0.025454545454545452,4.54,1.182,5.7219999999999995,i_Si_e,i_Si_n
25,Mn,55.0,2.2,0.02727272727272727,4.81,1.132,5.941999999999999,i_Si_e,i_Si_n
25,Mn,55.0,2.2,0.02909090909090909,5.07,1.087,6.157,i_Si_e,i_Si_n
25,Mn,55.0,2.2,0.030909090909090907,5.34,1.046,6.386,i_Si_e,i_Si_n
25,Mn,55.0,2.2,0.03272727272727273,5.6,1.008,6.608,i_Si_e,i_Si_n
25,Mn,55.0,2.2,0.03636363636363636,6.11,0.9418,7.0518,i_Si_e,i_Si_n
25,Mn,55.0,2.2,0.04090909090909091,6.74,0.8713,7.6113,i_Si_e,i_Si_n
25,Mn,55.0,2.2,0.045454545454545456,7.35,0.8118,8.1618,i_Si_e,i_Si_n
25,Mn,55.0,2.2,0.05,7.94,0.7609,8.7009,i_Si_e,i_Si_n
25,Mn,55.0,2.2,0.05454545454545454,8.5,0.7167,9.2167,i_Si_e,i_Si_n
25,Mn,55.0,2.2,0.05909090909090909,9.04,0.6779,9.717899999999998,i_Si_e,i_Si_n
25,Mn,55.0,2.2,0.06363636363636363,9.55,0.6436,10.1936,i_Si_e,i_Si_n
25,Mn,55.0,2.2,0.06818181818181818,10.0,0.613,10.613,i_Si_e,i_Si_n
25,Mn,55.0,2.2,0.07272727272727272,10.5,0.5855,11.0855,i_Si_e,i_Si_n
25,Mn,55.0,2.2,0.08181818181818182,11.4,0.538,11.938,i_Si_e,i_Si_n
25,Mn,55.0,2.2,0.09090909090909091,12.2,0.4984,12.6984,i_Si_e,i_Si_n
25,Mn,55.0,2.2,0.1,12.9,0.4648,13.3648,i_Si_e,i_Si_n
25,Mn,55.0,2.2,0.10909090909090909,13.5,0.4358,13.9358,i_Si_e,i_Si_n
25,Mn,55.0,2.2,0.11818181818181818,14.1,0.4106,14.5106,i_Si_e,i_Si_n
25,Mn,55.0,2.2,0.12727272727272726,14.6,0.3885,14.9885,i_Si_e,i_Si_n
25,Mn,55.0,2.2,0.14545454545454545,15.5,0.3512,15.8512,i_Si_e,i_Si_n
25,Mn,55.0,2.2,0.16363636363636364,16.3,0.3211,16.621100000000002,i_Si_e,i_Si_n
25,Mn,55.0,2.2,0.18181818181818182,17.0,0.2962,17.2962,i_Si_e,i_Si_n
25,Mn,55.0,2.2,0.2,17.6,0.2751,17.8751,i_Si_e,i_Si_n
25,Mn,55.0,2.2,0.21818181818181817,18.1,0.2571,18.357100000000003,i_Si_e,i_Si_n
25,Mn,55.0,2.2,0.23636363636363636,18.6,0.2416,18.8416,i_Si_e,i_Si_n
25,Mn,55.0,2.2,0.2545454545454545,19.0,0.2279,19.227899999999998,i_Si_e,i_Si_n
25,Mn,55.0,2.2,0.2727272727272727,19.4,0.2159,19.6159,i_Si_e,i_Si_n
25,Mn,55.0,2.2,0.2909090909090909,19.8,0.2051,20.005100000000002,i_Si_e,i_Si_n
25,Mn,55.0,2.2,0.3090909090909091,20.1,0.1955,20.2955,i_Si_e,i_Si_n
25,Mn,55.0,2.2,0.32727272727272727,20.4,0.1868,20.5868,i_Si_e,i_Si_n
25,Mn,55.0,2.2,0.36363636363636365,21.0,0.1717,21.1717,i_Si_e,i_Si_n
25,Mn,55.0,2.2,0.4090909090909091,21.6,0.1562,21.7562,i_Si_e,i_Si_n
25,Mn,55.0,2.2,0.45454545454545453,22.1,0.1435,22.2435,i_Si_e,i_Si_n
25,Mn,55.0,2.2,0.5,22.6,0.1328,22.7328,i_Si_e,i_Si_n
25,Mn,55.0,2.2,0.5454545454545454,23.1,0.1237,23.2237,i_Si_e,i_Si_n
25,Mn,55.0,2.2,0.5909090909090909,23.5,0.1159,23.6159,i_Si_e,i_Si_n
25,Mn,55.0,2.2,0.6363636363636364,23.9,0.109,24.009,i_Si_e,i_Si_n
25,Mn,55.0,2.2,0.6818181818181818,24.2,0.103,24.303,i_Si_e,i_Si_n
25,Mn,55.0,2.2,0.7272727272727273,24.6,0.09767,24.697670000000002,i_Si_e,i_Si_n
25,Mn,55.0,2.2,0.8181818181818182,25.2,0.08861,25.28861,i_Si_e,i_Si_n
25,Mn,55.0,2.2,0.9090909090909091,25.7,0.08118,25.78118,i_Si_e,i_Si_n
25,Mn,55.0,2.2,1.0,26.1,0.07498,26.17498,i_Si_e,i_Si_n
25,Mn,55.0,2.2,1.0909090909090908,26.5,0.06972,26.56972,i_Si_e,i_Si_n
25,Mn,55.0,2.2,1.1818181818181819,26.8,0.0652,26.8652,i_Si_e,i_Si_n
25,Mn,55.0,2.2,1.2727272727272727,27.1,0.06126,27.161260000000002,i_Si_e,i_Si_n
25,Mn,55.0,2.2,1.4545454545454546,27.5,0.05474,27.55474,i_Si_e,i_Si_n
25,Mn,55.0,2.2,1.6363636363636365,27.8,0.04955,27.84955,i_Si_e,i_Si_n
25,Mn,55.0,2.2,1.8181818181818181,27.9,0.04531,27.94531,i_Si_e,i_Si_n
25,Mn,55.0,2.2,2.0,28.0,0.04178,28.04178,i_Si_e,i_Si_n
25,Mn,55.0,2.2,2.1818181818181817,27.9,0.03879,27.938789999999997,i_Si_e,i_Si_n
25,Mn,55.0,2.2,2.3636363636363638,27.6,0.03623,27.63623,i_Si_e,i_Si_n
25,Mn,55.0,2.2,2.5454545454545454,27.4,0.034,27.433999999999997,i_Si_e,i_Si_n
25,Mn,55.0,2.2,2.727272727272727,27.1,0.03204,27.13204,i_Si_e,i_Si_n
25,Mn,55.0,2.2,2.909090909090909,26.9,0.03031,26.93031,i_Si_e,i_Si_n
25,Mn,55.0,2.2,3.090909090909091,26.6,0.02877,26.628770000000003,i_Si_e,i_Si_n
25,Mn,55.0,2.2,3.272727272727273,26.3,0.02739,26.32739,i_Si_e,i_Si_n
25,Mn,55.0,2.2,3.6363636363636362,25.6,0.02501,25.625010000000003,i_Si_e,i_Si_n
25,Mn,55.0,2.2,4.090909090909091,24.8,0.02258,24.822580000000002,i_Si_e,i_Si_n
25,Mn,55.0,2.2,4.545454545454546,24.0,0.02061,24.02061,i_Si_e,i_Si_n
25,Mn,55.0,2.2,5.0,23.2,0.01897,23.21897,i_Si_e,i_Si_n
25,Mn,55.0,2.2,5.454545454545454,22.4,0.01759,22.417589999999997,i_Si_e,i_Si_n
25,Mn,55.0,2.2,5.909090909090909,21.7,0.0164,21.7164,i_Si_e,i_Si_n
25,Mn,55.0,2.2,6.363636363636363,21.0,0.01537,21.01537,i_Si_e,i_Si_n
25,Mn,55.0,2.2,6.818181818181818,20.4,0.01447,20.414469999999998,i_Si_e,i_Si_n
25,Mn,55.0,2.2,7.2727272727272725,19.7,0.01368,19.71368,i_Si_e,i_Si_n
25,Mn,55.0,2.2,8.181818181818182,18.6,0.01234,18.61234,i_Si_e,i_Si_n
25,Mn,55.0,2.2,9.090909090909092,17.6,0.01124,17.611240000000002,i_Si_e,i_Si_n
25,Mn,55.0,2.2,10.0,16.7,0.01034,16.71034,i_Si_e,i_Si_n
25,Mn,55.0,2.2,10.909090909090908,15.9,0.009576,15.909576,i_Si_e,i_Si_n
25,Mn,55.0,2.2,11.818181818181818,15.2,0.008922,15.208922,i_Si_e,i_Si_n
25,Mn,55.0,2.2,12.727272727272727,14.6,0.008356,14.608355999999999,i_Si_e,i_Si_n
25,Mn,55.0,2.2,14.545454545454545,13.5,0.007425,13.507425,i_Si_e,i_Si_n
25,Mn,55.0,2.2,16.363636363636363,12.6,0.006688,12.606688,i_Si_e,i_Si_n
25,Mn,55.0,2.2,18.181818181818183,11.8,0.00609,11.806090000000001,i_Si_e,i_Si_n
25,Mn,55.0,2.2,20.0,11.1,0.005595,11.105595,i_Si_e,i_Si_n
25,Mn,55.0,2.2,21.818181818181817,10.5,0.005178,10.505178,i_Si_e,i_Si_n
25,Mn,55.0,2.2,23.636363636363637,9.98,0.004821,9.984821,i_Si_e,i_Si_n
25,Mn,55.0,2.2,25.454545454545453,9.51,0.004512,9.514512,i_Si_e,i_Si_n
25,Mn,55.0,2.2,27.272727272727273,9.07,0.004242,9.074242,i_Si_e,i_Si_n
25,Mn,55.0,2.2,29.09090909090909,8.68,0.004004,8.684004,i_Si_e,i_Si_n
25,Mn,55.0,2.2,30.90909090909091,8.31,0.003793,8.313793,i_Si_e,i_Si_n
25,Mn,55.0,2.2,32.72727272727273,7.99,0.003604,7.993604,i_Si_e,i_Si_n
25,Mn,55.0,2.2,36.36363636363637,7.41,0.003279,7.413279,i_Si_e,i_Si_n
25,Mn,55.0,2.2,40.90909090909091,6.82,0.00295,6.8229500000000005,i_Si_e,i_Si_n
25,Mn,55.0,2.2,45.45454545454545,6.32,0.002683,6.3226830000000005,i_Si_e,i_Si_n
25,Mn,55.0,2.2,50.0,5.91,0.002463,5.912463,i_Si_e,i_Si_n
25,Mn,55.0,2.2,54.54545454545455,5.55,0.002277,5.552277,i_Si_e,i_Si_n
25,Mn,55.0,2.2,59.09090909090909,5.24,0.002118,5.2421180000000005,i_Si_e,i_Si_n
25,Mn,55.0,2.2,63.63636363636363,4.97,0.001981,4.9719809999999995,i_Si_e,i_Si_n
25,Mn,55.0,2.2,68.18181818181819,4.73,0.001861,4.731861,i_Si_e,i_Si_n
25,Mn,55.0,2.2,72.72727272727273,4.5,0.001756,4.501756,i_Si_e,i_Si_n
25,Mn,55.0,2.2,81.81818181818181,4.13,0.001578,4.131578,i_Si_e,i_Si_n
25,Mn,55.0,2.2,90.9090909090909,3.82,0.001435,3.8214349999999997,i_Si_e,i_Si_n
25,Mn,55.0,2.2,100.0,3.57,0.001316,3.571316,i_Si_e,i_Si_n
25,Mn,55.0,2.2,109.0909090909091,3.35,0.001216,3.351216,i_Si_e,i_Si_n
25,Mn,55.0,2.2,118.18181818181819,3.16,0.001131,3.161131,i_Si_e,i_Si_n
25,Mn,55.0,2.2,127.27272727272727,3.0,0.001057,3.001057,i_Si_e,i_Si_n
25,Mn,55.0,2.2,145.45454545454547,2.74,0.0009362,2.7409362,i_Si_e,i_Si_n
25,Mn,55.0,2.2,163.63636363636363,2.53,0.000841,2.5308409999999997,i_Si_e,i_Si_n
25,Mn,55.0,2.2,181.8181818181818,2.36,0.000764,2.360764,i_Si_e,i_Si_n
25,Mn,55.0,2.2,200.0,0.0006575920276004947,0.0007005533775703088,0.0013581454051708034,i_Si_e,i_Si_n
25,Mn,55.0,2.2,218.1818181818182,0.0006075107659887563,0.0006472432533025004,0.0012547540192912568,i_Si_e,i_Si_n
25,Mn,55.0,2.2,236.36363636363637,0.0005648156096524044,0.0006017925322656599,0.0011666081419180643,i_Si_e,i_Si_n
25,Mn,55.0,2.2,254.54545454545453,0.0005279659062553063,0.0005625622209488176,0.0010905281272041239,i_Si_e,i_Si_n
25,Mn,55.0,2.2,272.72727272727275,0.0004958239206374898,0.0005283418894774808,0.0010241658101149706,i_Si_e,i_Si_n
25,Mn,55.0,2.2,290.90909090909093,0.0004675308067162975,0.0004982177660177075,0.000965748572734005,i_Si_e,i_Si_n
25,Mn,55.0,2.2,309.09090909090907,0.0004424258237604895,0.0004714868173461837,0.0009139126411066732,i_Si_e,i_Si_n
25,Mn,55.0,2.2,327.27272727272725,0.00041999214977974,0.0004475991143997307,0.0008675912641794706,i_Si_e,i_Si_n
25,Mn,55.0,2.2,363.6363636363636,0.000381578353146706,0.0004066930238761726,0.0007882713770228785,i_Si_e,i_Si_n
25,Mn,55.0,2.2,409.09090909090907,0.000342779364579381,0.000365373235833291,0.0007081526004126719,i_Si_e,i_Si_n
25,Mn,55.0,2.2,454.54545454545456,0.0003114276909639129,0.0003319817697220903,0.0006434094606860032,i_Si_e,i_Si_n
25,Mn,55.0,2.2,500.0,0.0002855442927382871,0.0003044122383122755,0.0005899565310505627,i_Si_e,i_Si_n
25,Mn,55.0,2.2,545.4545454545455,0.0002637976507077472,0.0002812473307225745,0.0005450449814303217,i_Si_e,i_Si_n
25,Mn,55.0,2.2,590.9090909090909,0.0002452582559041034,0.0002614975783600675,0.0005067558342641709,i_Si_e,i_Si_n
25,Mn,55.0,2.2,636.3636363636364,0.000229257115299442,0.000244450787551542,0.000473707902850984,i_Si_e,i_Si_n
25,Mn,55.0,2.2,681.8181818181819,0.0002153001934311322,0.0002295809888573913,0.0004448811822885235,i_Si_e,i_Si_n
25,Mn,55.0,2.2,727.2727272727273,0.0002030145560375797,0.0002164911199863155,0.0004195056760238952,i_Si_e,i_Si_n
25,Mn,55.0,2.2,818.1818181818181,0.0001823719819142143,0.0001944957410006058,0.0003768677229148201,i_Si_e,i_Si_n
26,Fe,56.0,2.1538461538461537,0.017857142857142856,3.2,1.553,4.753,i_Si_e,i_Si_n
26,Fe,56.0,2.1538461538461537,0.019642857142857146,3.43,1.47,4.9,i_Si_e,i_Si_n
26,Fe,56.0,2.1538461538461537,0.02142857142857143,3.66,1.397,5.057,i_Si_e,i_Si_n
26,Fe,56.0,2.1538461538461537,0.023214285714285715,3.9,1.332,5.232,i_Si_e,i_Si_n
26,Fe,56.0,2.1538461538461537,0.024999999999999998,4.13,1.274,5.404,i_Si_e,i_Si_n
26,Fe,56.0,2.1538461538461537,0.026785714285714284,4.36,1.221,5.581,i_Si_e,i_Si_n
26,Fe,56.0,2.1538461538461537,0.028571428571428574,4.59,1.173,5.763,i_Si_e,i_Si_n
26,Fe,56.0,2.1538461538461537,0.030357142857142857,4.81,1.129,5.939,i_Si_e,i_Si_n
26,Fe,56.0,2.1538461538461537,0.03214285714285715,5.04,1.088,6.128,i_Si_e,i_Si_n
26,Fe,56.0,2.1538461538461537,0.03571428571428571,5.49,1.017,6.507,i_Si_e,i_Si_n
26,Fe,56.0,2.1538461538461537,0.04017857142857143,6.03,0.9416,6.9716000000000005,i_Si_e,i_Si_n
26,Fe,56.0,2.1538461538461537,0.044642857142857144,6.57,0.8778,7.4478,i_Si_e,i_Si_n
26,Fe,56.0,2.1538461538461537,0.049107142857142856,7.09,0.8231,7.9131,i_Si_e,i_Si_n
26,Fe,56.0,2.1538461538461537,0.05357142857142857,7.6,0.7756,8.3756,i_Si_e,i_Si_n
26,Fe,56.0,2.1538461538461537,0.05803571428571429,8.09,0.7339,8.8239,i_Si_e,i_Si_n
26,Fe,56.0,2.1538461538461537,0.0625,8.57,0.697,9.267,i_Si_e,i_Si_n
26,Fe,56.0,2.1538461538461537,0.06696428571428571,9.04,0.664,9.703999999999999,i_Si_e,i_Si_n
26,Fe,56.0,2.1538461538461537,0.07142857142857142,9.49,0.6344,10.1244,i_Si_e,i_Si_n
26,Fe,56.0,2.1538461538461537,0.08035714285714286,10.4,0.5832,10.9832,i_Si_e,i_Si_n
26,Fe,56.0,2.1538461538461537,0.08928571428571429,11.2,0.5405,11.740499999999999,i_Si_e,i_Si_n
26,Fe,56.0,2.1538461538461537,0.09821428571428571,11.9,0.5042,12.4042,i_Si_e,i_Si_n
26,Fe,56.0,2.1538461538461537,0.10714285714285714,12.6,0.473,13.073,i_Si_e,i_Si_n
26,Fe,56.0,2.1538461538461537,0.11607142857142858,13.3,0.4458,13.745800000000001,i_Si_e,i_Si_n
26,Fe,56.0,2.1538461538461537,0.125,13.9,0.4218,14.3218,i_Si_e,i_Si_n
26,Fe,56.0,2.1538461538461537,0.14285714285714285,15.0,0.3815,15.3815,i_Si_e,i_Si_n
26,Fe,56.0,2.1538461538461537,0.16071428571428573,15.9,0.3489,16.2489,i_Si_e,i_Si_n
26,Fe,56.0,2.1538461538461537,0.17857142857142858,16.8,0.3219,17.1219,i_Si_e,i_Si_n
26,Fe,56.0,2.1538461538461537,0.19642857142857142,17.6,0.2992,17.8992,i_Si_e,i_Si_n
26,Fe,56.0,2.1538461538461537,0.21428571428571427,18.2,0.2797,18.479699999999998,i_Si_e,i_Si_n
26,Fe,56.0,2.1538461538461537,0.23214285714285715,18.8,0.2628,19.0628,i_Si_e,i_Si_n
26,Fe,56.0,2.1538461538461537,0.25,19.4,0.248,19.648,i_Si_e,i_Si_n
26,Fe,56.0,2.1538461538461537,0.26785714285714285,19.9,0.2349,20.1349,i_Si_e,i_Si_n
26,Fe,56.0,2.1538461538461537,0.2857142857142857,20.3,0.2232,20.5232,i_Si_e,i_Si_n
26,Fe,56.0,2.1538461538461537,0.30357142857142855,20.8,0.2128,21.012800000000002,i_Si_e,i_Si_n
26,Fe,56.0,2.1538461538461537,0.32142857142857145,21.2,0.2034,21.403399999999998,i_Si_e,i_Si_n
26,Fe,56.0,2.1538461538461537,0.35714285714285715,21.9,0.187,22.087,i_Si_e,i_Si_n
26,Fe,56.0,2.1538461538461537,0.4017857142857143,22.6,0.1701,22.770100000000003,i_Si_e,i_Si_n
26,Fe,56.0,2.1538461538461537,0.44642857142857145,23.3,0.1563,23.456300000000002,i_Si_e,i_Si_n
26,Fe,56.0,2.1538461538461537,0.49107142857142855,23.8,0.1447,23.9447,i_Si_e,i_Si_n
26,Fe,56.0,2.1538461538461537,0.5357142857142857,24.3,0.1348,24.4348,i_Si_e,i_Si_n
26,Fe,56.0,2.1538461538461537,0.5803571428571429,24.8,0.1263,24.9263,i_Si_e,i_Si_n
26,Fe,56.0,2.1538461538461537,0.625,25.2,0.1189,25.3189,i_Si_e,i_Si_n
26,Fe,56.0,2.1538461538461537,0.6696428571428571,25.6,0.1123,25.712300000000003,i_Si_e,i_Si_n
26,Fe,56.0,2.1538461538461537,0.7142857142857143,25.9,0.1065,26.0065,i_Si_e,i_Si_n
26,Fe,56.0,2.1538461538461537,0.8035714285714286,26.5,0.09664,26.59664,i_Si_e,i_Si_n
26,Fe,56.0,2.1538461538461537,0.8928571428571429,27.1,0.08856,27.188560000000003,i_Si_e,i_Si_n
26,Fe,56.0,2.1538461538461537,0.9821428571428571,27.5,0.08181,27.58181,i_Si_e,i_Si_n
26,Fe,56.0,2.1538461538461537,1.0714285714285714,27.9,0.07608,27.97608,i_Si_e,i_Si_n
26,Fe,56.0,2.1538461538461537,1.1607142857142858,28.2,0.07115,28.27115,i_Si_e,i_Si_n
26,Fe,56.0,2.1538461538461537,1.25,28.4,0.06686,28.466859999999997,i_Si_e,i_Si_n
26,Fe,56.0,2.1538461538461537,1.4285714285714286,28.8,0.05976,28.85976,i_Si_e,i_Si_n
26,Fe,56.0,2.1538461538461537,1.6071428571428572,29.1,0.0541,29.1541,i_Si_e,i_Si_n
26,Fe,56.0,2.1538461538461537,1.7857142857142858,29.3,0.04948,29.34948,i_Si_e,i_Si_n
26,Fe,56.0,2.1538461538461537,1.9642857142857142,29.3,0.04563,29.34563,i_Si_e,i_Si_n
26,Fe,56.0,2.1538461538461537,2.142857142857143,29.3,0.04237,29.34237,i_Si_e,i_Si_n
26,Fe,56.0,2.1538461538461537,2.3214285714285716,29.1,0.03957,29.139570000000003,i_Si_e,i_Si_n
26,Fe,56.0,2.1538461538461537,2.5,28.7,0.03714,28.73714,i_Si_e,i_Si_n
26,Fe,56.0,2.1538461538461537,2.6785714285714284,28.5,0.03501,28.53501,i_Si_e,i_Si_n
26,Fe,56.0,2.1538461538461537,2.857142857142857,28.2,0.03312,28.23312,i_Si_e,i_Si_n
26,Fe,56.0,2.1538461538461537,3.0357142857142856,27.9,0.03144,27.93144,i_Si_e,i_Si_n
26,Fe,56.0,2.1538461538461537,3.2142857142857144,27.6,0.02993,27.62993,i_Si_e,i_Si_n
26,Fe,56.0,2.1538461538461537,3.5714285714285716,27.0,0.02733,27.02733,i_Si_e,i_Si_n
26,Fe,56.0,2.1538461538461537,4.017857142857143,26.2,0.02468,26.22468,i_Si_e,i_Si_n
26,Fe,56.0,2.1538461538461537,4.464285714285714,25.4,0.02253,25.42253,i_Si_e,i_Si_n
26,Fe,56.0,2.1538461538461537,4.910714285714286,24.6,0.02074,24.62074,i_Si_e,i_Si_n
26,Fe,56.0,2.1538461538461537,5.357142857142857,23.9,0.01923,23.91923,i_Si_e,i_Si_n
26,Fe,56.0,2.1538461538461537,5.803571428571429,23.1,0.01793,23.11793,i_Si_e,i_Si_n
26,Fe,56.0,2.1538461538461537,6.25,22.4,0.01681,22.416809999999998,i_Si_e,i_Si_n
26,Fe,56.0,2.1538461538461537,6.696428571428571,21.8,0.01583,21.815830000000002,i_Si_e,i_Si_n
26,Fe,56.0,2.1538461538461537,7.142857142857143,21.1,0.01496,21.11496,i_Si_e,i_Si_n
26,Fe,56.0,2.1538461538461537,8.035714285714286,20.0,0.01349,20.01349,i_Si_e,i_Si_n
26,Fe,56.0,2.1538461538461537,8.928571428571429,19.0,0.0123,19.0123,i_Si_e,i_Si_n
26,Fe,56.0,2.1538461538461537,9.821428571428571,18.0,0.01131,18.01131,i_Si_e,i_Si_n
26,Fe,56.0,2.1538461538461537,10.714285714285714,17.2,0.01048,17.21048,i_Si_e,i_Si_n
26,Fe,56.0,2.1538461538461537,11.607142857142858,16.5,0.009761,16.509761,i_Si_e,i_Si_n
26,Fe,56.0,2.1538461538461537,12.5,15.8,0.009143,15.809143,i_Si_e,i_Si_n
26,Fe,56.0,2.1538461538461537,14.285714285714286,14.6,0.008124,14.608124,i_Si_e,i_Si_n
26,Fe,56.0,2.1538461538461537,16.071428571428573,13.6,0.007318,13.607318,i_Si_e,i_Si_n
26,Fe,56.0,2.1538461538461537,17.857142857142858,12.8,0.006665,12.806665,i_Si_e,i_Si_n
26,Fe,56.0,2.1538461538461537,19.642857142857142,12.0,0.006123,12.006123,i_Si_e,i_Si_n
26,Fe,56.0,2.1538461538461537,21.428571428571427,11.4,0.005667,11.405667000000001,i_Si_e,i_Si_n
26,Fe,56.0,2.1538461538461537,23.214285714285715,10.8,0.005277,10.805277,i_Si_e,i_Si_n
26,Fe,56.0,2.1538461538461537,25.0,10.3,0.004939,10.304939000000001,i_Si_e,i_Si_n
26,Fe,56.0,2.1538461538461537,26.785714285714285,9.85,0.004644,9.854644,i_Si_e,i_Si_n
26,Fe,56.0,2.1538461538461537,28.571428571428573,9.43,0.004384,9.434384,i_Si_e,i_Si_n
26,Fe,56.0,2.1538461538461537,30.357142857142858,9.05,0.004152,9.054152,i_Si_e,i_Si_n
26,Fe,56.0,2.1538461538461537,32.142857142857146,8.69,0.003945,8.693945,i_Si_e,i_Si_n
26,Fe,56.0,2.1538461538461537,35.714285714285715,8.07,0.00359,8.073590000000001,i_Si_e,i_Si_n
26,Fe,56.0,2.1538461538461537,40.17857142857143,7.43,0.00323,7.43323,i_Si_e,i_Si_n
26,Fe,56.0,2.1538461538461537,44.642857142857146,6.89,0.002938,6.892938,i_Si_e,i_Si_n
26,Fe,56.0,2.1538461538461537,49.107142857142854,6.44,0.002697,6.442697000000001,i_Si_e,i_Si_n
26,Fe,56.0,2.1538461538461537,53.57142857142857,6.05,0.002493,6.052493,i_Si_e,i_Si_n
26,Fe,56.0,2.1538461538461537,58.035714285714285,5.71,0.00232,5.71232,i_Si_e,i_Si_n
26,Fe,56.0,2.1538461538461537,62.5,5.42,0.00217,5.4221699999999995,i_Si_e,i_Si_n
26,Fe,56.0,2.1538461538461537,66.96428571428571,5.16,0.002039,5.162039,i_Si_e,i_Si_n
26,Fe,56.0,2.1538461538461537,71.42857142857143,4.92,0.001923,4.921923,i_Si_e,i_Si_n
26,Fe,56.0,2.1538461538461537,80.35714285714286,4.51,0.001729,4.511729,i_Si_e,i_Si_n
26,Fe,56.0,2.1538461538461537,89.28571428571429,4.18,0.001572,4.181572,i_Si_e,i_Si_n
26,Fe,56.0,2.1538461538461537,98.21428571428571,3.9,0.001442,3.901442,i_Si_e,i_Si_n
26,Fe,56.0,2.1538461538461537,107.14285714285714,3.66,0.001332,3.6613320000000003,i_Si_e,i_Si_n
26,Fe,56.0,2.1538461538461537,116.07142857142857,3.46,0.001239,3.461239,i_Si_e,i_Si_n
26,Fe,56.0,2.1538461538461537,125.0,3.28,0.001158,3.281158,i_Si_e,i_Si_n
26,Fe,56.0,2.1538461538461537,142.85714285714286,2.99,0.001026,2.991026,i_Si_e,i_Si_n
26,Fe,56.0,2.1538461538461537,160.71428571428572,2.76,0.0009215,2.7609215,i_Si_e,i_Si_n
26,Fe,56.0,2.1538461538461537,178.57142857142858,2.58,0.0008372,2.5808372,i_Si_e,i_Si_n
26,Fe,56.0,2.1538461538461537,196.42857142857142,0.0007206263437152665,0.0007677063476965774,0.0014883326914118438,i_Si_e,i_Si_n
26,Fe,56.0,2.1538461538461537,214.28571428571428,0.0006657816881383341,0.0007093129696303969,0.001375094657768731,i_Si_e,i_Si_n
26,Fe,56.0,2.1538461538461537,232.14285714285714,0.0006190231434510705,0.0006595265943841346,0.0012785497378352052,i_Si_e,i_Si_n
26,Fe,56.0,2.1538461538461537,250.0,0.0005786643760434252,0.0006165525640193685,0.0011952169400627937,i_Si_e,i_Si_n
26,Fe,56.0,2.1538461538461537,267.85714285714283,0.00054346000621468,0.00057906544228678,0.00112252544850146,i_Si_e,i_Si_n
26,Fe,56.0,2.1538461538461537,285.7142857142857,0.0005124698862303921,0.000546064605782026,0.001058534492012418,i_Si_e,i_Si_n
26,Fe,56.0,2.1538461538461537,303.57142857142856,0.0004849706958250077,0.0005167801772550032,0.0010017508730800109,i_Si_e,i_Si_n
26,Fe,56.0,2.1538461538461537,321.42857142857144,0.0004603966412689637,0.000490609924126582,0.0009510065653955458,i_Si_e,i_Si_n
26,Fe,56.0,2.1538461538461537,357.14285714285717,0.0004183156318618039,0.0004457935438979669,0.0008641091757597708,i_Si_e,i_Si_n
26,Fe,56.0,2.1538461538461537,401.7857142857143,0.0003758096174511516,0.0004005217229464694,0.000776331340397621,i_Si_e,i_Si_n
26,Fe,56.0,2.1538461538461537,446.42857142857144,0.0003414600009907124,0.0003639347463227392,0.0007053947473134516,i_Si_e,i_Si_n
26,Fe,56.0,2.1538461538461537,491.07142857142856,0.0003130997226605775,0.000333725531413414,0.0006468252540739915,i_Si_e,i_Si_n
26,Fe,56.0,2.1538461538461537,535.7142857142857,0.0002892706653407728,0.0003083416575082021,0.000597612322848975,i_Si_e,i_Si_n
26,Fe,56.0,2.1538461538461537,580.3571428571429,0.0002689548837970172,0.0002866992878885449,0.0005556541716855621,i_Si_e,i_Si_n
26,Fe,56.0,2.1538461538461537,625.0,0.0002514196951483369,0.0002680182763748488,0.0005194379715231857,i_Si_e,i_Si_n
26,Fe,56.0,2.1538461538461537,669.6428571428571,0.0002361240033852617,0.0002517224496451316,0.00048784645303039326,i_Si_e,i_Si_n
26,Fe,56.0,2.1538461538461537,714.2857142857143,0.0002226593305254357,0.0002373768320366798,0.0004600361625621155,i_Si_e,i_Si_n
26,Fe,56.0,2.1538461538461537,803.5714285714286,0.0002000344033386194,0.0002132704231729886,0.000413304826511608,i_Si_e,i_Si_n
27,Co,59.0,2.185185185185185,0.01694915254237288,3.04,1.706,4.746,i_Si_e,i_Si_n
27,Co,59.0,2.185185185185185,0.01864406779661017,3.24,1.617,4.857,i_Si_e,i_Si_n
27,Co,59.0,2.185185185185185,0.020338983050847456,3.44,1.538,4.978,i_Si_e,i_Si_n
27,Co,59.0,2.185185185185185,0.022033898305084745,3.64,1.467,5.107,i_Si_e,i_Si_n
27,Co,59.0,2.185185185185185,0.02372881355932203,3.84,1.403,5.243,i_Si_e,i_Si_n
27,Co,59.0,2.185185185185185,0.025423728813559324,4.04,1.346,5.386,i_Si_e,i_Si_n
27,Co,59.0,2.185185185185185,0.027118644067796613,4.24,1.294,5.534000000000001,i_Si_e,i_Si_n
27,Co,59.0,2.185185185185185,0.0288135593220339,4.44,1.246,5.686,i_Si_e,i_Si_n
27,Co,59.0,2.185185185185185,0.030508474576271188,4.64,1.202,5.842,i_Si_e,i_Si_n
27,Co,59.0,2.185185185185185,0.03389830508474576,5.05,1.124,6.1739999999999995,i_Si_e,i_Si_n
27,Co,59.0,2.185185185185185,0.038135593220338986,5.57,1.042,6.612,i_Si_e,i_Si_n
27,Co,59.0,2.185185185185185,0.0423728813559322,6.1,0.9719,7.071899999999999,i_Si_e,i_Si_n
27,Co,59.0,2.185185185185185,0.046610169491525424,6.63,0.912,7.542,i_Si_e,i_Si_n
27,Co,59.0,2.185185185185185,0.05084745762711865,7.16,0.8599,8.0199,i_Si_e,i_Si_n
27,Co,59.0,2.185185185185185,0.05508474576271186,7.68,0.8141,8.4941,i_Si_e,i_Si_n
27,Co,59.0,2.185185185185185,0.059322033898305086,8.2,0.7735,8.9735,i_Si_e,i_Si_n
27,Co,59.0,2.185185185185185,0.0635593220338983,8.71,0.7372,9.4472,i_Si_e,i_Si_n
27,Co,59.0,2.185185185185185,0.06779661016949153,9.22,0.7046,9.9246,i_Si_e,i_Si_n
27,Co,59.0,2.185185185185185,0.07627118644067797,10.2,0.6482,10.848199999999999,i_Si_e,i_Si_n
27,Co,59.0,2.185185185185185,0.0847457627118644,11.1,0.6011,11.7011,i_Si_e,i_Si_n
27,Co,59.0,2.185185185185185,0.09322033898305085,11.9,0.561,12.461,i_Si_e,i_Si_n
27,Co,59.0,2.185185185185185,0.1016949152542373,12.7,0.5265,13.2265,i_Si_e,i_Si_n
27,Co,59.0,2.185185185185185,0.11016949152542373,13.5,0.4964,13.9964,i_Si_e,i_Si_n
27,Co,59.0,2.185185185185185,0.11864406779661017,14.1,0.4699,14.5699,i_Si_e,i_Si_n
27,Co,59.0,2.185185185185185,0.13559322033898305,15.4,0.4253,15.8253,i_Si_e,i_Si_n
27,Co,59.0,2.185185185185185,0.15254237288135594,16.4,0.3891,16.789099999999998,i_Si_e,i_Si_n
27,Co,59.0,2.185185185185185,0.1694915254237288,17.3,0.3592,17.659200000000002,i_Si_e,i_Si_n
27,Co,59.0,2.185185185185185,0.1864406779661017,18.0,0.3339,18.3339,i_Si_e,i_Si_n
27,Co,59.0,2.185185185185185,0.2033898305084746,18.7,0.3122,19.0122,i_Si_e,i_Si_n
27,Co,59.0,2.185185185185185,0.22033898305084745,19.3,0.2935,19.593500000000002,i_Si_e,i_Si_n
27,Co,59.0,2.185185185185185,0.23728813559322035,19.8,0.277,20.077,i_Si_e,i_Si_n
27,Co,59.0,2.185185185185185,0.2542372881355932,20.3,0.2625,20.5625,i_Si_e,i_Si_n
27,Co,59.0,2.185185185185185,0.2711864406779661,20.7,0.2495,20.9495,i_Si_e,i_Si_n
27,Co,59.0,2.185185185185185,0.288135593220339,21.1,0.2379,21.3379,i_Si_e,i_Si_n
27,Co,59.0,2.185185185185185,0.3050847457627119,21.4,0.2274,21.627399999999998,i_Si_e,i_Si_n
27,Co,59.0,2.185185185185185,0.3389830508474576,22.1,0.2091,22.3091,i_Si_e,i_Si_n
27,Co,59.0,2.185185185185185,0.3813559322033898,22.8,0.1904,22.9904,i_Si_e,i_Si_n
27,Co,59.0,2.185185185185185,0.423728813559322,23.4,0.1749,23.5749,i_Si_e,i_Si_n
27,Co,59.0,2.185185185185185,0.4661016949152542,23.9,0.162,24.061999999999998,i_Si_e,i_Si_n
27,Co,59.0,2.185185185185185,0.5084745762711864,24.4,0.151,24.551,i_Si_e,i_Si_n
27,Co,59.0,2.185185185185185,0.5508474576271186,24.9,0.1414,25.0414,i_Si_e,i_Si_n
27,Co,59.0,2.185185185185185,0.5932203389830508,25.3,0.1332,25.4332,i_Si_e,i_Si_n
27,Co,59.0,2.185185185185185,0.635593220338983,25.7,0.1258,25.8258,i_Si_e,i_Si_n
27,Co,59.0,2.185185185185185,0.6779661016949152,26.1,0.1194,26.2194,i_Si_e,i_Si_n
27,Co,59.0,2.185185185185185,0.7627118644067796,26.8,0.1083,26.9083,i_Si_e,i_Si_n
27,Co,59.0,2.185185185185185,0.847457627118644,27.5,0.09929,27.59929,i_Si_e,i_Si_n
27,Co,59.0,2.185185185185185,0.9322033898305084,28.0,0.09174,28.09174,i_Si_e,i_Si_n
27,Co,59.0,2.185185185185185,1.0169491525423728,28.5,0.08534,28.58534,i_Si_e,i_Si_n
27,Co,59.0,2.185185185185185,1.1016949152542372,29.0,0.07982,29.07982,i_Si_e,i_Si_n
27,Co,59.0,2.185185185185185,1.1864406779661016,29.4,0.07502,29.475019999999997,i_Si_e,i_Si_n
27,Co,59.0,2.185185185185185,1.3559322033898304,30.0,0.06707,30.06707,i_Si_e,i_Si_n
27,Co,59.0,2.185185185185185,1.5254237288135593,30.5,0.06073,30.56073,i_Si_e,i_Si_n
27,Co,59.0,2.185185185185185,1.694915254237288,30.8,0.05555,30.85555,i_Si_e,i_Si_n
27,Co,59.0,2.185185185185185,1.8644067796610169,31.1,0.05124,31.15124,i_Si_e,i_Si_n
27,Co,59.0,2.185185185185185,2.0338983050847457,31.2,0.04759,31.24759,i_Si_e,i_Si_n
27,Co,59.0,2.185185185185185,2.2033898305084745,31.2,0.04445,31.24445,i_Si_e,i_Si_n
27,Co,59.0,2.185185185185185,2.3728813559322033,31.0,0.04172,31.04172,i_Si_e,i_Si_n
27,Co,59.0,2.185185185185185,2.542372881355932,30.8,0.03933,30.83933,i_Si_e,i_Si_n
27,Co,59.0,2.185185185185185,2.711864406779661,30.6,0.03722,30.637220000000003,i_Si_e,i_Si_n
27,Co,59.0,2.185185185185185,2.8813559322033897,30.3,0.03533,30.33533,i_Si_e,i_Si_n
27,Co,59.0,2.185185185185185,3.0508474576271185,30.1,0.03364,30.13364,i_Si_e,i_Si_n
27,Co,59.0,2.185185185185185,3.389830508474576,29.5,0.03072,29.53072,i_Si_e,i_Si_n
27,Co,59.0,2.185185185185185,3.8135593220338984,28.7,0.02775,28.72775,i_Si_e,i_Si_n
27,Co,59.0,2.185185185185185,4.237288135593221,27.8,0.02534,27.82534,i_Si_e,i_Si_n
27,Co,59.0,2.185185185185185,4.661016949152542,27.0,0.02333,27.02333,i_Si_e,i_Si_n
27,Co,59.0,2.185185185185185,5.084745762711864,26.2,0.02163,26.221629999999998,i_Si_e,i_Si_n
27,Co,59.0,2.185185185185185,5.508474576271187,25.4,0.02017,25.42017,i_Si_e,i_Si_n
27,Co,59.0,2.185185185185185,5.932203389830509,24.6,0.01891,24.618910000000003,i_Si_e,i_Si_n
27,Co,59.0,2.185185185185185,6.3559322033898304,23.9,0.01781,23.91781,i_Si_e,i_Si_n
27,Co,59.0,2.185185185185185,6.779661016949152,23.2,0.01683,23.216829999999998,i_Si_e,i_Si_n
27,Co,59.0,2.185185185185185,7.627118644067797,21.9,0.01518,21.91518,i_Si_e,i_Si_n
27,Co,59.0,2.185185185185185,8.474576271186441,20.8,0.01384,20.81384,i_Si_e,i_Si_n
27,Co,59.0,2.185185185185185,9.322033898305085,19.8,0.01273,19.812730000000002,i_Si_e,i_Si_n
27,Co,59.0,2.185185185185185,10.169491525423728,18.8,0.01179,18.811790000000002,i_Si_e,i_Si_n
27,Co,59.0,2.185185185185185,11.016949152542374,18.0,0.01099,18.01099,i_Si_e,i_Si_n
27,Co,59.0,2.185185185185185,11.864406779661017,17.3,0.01029,17.310290000000002,i_Si_e,i_Si_n
27,Co,59.0,2.185185185185185,13.559322033898304,16.0,0.009148,16.009148,i_Si_e,i_Si_n
27,Co,59.0,2.185185185185185,15.254237288135593,14.9,0.008242,14.908242,i_Si_e,i_Si_n
27,Co,59.0,2.185185185185185,16.949152542372882,14.0,0.007507,14.007507,i_Si_e,i_Si_n
27,Co,59.0,2.185185185185185,18.64406779661017,13.3,0.006898,13.306898,i_Si_e,i_Si_n
27,Co,59.0,2.185185185185185,20.338983050847457,12.6,0.006384,12.606384,i_Si_e,i_Si_n
27,Co,59.0,2.185185185185185,22.033898305084747,12.0,0.005945,12.005945,i_Si_e,i_Si_n
27,Co,59.0,2.185185185185185,23.728813559322035,11.4,0.005565,11.405565000000001,i_Si_e,i_Si_n
27,Co,59.0,2.185185185185185,25.423728813559322,10.9,0.005233,10.905233,i_Si_e,i_Si_n
27,Co,59.0,2.185185185185185,27.11864406779661,10.5,0.00494,10.50494,i_Si_e,i_Si_n
27,Co,59.0,2.185185185185185,28.8135593220339,10.0,0.004679,10.004679,i_Si_e,i_Si_n
27,Co,59.0,2.185185185185185,30.508474576271187,9.64,0.004446,9.644446,i_Si_e,i_Si_n
27,Co,59.0,2.185185185185185,33.898305084745765,8.96,0.004046,8.964046000000002,i_Si_e,i_Si_n
27,Co,59.0,2.185185185185185,38.13559322033898,8.25,0.00364,8.25364,i_Si_e,i_Si_n
27,Co,59.0,2.185185185185185,42.3728813559322,7.66,0.003312,7.663312,i_Si_e,i_Si_n
27,Co,59.0,2.185185185185185,46.610169491525426,7.16,0.00304,7.1630400000000005,i_Si_e,i_Si_n
27,Co,59.0,2.185185185185185,50.847457627118644,6.73,0.002811,6.732811000000001,i_Si_e,i_Si_n
27,Co,59.0,2.185185185185185,55.08474576271186,6.35,0.002616,6.352615999999999,i_Si_e,i_Si_n
27,Co,59.0,2.185185185185185,59.32203389830509,6.03,0.002447,6.032447,i_Si_e,i_Si_n
27,Co,59.0,2.185185185185185,63.559322033898304,5.74,0.002299,5.742299,i_Si_e,i_Si_n
27,Co,59.0,2.185185185185185,67.79661016949153,5.48,0.002169,5.482169000000001,i_Si_e,i_Si_n
27,Co,59.0,2.185185185185185,76.27118644067797,5.03,0.00195,5.03195,i_Si_e,i_Si_n
27,Co,59.0,2.185185185185185,84.7457627118644,4.66,0.001773,4.661773,i_Si_e,i_Si_n
27,Co,59.0,2.185185185185185,93.22033898305085,4.34,0.001626,4.341626,i_Si_e,i_Si_n
27,Co,59.0,2.185185185185185,101.69491525423729,4.08,0.001503,4.081503,i_Si_e,i_Si_n
27,Co,59.0,2.185185185185185,110.16949152542372,3.85,0.001398,3.851398,i_Si_e,i_Si_n
27,Co,59.0,2.185185185185185,118.64406779661017,3.66,0.001307,3.6613070000000003,i_Si_e,i_Si_n
27,Co,59.0,2.185185185185185,135.59322033898306,3.33,0.001157,3.331157,i_Si_e,i_Si_n
27,Co,59.0,2.185185185185185,152.54237288135593,3.07,0.00104,3.07104,i_Si_e,i_Si_n
27,Co,59.0,2.185185185185185,169.4915254237288,2.86,0.0009446,2.8609446,i_Si_e,i_Si_n
27,Co,59.0,2.185185185185185,186.4406779661017,0.000813219010657849,0.0008662330034611383,0.0016794520141189873,i_Si_e,i_Si_n
27,Co,59.0,2.185185185185185,203.38983050847457,0.0007513889976417659,0.0008003805962571151,0.0015517695938988812,i_Si_e,i_Si_n
27,Co,59.0,2.185185185185185,220.33898305084745,0.0006986708407638525,0.0007442322621959606,0.0014429031029598131,i_Si_e,i_Si_n
27,Co,59.0,2.185185185185185,237.28813559322035,0.0006531648381734995,0.0006957649040072083,0.0013489297421807077,i_Si_e,i_Si_n
27,Co,59.0,2.185185185185185,254.23728813559322,0.0006134679318318669,0.0006534843138798944,0.0012669522457117613,i_Si_e,i_Si_n
27,Co,59.0,2.185185185185185,271.1864406779661,0.0005785208691689091,0.0006162624150762353,0.0011947832842451444,i_Si_e,i_Si_n
27,Co,59.0,2.185185185185185,288.135593220339,0.0005475086426741387,0.0005832312385769063,0.001130739881251045,i_Si_e,i_Si_n
27,Co,59.0,2.185185185185185,305.08474576271186,0.0005197937013808221,0.0005537117984203483,0.0010735054998011703,i_Si_e,i_Si_n
27,Co,59.0,2.185185185185185,338.9830508474576,0.0004723305800916588,0.0005031579018398532,0.000975488481931512,i_Si_e,i_Si_n
27,Co,59.0,2.185185185185185,381.35593220338984,0.0004243830665156385,0.0004520873898868052,0.0008764704564024437,i_Si_e,i_Si_n
27,Co,59.0,2.185185185185185,423.728813559322,0.0003856320295069351,0.0004108118035278278,0.0007964438330347629,i_Si_e,i_Si_n
27,Co,59.0,2.185185185185185,466.10169491525426,0.0003536347513685251,0.0003767295600541993,0.0007303643114227245,i_Si_e,i_Si_n
27,Co,59.0,2.185185185185185,508.47457627118644,0.0003267474786984388,0.0003480899812164549,0.0006748374599148937,i_Si_e,i_Si_n
27,Co,59.0,2.185185185185185,550.8474576271186,0.0003038225691036096,0.0003236707578618643,0.0006274933269654739,i_Si_e,i_Si_n
27,Co,59.0,2.185185185185185,593.2203389830509,0.0002840339221328547,0.0003025920337143415,0.0005866259558471962,i_Si_e,i_Si_n
27,Co,59.0,2.185185185185185,635.5932203389831,0.0002667714068445479,0.0002842039694708284,0.0005509753763153763,i_Si_e,i_Si_n
27,Co,59.0,2.185185185185185,677.9661016949152,0.0002515743988382079,0.0002680159582721605,0.0005195903571103684,i_Si_e,i_Si_n
27,Co,59.0,2.185185185185185,762.7118644067797,0.0002260364230812001,0.0002408123465421344,0.00046684876962333453,i_Si_e,i_Si_n
28,Ni,58.0,2.0714285714285716,0.017241379310344827,2.88,1.781,4.661,i_Si_e,i_Si_n
28,Ni,58.0,2.0714285714285716,0.018965517241379314,3.01,1.688,4.6979999999999995,i_Si_e,i_Si_n
28,Ni,58.0,2.0714285714285716,0.020689655172413793,3.12,1.606,4.726,i_Si_e,i_Si_n
28,Ni,58.0,2.0714285714285716,0.022413793103448276,3.22,1.533,4.753,i_Si_e,i_Si_n
28,Ni,58.0,2.0714285714285716,0.02413793103448276,3.3,1.467,4.7669999999999995,i_Si_e,i_Si_n
28,Ni,58.0,2.0714285714285716,0.02586206896551724,3.38,1.407,4.787,i_Si_e,i_Si_n
28,Ni,58.0,2.0714285714285716,0.027586206896551727,3.45,1.353,4.803,i_Si_e,i_Si_n
28,Ni,58.0,2.0714285714285716,0.029310344827586206,3.51,1.303,4.813,i_Si_e,i_Si_n
28,Ni,58.0,2.0714285714285716,0.03103448275862069,3.58,1.257,4.837,i_Si_e,i_Si_n
28,Ni,58.0,2.0714285714285716,0.034482758620689655,3.7,1.176,4.876,i_Si_e,i_Si_n
28,Ni,58.0,2.0714285714285716,0.03879310344827586,3.86,1.09,4.95,i_Si_e,i_Si_n
28,Ni,58.0,2.0714285714285716,0.04310344827586207,4.05,1.017,5.067,i_Si_e,i_Si_n
28,Ni,58.0,2.0714285714285716,0.04741379310344827,4.26,0.955,5.215,i_Si_e,i_Si_n
28,Ni,58.0,2.0714285714285716,0.05172413793103448,4.49,0.9006,5.3906,i_Si_e,i_Si_n
28,Ni,58.0,2.0714285714285716,0.05603448275862069,4.76,0.8529,5.6129,i_Si_e,i_Si_n
28,Ni,58.0,2.0714285714285716,0.0603448275862069,5.05,0.8105,5.8605,i_Si_e,i_Si_n
28,Ni,58.0,2.0714285714285716,0.06465517241379311,5.36,0.7726,6.1326,i_Si_e,i_Si_n
28,Ni,58.0,2.0714285714285716,0.06896551724137931,5.7,0.7385,6.4385,i_Si_e,i_Si_n
28,Ni,58.0,2.0714285714285716,0.07758620689655173,6.41,0.6796,7.0896,i_Si_e,i_Si_n
28,Ni,58.0,2.0714285714285716,0.08620689655172414,7.18,0.6303,7.8103,i_Si_e,i_Si_n
28,Ni,58.0,2.0714285714285716,0.09482758620689655,7.96,0.5884,8.5484,i_Si_e,i_Si_n
28,Ni,58.0,2.0714285714285716,0.10344827586206896,8.76,0.5523,9.3123,i_Si_e,i_Si_n
28,Ni,58.0,2.0714285714285716,0.11206896551724138,9.55,0.5208,10.0708,i_Si_e,i_Si_n
28,Ni,58.0,2.0714285714285716,0.1206896551724138,10.3,0.4931,10.7931,i_Si_e,i_Si_n
28,Ni,58.0,2.0714285714285716,0.13793103448275862,11.8,0.4464,12.246400000000001,i_Si_e,i_Si_n
28,Ni,58.0,2.0714285714285716,0.15517241379310345,13.2,0.4085,13.6085,i_Si_e,i_Si_n
28,Ni,58.0,2.0714285714285716,0.1724137931034483,14.5,0.3771,14.8771,i_Si_e,i_Si_n
28,Ni,58.0,2.0714285714285716,0.1896551724137931,15.6,0.3506,15.9506,i_Si_e,i_Si_n
28,Ni,58.0,2.0714285714285716,0.20689655172413793,16.6,0.328,16.928,i_Si_e,i_Si_n
28,Ni,58.0,2.0714285714285716,0.22413793103448276,17.5,0.3083,17.8083,i_Si_e,i_Si_n
28,Ni,58.0,2.0714285714285716,0.2413793103448276,18.4,0.291,18.691,i_Si_e,i_Si_n
28,Ni,58.0,2.0714285714285716,0.25862068965517243,19.1,0.2758,19.3758,i_Si_e,i_Si_n
28,Ni,58.0,2.0714285714285716,0.27586206896551724,19.8,0.2622,20.0622,i_Si_e,i_Si_n
28,Ni,58.0,2.0714285714285716,0.29310344827586204,20.4,0.25,20.65,i_Si_e,i_Si_n
28,Ni,58.0,2.0714285714285716,0.3103448275862069,20.9,0.2389,21.1389,i_Si_e,i_Si_n
28,Ni,58.0,2.0714285714285716,0.3448275862068966,21.9,0.2198,22.119799999999998,i_Si_e,i_Si_n
28,Ni,58.0,2.0714285714285716,0.3879310344827586,22.9,0.2001,23.100099999999998,i_Si_e,i_Si_n
28,Ni,58.0,2.0714285714285716,0.43103448275862066,23.8,0.1839,23.983900000000002,i_Si_e,i_Si_n
28,Ni,58.0,2.0714285714285716,0.47413793103448276,24.5,0.1703,24.6703,i_Si_e,i_Si_n
28,Ni,58.0,2.0714285714285716,0.5172413793103449,25.1,0.1587,25.2587,i_Si_e,i_Si_n
28,Ni,58.0,2.0714285714285716,0.5603448275862069,25.6,0.1487,25.748700000000003,i_Si_e,i_Si_n
28,Ni,58.0,2.0714285714285716,0.603448275862069,26.1,0.14,26.240000000000002,i_Si_e,i_Si_n
28,Ni,58.0,2.0714285714285716,0.646551724137931,26.5,0.1324,26.6324,i_Si_e,i_Si_n
28,Ni,58.0,2.0714285714285716,0.6896551724137931,26.9,0.1255,27.025499999999997,i_Si_e,i_Si_n
28,Ni,58.0,2.0714285714285716,0.7758620689655172,27.5,0.114,27.614,i_Si_e,i_Si_n
28,Ni,58.0,2.0714285714285716,0.8620689655172413,28.1,0.1045,28.204500000000003,i_Si_e,i_Si_n
28,Ni,58.0,2.0714285714285716,0.9482758620689655,28.6,0.09653,28.696530000000003,i_Si_e,i_Si_n
28,Ni,58.0,2.0714285714285716,1.0344827586206897,29.0,0.08979,29.08979,i_Si_e,i_Si_n
28,Ni,58.0,2.0714285714285716,1.1206896551724137,29.4,0.08399,29.48399,i_Si_e,i_Si_n
28,Ni,58.0,2.0714285714285716,1.206896551724138,29.7,0.07895,29.77895,i_Si_e,i_Si_n
28,Ni,58.0,2.0714285714285716,1.3793103448275863,30.3,0.07058,30.37058,i_Si_e,i_Si_n
28,Ni,58.0,2.0714285714285716,1.5517241379310345,30.7,0.06392,30.76392,i_Si_e,i_Si_n
28,Ni,58.0,2.0714285714285716,1.7241379310344827,31.0,0.05848,31.05848,i_Si_e,i_Si_n
28,Ni,58.0,2.0714285714285716,1.896551724137931,31.2,0.05394,31.25394,i_Si_e,i_Si_n
28,Ni,58.0,2.0714285714285716,2.0689655172413794,31.4,0.0501,31.4501,i_Si_e,i_Si_n
28,Ni,58.0,2.0714285714285716,2.2413793103448274,31.4,0.0468,31.4468,i_Si_e,i_Si_n
28,Ni,58.0,2.0714285714285716,2.413793103448276,31.1,0.04393,31.14393,i_Si_e,i_Si_n
28,Ni,58.0,2.0714285714285716,2.586206896551724,31.0,0.04141,31.04141,i_Si_e,i_Si_n
28,Ni,58.0,2.0714285714285716,2.7586206896551726,30.8,0.03919,30.839190000000002,i_Si_e,i_Si_n
28,Ni,58.0,2.0714285714285716,2.9310344827586206,30.6,0.0372,30.6372,i_Si_e,i_Si_n
28,Ni,58.0,2.0714285714285716,3.103448275862069,30.4,0.03542,30.435419999999997,i_Si_e,i_Si_n
28,Ni,58.0,2.0714285714285716,3.4482758620689653,29.9,0.03235,29.93235,i_Si_e,i_Si_n
28,Ni,58.0,2.0714285714285716,3.8793103448275863,29.2,0.02923,29.229229999999998,i_Si_e,i_Si_n
28,Ni,58.0,2.0714285714285716,4.310344827586207,28.5,0.02668,28.52668,i_Si_e,i_Si_n
28,Ni,58.0,2.0714285714285716,4.741379310344827,27.8,0.02457,27.82457,i_Si_e,i_Si_n
28,Ni,58.0,2.0714285714285716,5.172413793103448,27.1,0.02278,27.122780000000002,i_Si_e,i_Si_n
28,Ni,58.0,2.0714285714285716,5.603448275862069,26.3,0.02125,26.32125,i_Si_e,i_Si_n
28,Ni,58.0,2.0714285714285716,6.0344827586206895,25.6,0.01992,25.61992,i_Si_e,i_Si_n
28,Ni,58.0,2.0714285714285716,6.4655172413793105,25.0,0.01876,25.01876,i_Si_e,i_Si_n
28,Ni,58.0,2.0714285714285716,6.896551724137931,24.3,0.01773,24.31773,i_Si_e,i_Si_n
28,Ni,58.0,2.0714285714285716,7.758620689655173,23.1,0.01599,23.11599,i_Si_e,i_Si_n
28,Ni,58.0,2.0714285714285716,8.620689655172415,22.0,0.01458,22.01458,i_Si_e,i_Si_n
28,Ni,58.0,2.0714285714285716,9.482758620689655,20.9,0.01341,20.91341,i_Si_e,i_Si_n
28,Ni,58.0,2.0714285714285716,10.344827586206897,20.0,0.01242,20.01242,i_Si_e,i_Si_n
28,Ni,58.0,2.0714285714285716,11.206896551724139,19.2,0.01158,19.211579999999998,i_Si_e,i_Si_n
28,Ni,58.0,2.0714285714285716,12.068965517241379,18.4,0.01085,18.41085,i_Si_e,i_Si_n
28,Ni,58.0,2.0714285714285716,13.793103448275861,17.0,0.00964,17.00964,i_Si_e,i_Si_n
28,Ni,58.0,2.0714285714285716,15.517241379310345,15.9,0.008686,15.908686000000001,i_Si_e,i_Si_n
28,Ni,58.0,2.0714285714285716,17.24137931034483,14.9,0.007911,14.907911,i_Si_e,i_Si_n
28,Ni,58.0,2.0714285714285716,18.96551724137931,14.1,0.00727,14.10727,i_Si_e,i_Si_n
28,Ni,58.0,2.0714285714285716,20.689655172413794,13.3,0.006728,13.306728000000001,i_Si_e,i_Si_n
28,Ni,58.0,2.0714285714285716,22.413793103448278,12.7,0.006266,12.706266,i_Si_e,i_Si_n
28,Ni,58.0,2.0714285714285716,24.137931034482758,12.1,0.005866,12.105865999999999,i_Si_e,i_Si_n
28,Ni,58.0,2.0714285714285716,25.862068965517242,11.6,0.005516,11.605516,i_Si_e,i_Si_n
28,Ni,58.0,2.0714285714285716,27.586206896551722,11.1,0.005207,11.105207,i_Si_e,i_Si_n
28,Ni,58.0,2.0714285714285716,29.310344827586206,10.7,0.004932,10.704932,i_Si_e,i_Si_n
28,Ni,58.0,2.0714285714285716,31.03448275862069,10.3,0.004687,10.304687000000001,i_Si_e,i_Si_n
28,Ni,58.0,2.0714285714285716,34.48275862068966,9.55,0.004265,9.554265000000001,i_Si_e,i_Si_n
28,Ni,58.0,2.0714285714285716,38.793103448275865,8.79,0.003838,8.793838,i_Si_e,i_Si_n
28,Ni,58.0,2.0714285714285716,43.10344827586207,8.17,0.003491,8.173491,i_Si_e,i_Si_n
28,Ni,58.0,2.0714285714285716,47.41379310344828,7.63,0.003205,7.633205,i_Si_e,i_Si_n
28,Ni,58.0,2.0714285714285716,51.724137931034484,7.18,0.002964,7.182964,i_Si_e,i_Si_n
28,Ni,58.0,2.0714285714285716,56.03448275862069,6.78,0.002758,6.782758,i_Si_e,i_Si_n
28,Ni,58.0,2.0714285714285716,60.3448275862069,6.43,0.00258,6.43258,i_Si_e,i_Si_n
28,Ni,58.0,2.0714285714285716,64.65517241379311,6.13,0.002424,6.132424,i_Si_e,i_Si_n
28,Ni,58.0,2.0714285714285716,68.96551724137932,5.85,0.002287,5.852287,i_Si_e,i_Si_n
28,Ni,58.0,2.0714285714285716,77.58620689655173,5.38,0.002056,5.3820559999999995,i_Si_e,i_Si_n
28,Ni,58.0,2.0714285714285716,86.20689655172414,4.98,0.001869,4.9818690000000005,i_Si_e,i_Si_n
28,Ni,58.0,2.0714285714285716,94.82758620689656,4.65,0.001715,4.651715,i_Si_e,i_Si_n
28,Ni,58.0,2.0714285714285716,103.44827586206897,4.37,0.001585,4.3715850000000005,i_Si_e,i_Si_n
28,Ni,58.0,2.0714285714285716,112.06896551724138,4.13,0.001474,4.131474,i_Si_e,i_Si_n
28,Ni,58.0,2.0714285714285716,120.6896551724138,3.92,0.001378,3.921378,i_Si_e,i_Si_n
28,Ni,58.0,2.0714285714285716,137.93103448275863,3.57,0.00122,3.57122,i_Si_e,i_Si_n
28,Ni,58.0,2.0714285714285716,155.17241379310346,3.3,0.001096,3.301096,i_Si_e,i_Si_n
28,Ni,58.0,2.0714285714285716,172.41379310344828,3.07,0.0009962,3.0709961999999997,i_Si_e,i_Si_n
28,Ni,58.0,2.0714285714285716,189.6551724137931,0.0008575811134426718,0.0009135062858503879,0.0017710873992930597,i_Si_e,i_Si_n
28,Ni,58.0,2.0714285714285716,206.89655172413794,0.0007923596609672927,0.0008440214412198761,0.0016363811021871688,i_Si_e,i_Si_n
28,Ni,58.0,2.0714285714285716,224.13793103448276,0.0007367511093434815,0.0007847785559858395,0.001521529665329321,i_Si_e,i_Si_n
28,Ni,58.0,2.0714285714285716,241.3793103448276,0.0006887511305681055,0.0007336420508195143,0.0014223931813876199,i_Si_e,i_Si_n
28,Ni,58.0,2.0714285714285716,258.62068965517244,0.0006468794241627597,0.0006890347062705678,0.0013359141304333274,i_Si_e,i_Si_n
28,Ni,58.0,2.0714285714285716,275.86206896551727,0.0006100184443276148,0.000649765819888261,0.0012597842642158756,i_Si_e,i_Si_n
28,Ni,58.0,2.0714285714285716,293.1034482758621,0.0005773083472886747,0.0006149192694148901,0.0011922276167035649,i_Si_e,i_Si_n
28,Ni,58.0,2.0714285714285716,310.3448275862069,0.0005480765196923875,0.0005837784238476191,0.0011318549435400066,i_Si_e,i_Si_n
28,Ni,58.0,2.0714285714285716,344.82758620689657,0.0004980167459731388,0.0005304500324118307,0.0010284667783849696,i_Si_e,i_Si_n
28,Ni,58.0,2.0714285714285716,387.9310344827586,0.0004474475934614455,0.0004765798297986027,0.0009240274232600481,i_Si_e,i_Si_n
28,Ni,58.0,2.0714285714285716,431.0344827586207,0.0004065789839240867,0.0004330440726077277,0.0008396230565318144,i_Si_e,i_Si_n
28,Ni,58.0,2.0714285714285716,474.13793103448273,0.0003728341079298629,0.0003970974526976614,0.0007699315606275243,i_Si_e,i_Si_n
28,Ni,58.0,2.0714285714285716,517.2413793103449,0.0003444790267948194,0.0003668926744369588,0.0007113717012317783,i_Si_e,i_Si_n
28,Ni,58.0,2.0714285714285716,560.3448275862069,0.0003203031623629341,0.0003411400341089332,0.0006614431964718673,i_Si_e,i_Si_n
28,Ni,58.0,2.0714285714285716,603.448275862069,0.0002994351313547333,0.0003189112040987432,0.0006183463354534765,i_Si_e,i_Si_n
28,Ni,58.0,2.0714285714285716,646.551724137931,0.0002812313718963787,0.0002995205735509697,0.0005807519454473485,i_Si_e,i_Si_n
28,Ni,58.0,2.0714285714285716,689.6551724137931,0.0002652060300146211,0.0002824505489718047,0.0005476565789864257,i_Si_e,i_Si_n
28,Ni,58.0,2.0714285714285716,775.8620689655172,0.0002382767263571223,0.0002537660973333597,0.000492042823690482,i_Si_e,i_Si_n
