z,symbol,mass_number,mass_to_charge,energy_mev_per_nucleon,range_g_cm2,range_mm,source_sheet
2,He,4.0,2.0,0.25,0.0008586000000000002,0.00318,i_R_Al
2,He,4.0,2.0,0.275,0.0009396,0.00348,i_R_Al
2,He,4.0,2.0,0.3,0.0010206,0.00378,i_R_Al
2,He,4.0,2.0,0.325,0.0011069999999999997,0.004099999999999999,i_R_Al
2,He,4.0,2.0,0.35,0.0011934000000000003,0.00442,i_R_Al
2,He,4.0,2.0,0.375,0.0012825000000000002,0.00475,i_R_Al
2,He,4.0,2.0,0.4,0.0013743,0.00509,i_R_Al
2,He,4.0,2.0,0.425,0.0014661000000000001,0.00543,i_R_Al
2,He,4.0,2.0,0.45,0.0015633,0.00579,i_R_Al
2,He,4.0,2.0,0.5,0.0017604,0.00652,i_R_Al
2,He,4.0,2.0,0.5625,0.0020196000000000007,0.007480000000000001,i_R_Al
2,He,4.0,2.0,0.625,0.002295,0.0085,i_R_Al
2,He,4.0,2.0,0.6875,0.0025812000000000005,0.00956,i_R_Al
2,He,4.0,2.0,0.75,0.0028836000000000005,0.01068,i_R_Al
2,He,4.0,2.0,0.8125,0.0031995,0.01185,i_R_Al
2,He,4.0,2.0,0.875,0.0035289,0.01307,i_R_Al
2,He,4.0,2.0,0.9375,0.0038691000000000003,0.01433,i_R_Al
2,He,4.0,2.0,1.0,0.004225500000000001,0.01565,i_R_Al
2,He,4.0,2.0,1.125,0.0049761,0.01843,i_R_Al
2,He,4.0,2.0,1.25,0.005778,0.0214,i_R_Al
2,He,4.0,2.0,1.375,0.0066285,0.02455,i_R_Al
2,He,4.0,2.0,1.5,0.007530300000000001,0.02789,i_R_Al
2,He,4.0,2.0,1.625,0.008478,0.0314,i_R_Al
2,He,4.0,2.0,1.75,0.009474300000000001,0.03509,i_R_Al
2,He,4.0,2.0,2.0,0.011607300000000001,0.04299,i_R_Al
2,He,4.0,2.0,2.25,0.0139212,0.05156,i_R_Al
2,He,4.0,2.0,2.5,0.016429500000000003,0.06085,i_R_Al
2,He,4.0,2.0,2.75,0.019132200000000002,0.07086,i_R_Al
2,He,4.0,2.0,3.0,0.022015800000000002,0.08154,i_R_Al
2,He,4.0,2.0,3.25,0.025077600000000005,0.09288,i_R_Al
2,He,4.0,2.0,3.5,0.028317600000000005,0.10488,i_R_Al
2,He,4.0,2.0,3.75,0.031727700000000005,0.11751,i_R_Al
2,He,4.0,2.0,4.0,0.035310600000000004,0.13078,i_R_Al
2,He,4.0,2.0,4.25,0.039063600000000004,0.14468,i_R_Al
2,He,4.0,2.0,4.5,0.0429813,0.15919,i_R_Al
2,He,4.0,2.0,5.0,0.0513081,0.19003,i_R_Al
2,He,4.0,2.0,5.625,0.06262110000000001,0.23193,i_R_Al
2,He,4.0,2.0,6.25,0.074925,0.2775,i_R_Al
2,He,4.0,2.0,6.875,0.08820090000000001,0.32667,i_R_Al
2,He,4.0,2.0,7.5,0.1024299,0.37937,i_R_Al
2,He,4.0,2.0,8.125,0.11759850000000001,0.43555,i_R_Al
2,He,4.0,2.0,8.75,0.1336905,0.49515,i_R_Al
2,He,4.0,2.0,9.375,0.1506924,0.5581200000000001,i_R_Al
2,He,4.0,2.0,10.0,0.16859880000000005,0.6244400000000001,i_R_Al
2,He,4.0,2.0,11.25,0.207036,0.7667999999999999,i_R_Al
2,He,4.0,2.0,12.5,0.24896430000000006,0.9220900000000001,i_R_Al
2,He,4.0,2.0,13.75,0.29430000000000006,1.09,i_R_Al
2,He,4.0,2.0,15.0,0.34290000000000004,1.27,i_R_Al
2,He,4.0,2.0,16.25,0.3942,1.46,i_R_Al
2,He,4.0,2.0,17.5,0.4509,1.67,i_R_Al
2,He,4.0,2.0,20.0,0.5697,2.11,i_R_Al
2,He,4.0,2.0,22.5,0.7020000000000001,2.6,i_R_Al
2,He,4.0,2.0,25.0,0.8478000000000001,3.14,i_R_Al
2,He,4.0,2.0,27.5,1.0044,3.72,i_R_Al
2,He,4.0,2.0,30.0,1.1718,4.34,i_R_Al
2,He,4.0,2.0,32.5,1.3527,5.01,i_R_Al
2,He,4.0,2.0,35.0,1.5444,5.72,i_R_Al
2,He,4.0,2.0,37.5,1.7442,6.46,i_R_Al
2,He,4.0,2.0,40.0,1.9575000000000002,7.25,i_R_Al
2,He,4.0,2.0,42.5,2.1816000000000004,8.08,i_R_Al
2,He,4.0,2.0,45.0,2.4165,8.95,i_R_Al
2,He,4.0,2.0,50.0,2.9160000000000004,10.8,i_R_Al
2,He,4.0,2.0,56.25,3.5964000000000005,13.32,i_R_Al
2,He,4.0,2.0,62.5,4.338900000000001,16.07,i_R_Al
2,He,4.0,2.0,68.75,5.1408000000000005,19.04,i_R_Al
2,He,4.0,2.0,75.0,6.0021,22.23,i_R_Al
2,He,4.0,2.0,81.25,6.917400000000001,25.62,i_R_Al
2,He,4.0,2.0,87.5,7.8867,29.21,i_R_Al
2,He,4.0,2.0,93.75,8.91,33.0,i_R_Al
2,He,4.0,2.0,100.0,9.9846,36.98,i_R_Al
2,He,4.0,2.0,112.5,12.282300000000001,45.49,i_R_Al
2,He,4.0,2.0,125.0,14.771700000000001,54.71,i_R_Al
2,He,4.0,2.0,137.5,17.4447,64.61,i_R_Al
2,He,4.0,2.0,150.0,20.2905,75.15,i_R_Al
2,He,4.0,2.0,162.5,23.3064,86.32,i_R_Al
2,He,4.0,2.0,175.0,26.4789,98.07,i_R_Al
2,He,4.0,2.0,200.0,33.27210000000001,123.23,i_R_Al
2,He,4.0,2.0,225.0,40.629599999999996,150.48,i_R_Al
2,He,4.0,2.0,250.0,48.5082,179.66,i_R_Al
2,He,4.0,2.0,275.0,56.864700000000006,210.61,i_R_Al
2,He,4.0,2.0,300.0,65.66940000000001,243.22,i_R_Al
2,He,4.0,2.0,325.0,74.88450000000002,277.35,i_R_Al
2,He,4.0,2.0,350.0,84.483,312.9,i_R_Al
2,He,4.0,2.0,375.0,94.4379,349.77,i_R_Al
2,He,4.0,2.0,400.0,104.7249,387.87,i_R_Al
2,He,4.0,2.0,425.0,115.32240000000002,427.12,i_R_Al
2,He,4.0,2.0,450.0,126.2088,467.44,i_R_Al
2,He,4.0,2.0,500.0,148.77,551.0,i_R_Al
2,He,4.0,2.0,562.5,178.28640000000001,660.32,i_R_Al
2,He,4.0,2.0,625.0,209.07450000000003,774.35,i_R_Al
2,He,4.0,2.0,687.5,240.948,892.4,i_R_Al
2,He,4.0,2.0,750.0,272.7,1010.0,i_R_Al
2,He,4.0,2.0,812.5,307.8,1140.0,i_R_Al
2,He,4.0,2.0,875.0,342.9,1270.0,i_R_Al
2,He,4.0,2.0,937.5,375.30000000000007,1390.0,i_R_Al
2,He,4.0,2.0,1000.0,413.1,1530.0,i_R_Al
2,He,4.0,2.0,1125.0,483.3,1790.0,i_R_Al
2,He,4.0,2.0,1250.0,558.9,2070.0,i_R_Al
2,He,4.0,2.0,1375.0,631.8,2340.0,i_R_Al
2,He,4.0,2.0,1500.0,707.4000000000001,2620.0,i_R_Al
2,He,4.0,2.0,1625.0,783.0000000000001,2900.0,i_R_Al
2,He,4.0,2.0,1750.0,861.3,3190.0,i_R_Al
2,He,4.0,2.0,2000.0,1015.2,3760.0,i_R_Al
2,He,4.0,2.0,2250.0,1169.1,4330.0,i_R_Al
2,He,4.0,2.0,2500.0,1323.0,4900.0,i_R_Al
2,He,4.0,2.0,2750.0,1488.4567110253695,5512.802633427294,i_R_Al
2,He,4.0,2.0,3000.0,1657.5115703976826,6138.931742213639,i_R_Al
2,He,4.0,2.0,3250.0,1829.9327674443452,6777.528768312389,i_R_Al
2,He,4.0,2.0,3500.0,2005.5203352823166,7427.853093638209,i_R_Al
2,He,4.0,2.0,3750.0,2184.099785266166,8089.258463948762,i_R_Al
2,He,4.0,2.0,4000.0,2365.5173588176945,8761.175403028497,i_R_Al
2,He,4.0,2.0,4250.0,2549.636409029711,9443.097811221152,i_R_Al
2,He,4.0,2.0,4500.0,2736.334591822958,10134.57256230725,i_R_Al
2,He,4.0,2.0,5000.0,3117.0376410690833,11544.58385581142,i_R_Al
2,He,4.0,2.0,5625.0,3605.6627906271433,13354.30663195238,i_R_Al
2,He,4.0,2.0,6250.0,4107.314461094303,15212.27578183075,i_R_Al
2,He,4.0,2.0,6875.0,4620.982444374427,17114.74979397936,i_R_Al
2,He,4.0,2.0,7500.0,5145.821044992856,19058.5964629365,i_R_Al
2,He,4.0,2.0,8125.0,5681.110596035134,21041.15035568568,i_R_Al
2,He,4.0,2.0,8750.0,6226.230291098826,23060.11218925491,i_R_Al
2,He,4.0,2.0,9375.0,6780.638422144124,25113.47563757083,i_R_Al
2,He,4.0,2.0,10000.0,7343.85763858014,27199.472735482,i_R_Al
2,He,4.0,2.0,11250.0,8495.076824933489,31463.24749975366,i_R_Al
6,C,12.0,2.0,0.08333333333333333,0.0003753,0.00139,i_R_Al
6,C,12.0,2.0,0.09166666666666667,0.00039960000000000006,0.00148,i_R_Al
6,C,12.0,2.0,0.09999999999999999,0.00042390000000000006,0.00157,i_R_Al
6,C,12.0,2.0,0.10833333333333334,0.00044820000000000005,0.00166,i_R_Al
6,C,12.0,2.0,0.11666666666666665,0.0004698,0.00174,i_R_Al
6,C,12.0,2.0,0.125,0.0004914,0.00182,i_R_Al
6,C,12.0,2.0,0.13333333333333333,0.000513,0.0019,i_R_Al
6,C,12.0,2.0,0.14166666666666666,0.0005373,0.00199,i_R_Al
6,C,12.0,2.0,0.15,0.0005562000000000001,0.00206,i_R_Al
6,C,12.0,2.0,0.16666666666666666,0.0005994000000000001,0.00222,i_R_Al
6,C,12.0,2.0,0.1875,0.0006533999999999999,0.00242,i_R_Al
6,C,12.0,2.0,0.20833333333333334,0.0007047,0.00261,i_R_Al
6,C,12.0,2.0,0.22916666666666666,0.000756,0.0028,i_R_Al
6,C,12.0,2.0,0.25,0.0008073,0.00299,i_R_Al
6,C,12.0,2.0,0.2708333333333333,0.0008559,0.00317,i_R_Al
6,C,12.0,2.0,0.2916666666666667,0.0009072,0.00336,i_R_Al
6,C,12.0,2.0,0.3125,0.0009585000000000002,0.00355,i_R_Al
6,C,12.0,2.0,0.3333333333333333,0.0010098000000000002,0.00374,i_R_Al
6,C,12.0,2.0,0.375,0.0011097000000000004,0.004110000000000001,i_R_Al
6,C,12.0,2.0,0.4166666666666667,0.0012123000000000001,0.00449,i_R_Al
6,C,12.0,2.0,0.4583333333333333,0.0013149000000000001,0.00487,i_R_Al
6,C,12.0,2.0,0.5,0.0014202000000000002,0.00526,i_R_Al
6,C,12.0,2.0,0.5416666666666666,0.0015228000000000002,0.00564,i_R_Al
6,C,12.0,2.0,0.5833333333333334,0.0016281000000000004,0.006030000000000001,i_R_Al
6,C,12.0,2.0,0.6666666666666666,0.0018414000000000004,0.006820000000000001,i_R_Al
6,C,12.0,2.0,0.75,0.0020601,0.00763,i_R_Al
6,C,12.0,2.0,0.8333333333333334,0.0022788,0.00844,i_R_Al
6,C,12.0,2.0,0.9166666666666666,0.0025029,0.00927,i_R_Al
6,C,12.0,2.0,1.0,0.0027324000000000003,0.01012,i_R_Al
6,C,12.0,2.0,1.0833333333333333,0.0029646000000000004,0.01098,i_R_Al
6,C,12.0,2.0,1.1666666666666667,0.0032022,0.01186,i_R_Al
6,C,12.0,2.0,1.25,0.0034425,0.01275,i_R_Al
6,C,12.0,2.0,1.3333333333333333,0.0036882000000000004,0.01366,i_R_Al
6,C,12.0,2.0,1.4166666666666667,0.0039366,0.01458,i_R_Al
6,C,12.0,2.0,1.5,0.0041904,0.01552,i_R_Al
6,C,12.0,2.0,1.6666666666666667,0.004708800000000001,0.01744,i_R_Al
6,C,12.0,2.0,1.875,0.0053838,0.01994,i_R_Al
6,C,12.0,2.0,2.0833333333333335,0.006085800000000001,0.02254,i_R_Al
6,C,12.0,2.0,2.2916666666666665,0.006820200000000001,0.02526,i_R_Al
6,C,12.0,2.0,2.5,0.007587000000000001,0.0281,i_R_Al
6,C,12.0,2.0,2.7083333333333335,0.0083862,0.03106,i_R_Al
6,C,12.0,2.0,2.9166666666666665,0.009220500000000001,0.03415,i_R_Al
6,C,12.0,2.0,3.125,0.010087200000000001,0.03736,i_R_Al
6,C,12.0,2.0,3.3333333333333335,0.010989000000000002,0.04070000000000001,i_R_Al
6,C,12.0,2.0,3.75,0.012889800000000002,0.04774,i_R_Al
6,C,12.0,2.0,4.166666666666667,0.014925600000000002,0.05528,i_R_Al
6,C,12.0,2.0,4.583333333333333,0.017101800000000004,0.06334000000000001,i_R_Al
6,C,12.0,2.0,5.0,0.0194184,0.07192,i_R_Al
6,C,12.0,2.0,5.416666666666667,0.021872700000000005,0.08101000000000001,i_R_Al
6,C,12.0,2.0,5.833333333333333,0.024467400000000004,0.09062,i_R_Al
6,C,12.0,2.0,6.666666666666667,0.030078,0.1114,i_R_Al
6,C,12.0,2.0,7.5,0.036255600000000006,0.13428,i_R_Al
6,C,12.0,2.0,8.333333333333334,0.04299750000000001,0.15925,i_R_Al
6,C,12.0,2.0,9.166666666666666,0.050301000000000005,0.1863,i_R_Al
6,C,12.0,2.0,10.0,0.058160699999999996,0.21541,i_R_Al
6,C,12.0,2.0,10.833333333333334,0.0665685,0.24655,i_R_Al
6,C,12.0,2.0,11.666666666666666,0.07552170000000001,0.27971,i_R_Al
6,C,12.0,2.0,12.5,0.0850122,0.31486,i_R_Al
6,C,12.0,2.0,13.333333333333334,0.09502920000000001,0.35196,i_R_Al
6,C,12.0,2.0,14.166666666666666,0.1055673,0.39099,i_R_Al
6,C,12.0,2.0,15.0,0.1166211,0.43193,i_R_Al
6,C,12.0,2.0,16.666666666666668,0.1402245,0.51935,i_R_Al
6,C,12.0,2.0,18.75,0.17248140000000003,0.63882,i_R_Al
6,C,12.0,2.0,20.833333333333332,0.20773260000000002,0.7693800000000001,i_R_Al
6,C,12.0,2.0,22.916666666666668,0.2458917,0.91071,i_R_Al
6,C,12.0,2.0,25.0,0.28620000000000007,1.06,i_R_Al
6,C,12.0,2.0,27.083333333333332,0.3294,1.22,i_R_Al
6,C,12.0,2.0,29.166666666666668,0.378,1.4,i_R_Al
6,C,12.0,2.0,31.25,0.4266000000000001,1.58,i_R_Al
6,C,12.0,2.0,33.333333333333336,0.4779000000000001,1.77,i_R_Al
6,C,12.0,2.0,37.5,0.5913,2.19,i_R_Al
6,C,12.0,2.0,41.666666666666664,0.7128000000000001,2.64,i_R_Al
6,C,12.0,2.0,45.833333333333336,0.8451000000000001,3.13,i_R_Al
6,C,12.0,2.0,50.0,0.9855,3.65,i_R_Al
6,C,12.0,2.0,54.166666666666664,1.1394,4.22,i_R_Al
6,C,12.0,2.0,58.333333333333336,1.2987,4.81,i_R_Al
6,C,12.0,2.0,66.66666666666667,1.6497000000000004,6.11,i_R_Al
6,C,12.0,2.0,75.0,2.0331,7.53,i_R_Al
6,C,12.0,2.0,83.33333333333333,2.4516,9.08,i_R_Al
6,C,12.0,2.0,91.66666666666667,2.9052,10.76,i_R_Al
6,C,12.0,2.0,100.0,3.3885000000000005,12.55,i_R_Al
6,C,12.0,2.0,108.33333333333333,3.9015,14.45,i_R_Al
6,C,12.0,2.0,116.66666666666667,4.4469,16.47,i_R_Al
6,C,12.0,2.0,125.0,5.0193,18.59,i_R_Al
6,C,12.0,2.0,133.33333333333334,5.6214,20.82,i_R_Al
6,C,12.0,2.0,141.66666666666666,6.247800000000001,23.14,i_R_Al
6,C,12.0,2.0,150.0,6.9039,25.57,i_R_Al
6,C,12.0,2.0,166.66666666666666,8.2863,30.69,i_R_Al
6,C,12.0,2.0,187.5,10.1493,37.59,i_R_Al
6,C,12.0,2.0,208.33333333333334,12.1527,45.01,i_R_Al
6,C,12.0,2.0,229.16666666666666,14.288400000000001,52.92,i_R_Al
6,C,12.0,2.0,250.0,16.5483,61.29,i_R_Al
6,C,12.0,2.0,270.8333333333333,18.9189,70.07,i_R_Al
6,C,12.0,2.0,291.6666666666667,21.400200000000005,79.26,i_R_Al
6,C,12.0,2.0,312.5,23.9814,88.82,i_R_Al
6,C,12.0,2.0,333.3333333333333,26.6598,98.74,i_R_Al
6,C,12.0,2.0,375.0,32.27310000000001,119.53,i_R_Al
6,C,12.0,2.0,416.6666666666667,38.2077,141.51,i_R_Al
6,C,12.0,2.0,458.3333333333333,44.425799999999995,164.54,i_R_Al
6,C,12.0,2.0,500.0,50.8977,188.51,i_R_Al
6,C,12.0,2.0,541.6666666666666,57.59910000000001,213.33,i_R_Al
6,C,12.0,2.0,583.3333333333334,64.5057,238.91,i_R_Al
6,C,12.0,2.0,666.6666666666666,78.8454,292.02,i_R_Al
6,C,12.0,2.0,750.0,93.79260000000001,347.38,i_R_Al
6,C,12.0,2.0,833.3333333333334,109.23389999999999,404.57,i_R_Al
6,C,12.0,2.0,916.6666666666666,126.07776355531428,466.9546798344973,i_R_Al
6,C,12.0,2.0,1000.0,143.71319563936189,532.2710949605995,i_R_Al
6,C,12.0,2.0,1083.3333333333333,162.10674085514688,600.395336500544,i_R_Al
6,C,12.0,2.0,1166.6666666666667,181.22888176862506,671.2180806245373,i_R_Al
6,C,12.0,2.0,1250.0,201.05332104685894,744.6419298031813,i_R_Al
6,C,12.0,2.0,1333.3333333333333,221.55643458500313,820.5793873518634,i_R_Al
6,C,12.0,2.0,1416.6666666666667,242.7168465420697,898.9512834891469,i_R_Al
6,C,12.0,2.0,1500.0,264.51509340553406,979.6855311316076,i_R_Al
6,C,12.0,2.0,1666.6666666666667,309.9552325340925,1147.982342718861,i_R_Al
6,C,12.0,2.0,1875.0,370.05396588395524,1370.570244014649,i_R_Al
6,C,12.0,2.0,2083.3333333333335,433.6242653264227,1606.015797505269,i_R_Al
6,C,12.0,2.0,2291.6666666666665,500.48911185695704,1853.663377247989,i_R_Al
6,C,12.0,2.0,2500.0,570.4962367619471,2112.949025044248,i_R_Al
6,C,12.0,2.0,2708.3333333333335,643.5128326258974,2383.380861577398,i_R_Al
6,C,12.0,2.0,2916.6666666666665,719.4217245090503,2664.524905589075,i_R_Al
6,C,12.0,2.0,3125.0,798.1185202613985,2955.994519486661,i_R_Al
6,C,12.0,2.0,3333.3333333333335,879.5094396086157,3257.442368920799,i_R_Al
6,C,12.0,2.0,3750.0,1050.041818938302,3889.043773845562,i_R_Al
7,N,14.0,2.0,0.07142857142857142,0.00034560000000000005,0.00128,i_R_Al
7,N,14.0,2.0,0.07857142857142858,0.00036720000000000004,0.00136,i_R_Al
7,N,14.0,2.0,0.08571428571428572,0.0003888,0.00144,i_R_Al
7,N,14.0,2.0,0.09285714285714286,0.0004104000000000001,0.00152,i_R_Al
7,N,14.0,2.0,0.09999999999999999,0.0004293000000000001,0.00159,i_R_Al
7,N,14.0,2.0,0.10714285714285714,0.0004509,0.00167,i_R_Al
7,N,14.0,2.0,0.1142857142857143,0.0004698,0.00174,i_R_Al
7,N,14.0,2.0,0.12142857142857143,0.0004887,0.00181,i_R_Al
7,N,14.0,2.0,0.1285714285714286,0.0005076,0.00188,i_R_Al
7,N,14.0,2.0,0.14285714285714285,0.0005454,0.00202,i_R_Al
7,N,14.0,2.0,0.16071428571428573,0.0005913000000000001,0.00219,i_R_Al
7,N,14.0,2.0,0.17857142857142858,0.0006345000000000001,0.00235,i_R_Al
7,N,14.0,2.0,0.19642857142857142,0.0006804000000000001,0.00252,i_R_Al
7,N,14.0,2.0,0.21428571428571427,0.0007236000000000001,0.00268,i_R_Al
7,N,14.0,2.0,0.23214285714285715,0.0007668,0.00284,i_R_Al
7,N,14.0,2.0,0.25,0.0008100000000000002,0.003,i_R_Al
7,N,14.0,2.0,0.26785714285714285,0.0008532000000000001,0.00316,i_R_Al
7,N,14.0,2.0,0.2857142857142857,0.0008964000000000001,0.00332,i_R_Al
7,N,14.0,2.0,0.32142857142857145,0.0009828,0.00364,i_R_Al
7,N,14.0,2.0,0.35714285714285715,0.0010692,0.00396,i_R_Al
7,N,14.0,2.0,0.39285714285714285,0.0011528999999999997,0.004269999999999999,i_R_Al
7,N,14.0,2.0,0.42857142857142855,0.0012393,0.00459,i_R_Al
7,N,14.0,2.0,0.4642857142857143,0.0013230000000000002,0.004900000000000001,i_R_Al
7,N,14.0,2.0,0.5,0.0014094,0.00522,i_R_Al
7,N,14.0,2.0,0.5714285714285714,0.0015822000000000002,0.005860000000000001,i_R_Al
7,N,14.0,2.0,0.6428571428571429,0.0017550000000000003,0.006500000000000001,i_R_Al
7,N,14.0,2.0,0.7142857142857143,0.0019305000000000004,0.00715,i_R_Al
7,N,14.0,2.0,0.7857142857142857,0.002106,0.0078,i_R_Al
7,N,14.0,2.0,0.8571428571428571,0.0022842,0.00846,i_R_Al
7,N,14.0,2.0,0.9285714285714286,0.0024624,0.00912,i_R_Al
7,N,14.0,2.0,1.0,0.0026460000000000003,0.009800000000000001,i_R_Al
7,N,14.0,2.0,1.0714285714285714,0.0028296000000000003,0.01048,i_R_Al
7,N,14.0,2.0,1.1428571428571428,0.0030159,0.01117,i_R_Al
7,N,14.0,2.0,1.2142857142857142,0.0032022,0.01186,i_R_Al
7,N,14.0,2.0,1.2857142857142858,0.0033939000000000005,0.01257,i_R_Al
7,N,14.0,2.0,1.4285714285714286,0.00378,0.014,i_R_Al
7,N,14.0,2.0,1.6071428571428572,0.0042768,0.01584,i_R_Al
7,N,14.0,2.0,1.7857142857142858,0.0047898,0.01774,i_R_Al
7,N,14.0,2.0,1.9642857142857142,0.005319,0.0197,i_R_Al
7,N,14.0,2.0,2.142857142857143,0.0058671,0.02173,i_R_Al
7,N,14.0,2.0,2.3214285714285716,0.006431400000000001,0.02382,i_R_Al
7,N,14.0,2.0,2.5,0.0070173,0.02599,i_R_Al
7,N,14.0,2.0,2.6785714285714284,0.007624800000000001,0.02824,i_R_Al
7,N,14.0,2.0,2.857142857142857,0.0082512,0.03056,i_R_Al
7,N,14.0,2.0,3.2142857142857144,0.009566100000000001,0.03543,i_R_Al
7,N,14.0,2.0,3.5714285714285716,0.010962,0.0406,i_R_Al
7,N,14.0,2.0,3.9285714285714284,0.0124416,0.04608,i_R_Al
7,N,14.0,2.0,4.285714285714286,0.0140049,0.05187,i_R_Al
7,N,14.0,2.0,4.642857142857143,0.015654599999999998,0.05798,i_R_Al
7,N,14.0,2.0,5.0,0.017388000000000004,0.06440000000000001,i_R_Al
7,N,14.0,2.0,5.714285714285714,0.021108600000000005,0.07818000000000001,i_R_Al
7,N,14.0,2.0,6.428571428571429,0.025174800000000004,0.09324,i_R_Al
7,N,14.0,2.0,7.142857142857143,0.029583900000000003,0.10957,i_R_Al
7,N,14.0,2.0,7.857142857142857,0.0343332,0.12716,i_R_Al
7,N,14.0,2.0,8.571428571428571,0.039422700000000005,0.14601,i_R_Al
7,N,14.0,2.0,9.285714285714286,0.044849700000000006,0.16611,i_R_Al
7,N,14.0,2.0,10.0,0.050608799999999995,0.18744,i_R_Al
7,N,14.0,2.0,10.714285714285714,0.056697300000000006,0.20999,i_R_Al
7,N,14.0,2.0,11.428571428571429,0.06311520000000001,0.23376,i_R_Al
7,N,14.0,2.0,12.142857142857142,0.06985440000000001,0.25872,i_R_Al
7,N,14.0,2.0,12.857142857142858,0.07691490000000001,0.28487,i_R_Al
7,N,14.0,2.0,14.285714285714286,0.0919701,0.34063,i_R_Al
7,N,14.0,2.0,16.071428571428573,0.11252250000000001,0.41675,i_R_Al
7,N,14.0,2.0,17.857142857142858,0.13497030000000002,0.49989,i_R_Al
7,N,14.0,2.0,19.642857142857142,0.15927030000000003,0.58989,i_R_Al
7,N,14.0,2.0,21.428571428571427,0.1853955,0.68665,i_R_Al
7,N,14.0,2.0,23.214285714285715,0.2133108,0.79004,i_R_Al
7,N,14.0,2.0,25.0,0.2429946,0.89998,i_R_Al
7,N,14.0,2.0,26.785714285714285,0.27540000000000003,1.02,i_R_Al
7,N,14.0,2.0,28.571428571428573,0.30779999999999996,1.14,i_R_Al
7,N,14.0,2.0,32.142857142857146,0.378,1.4,i_R_Al
7,N,14.0,2.0,35.714285714285715,0.4563,1.69,i_R_Al
7,N,14.0,2.0,39.285714285714285,0.54,2.0,i_R_Al
7,N,14.0,2.0,42.857142857142854,0.6317999999999999,2.34,i_R_Al
7,N,14.0,2.0,46.42857142857143,0.7290000000000001,2.7,i_R_Al
7,N,14.0,2.0,50.0,0.8316000000000001,3.08,i_R_Al
7,N,14.0,2.0,57.142857142857146,1.0557,3.91,i_R_Al
7,N,14.0,2.0,64.28571428571429,1.3014000000000001,4.82,i_R_Al
7,N,14.0,2.0,71.42857142857143,1.5714000000000001,5.82,i_R_Al
7,N,14.0,2.0,78.57142857142857,1.8603,6.89,i_R_Al
7,N,14.0,2.0,85.71428571428571,2.1708,8.04,i_R_Al
7,N,14.0,2.0,92.85714285714286,2.5029,9.27,i_R_Al
7,N,14.0,2.0,100.0,2.8539000000000003,10.57,i_R_Al
7,N,14.0,2.0,107.14285714285714,3.2237999999999998,11.94,i_R_Al
7,N,14.0,2.0,114.28571428571429,3.6126000000000005,13.38,i_R_Al
7,N,14.0,2.0,121.42857142857143,4.0176,14.88,i_R_Al
7,N,14.0,2.0,128.57142857142858,4.4415,16.45,i_R_Al
7,N,14.0,2.0,142.85714285714286,5.3406,19.78,i_R_Al
7,N,14.0,2.0,160.71428571428572,6.552899999999999,24.27,i_R_Al
7,N,14.0,2.0,178.57142857142858,7.862400000000001,29.12,i_R_Al
7,N,14.0,2.0,196.42857142857142,9.261,34.3,i_R_Al
7,N,14.0,2.0,214.28571428571428,10.743300000000001,39.79,i_R_Al
7,N,14.0,2.0,232.14285714285714,12.303900000000002,45.57,i_R_Al
7,N,14.0,2.0,250.0,13.9428,51.64,i_R_Al
7,N,14.0,2.0,267.85714285714283,15.651900000000001,57.97,i_R_Al
7,N,14.0,2.0,285.7142857142857,17.4285,64.55,i_R_Al
7,N,14.0,2.0,321.42857142857144,21.165300000000002,78.39,i_R_Al
7,N,14.0,2.0,357.14285714285717,25.137,93.1,i_R_Al
7,N,14.0,2.0,392.85714285714283,29.3139,108.57,i_R_Al
7,N,14.0,2.0,428.57142857142856,33.6798,124.74,i_R_Al
7,N,14.0,2.0,464.2857142857143,38.218500000000006,141.55,i_R_Al
7,N,14.0,2.0,500.0,42.911100000000005,158.93,i_R_Al
7,N,14.0,2.0,571.4285714285714,52.70399999999999,195.2,i_R_Al
7,N,14.0,2.0,642.8571428571429,62.9721,233.23,i_R_Al
7,N,14.0,2.0,714.2857142857143,73.6371,272.73,i_R_Al
7,N,14.0,2.0,785.7142857142857,85.28311066590312,315.8633728366782,i_R_Al
7,N,14.0,2.0,857.1428571428571,97.51628653264811,361.1714316024004,i_R_Al
7,N,14.0,2.0,928.5714285714286,110.3135741512488,408.5687931527733,i_R_Al
7,N,14.0,2.0,1000.0,123.65457227181405,457.979897303015,i_R_Al
7,N,14.0,2.0,1071.4285714285713,137.5210546860964,509.3372395781347,i_R_Al
7,N,14.0,2.0,1142.857142857143,151.8966056994373,562.5800211090269,i_R_Al
7,N,14.0,2.0,1214.2857142857142,166.7663361232741,617.653096752867,i_R_Al
7,N,14.0,2.0,1285.7142857142858,182.11665822039961,674.5061415570356,i_R_Al
7,N,14.0,2.0,1428.5714285714287,214.21018131193009,793.3710418960372,i_R_Al
7,N,14.0,2.0,1607.142857142857,256.82761110875254,951.2133744768612,i_R_Al
7,N,14.0,2.0,1785.7142857142858,302.0870780252073,1118.84102972299,i_R_Al
7,N,14.0,2.0,1964.2857142857142,349.86339366926643,1295.790346923209,i_R_Al
7,N,14.0,2.0,2142.8571428571427,400.04848179133364,1481.661043671606,i_R_Al
7,N,14.0,2.0,2321.4285714285716,452.54776847360745,1676.102846198546,i_R_Al
7,N,14.0,2.0,2500.0,507.27756011642407,1878.805778208978,i_R_Al
7,N,14.0,2.0,2678.5714285714284,564.1630859589474,2089.492910959064,i_R_Al
7,N,14.0,2.0,2857.1428571428573,623.1370026479867,2307.914824622173,i_R_Al
7,N,14.0,2.0,3214.285714285714,747.1110234041785,2767.07786445992,i_R_Al
8,O,16.0,2.0,0.0625,0.0003483,0.00129,i_R_Al
8,O,16.0,2.0,0.06875,0.0003699,0.00137,i_R_Al
8,O,16.0,2.0,0.075,0.00039150000000000003,0.00145,i_R_Al
8,O,16.0,2.0,0.08125,0.0004104000000000001,0.00152,i_R_Al
8,O,16.0,2.0,0.0875,0.0004320000000000001,0.0016,i_R_Al
8,O,16.0,2.0,0.09375,0.0004509,0.00167,i_R_Al
8,O,16.0,2.0,0.1,0.0004698,0.00174,i_R_Al
8,O,16.0,2.0,0.10625,0.00048600000000000005,0.0018,i_R_Al
8,O,16.0,2.0,0.1125,0.0005049000000000001,0.00187,i_R_Al
8,O,16.0,2.0,0.125,0.0005373,0.00199,i_R_Al
8,O,16.0,2.0,0.140625,0.0005805000000000001,0.00215,i_R_Al
8,O,16.0,2.0,0.15625,0.0006183,0.00229,i_R_Al
8,O,16.0,2.0,0.171875,0.0006588,0.00244,i_R_Al
8,O,16.0,2.0,0.1875,0.0006966,0.00258,i_R_Al
8,O,16.0,2.0,0.203125,0.0007344000000000001,0.00272,i_R_Al
8,O,16.0,2.0,0.21875,0.0007722,0.00286,i_R_Al
8,O,16.0,2.0,0.234375,0.0008073,0.00299,i_R_Al
8,O,16.0,2.0,0.25,0.0008451,0.00313,i_R_Al
8,O,16.0,2.0,0.28125,0.0009180000000000001,0.0034,i_R_Al
8,O,16.0,2.0,0.3125,0.0009909,0.00367,i_R_Al
8,O,16.0,2.0,0.34375,0.0010611000000000002,0.00393,i_R_Al
8,O,16.0,2.0,0.375,0.0011340000000000002,0.004200000000000001,i_R_Al
8,O,16.0,2.0,0.40625,0.0012069000000000001,0.00447,i_R_Al
8,O,16.0,2.0,0.4375,0.0012771000000000002,0.004730000000000001,i_R_Al
8,O,16.0,2.0,0.5,0.0014229000000000002,0.00527,i_R_Al
8,O,16.0,2.0,0.5625,0.0015687,0.00581,i_R_Al
8,O,16.0,2.0,0.625,0.0017145,0.00635,i_R_Al
8,O,16.0,2.0,0.6875,0.0018630000000000005,0.006900000000000001,i_R_Al
8,O,16.0,2.0,0.75,0.0020142,0.00746,i_R_Al
8,O,16.0,2.0,0.8125,0.0021627,0.00801,i_R_Al
8,O,16.0,2.0,0.875,0.0023166000000000003,0.00858,i_R_Al
8,O,16.0,2.0,0.9375,0.0024705,0.00915,i_R_Al
8,O,16.0,2.0,1.0,0.0026244000000000003,0.009720000000000001,i_R_Al
8,O,16.0,2.0,1.0625,0.002781,0.0103,i_R_Al
8,O,16.0,2.0,1.125,0.0029403000000000003,0.01089,i_R_Al
8,O,16.0,2.0,1.25,0.0032589000000000008,0.01207,i_R_Al
8,O,16.0,2.0,1.40625,0.0036693000000000003,0.01359,i_R_Al
8,O,16.0,2.0,1.5625,0.004087800000000001,0.01514,i_R_Al
8,O,16.0,2.0,1.71875,0.0045144,0.01672,i_R_Al
8,O,16.0,2.0,1.875,0.004954500000000001,0.01835,i_R_Al
8,O,16.0,2.0,2.03125,0.005402700000000001,0.02001,i_R_Al
8,O,16.0,2.0,2.1875,0.0058617,0.02171,i_R_Al
8,O,16.0,2.0,2.34375,0.006334200000000001,0.02346,i_R_Al
8,O,16.0,2.0,2.5,0.0068229000000000015,0.02527,i_R_Al
8,O,16.0,2.0,2.8125,0.007835400000000001,0.02902,i_R_Al
8,O,16.0,2.0,3.125,0.008899200000000001,0.03296,i_R_Al
8,O,16.0,2.0,3.4375,0.010017000000000002,0.0371,i_R_Al
8,O,16.0,2.0,3.75,0.0111888,0.04144,i_R_Al
8,O,16.0,2.0,4.0625,0.0124119,0.04597,i_R_Al
8,O,16.0,2.0,4.375,0.013691700000000005,0.05071000000000001,i_R_Al
8,O,16.0,2.0,5.0,0.016416,0.0608,i_R_Al
8,O,16.0,2.0,5.625,0.019364400000000004,0.07172,i_R_Al
8,O,16.0,2.0,6.25,0.022536900000000002,0.08347,i_R_Al
8,O,16.0,2.0,6.875,0.025933499999999998,0.09605,i_R_Al
8,O,16.0,2.0,7.5,0.029556900000000004,0.10947,i_R_Al
8,O,16.0,2.0,8.125,0.0334044,0.12372,i_R_Al
8,O,16.0,2.0,8.75,0.0374733,0.13879,i_R_Al
8,O,16.0,2.0,9.375,0.041763600000000005,0.15468,i_R_Al
8,O,16.0,2.0,10.0,0.046272600000000004,0.17138,i_R_Al
8,O,16.0,2.0,10.625,0.05099490000000001,0.18887,i_R_Al
8,O,16.0,2.0,11.25,0.05593050000000001,0.20715,i_R_Al
8,O,16.0,2.0,12.5,0.0664227,0.24601,i_R_Al
8,O,16.0,2.0,14.0625,0.08067870000000002,0.29881,i_R_Al
8,O,16.0,2.0,15.625,0.0961686,0.35618,i_R_Al
8,O,16.0,2.0,17.1875,0.11285730000000001,0.41799,i_R_Al
8,O,16.0,2.0,18.75,0.13071780000000002,0.48414,i_R_Al
8,O,16.0,2.0,20.3125,0.14973390000000003,0.55457,i_R_Al
8,O,16.0,2.0,21.875,0.1699002,0.62926,i_R_Al
8,O,16.0,2.0,23.4375,0.1912221,0.70823,i_R_Al
8,O,16.0,2.0,25.0,0.2137185,0.79155,i_R_Al
8,O,16.0,2.0,28.125,0.26235630000000004,0.97169,i_R_Al
8,O,16.0,2.0,31.25,0.31589999999999996,1.17,i_R_Al
8,O,16.0,2.0,34.375,0.3753,1.39,i_R_Al
8,O,16.0,2.0,37.5,0.43740000000000007,1.62,i_R_Al
8,O,16.0,2.0,40.625,0.5049,1.87,i_R_Al
8,O,16.0,2.0,43.75,0.5751000000000001,2.13,i_R_Al
8,O,16.0,2.0,50.0,0.7290000000000001,2.7,i_R_Al
8,O,16.0,2.0,56.25,0.8991000000000001,3.33,i_R_Al
8,O,16.0,2.0,62.5,1.0854,4.02,i_R_Al
8,O,16.0,2.0,68.75,1.2879,4.77,i_R_Al
8,O,16.0,2.0,75.0,1.5012,5.56,i_R_Al
8,O,16.0,2.0,81.25,1.7307000000000001,6.41,i_R_Al
8,O,16.0,2.0,87.5,1.9737000000000002,7.31,i_R_Al
8,O,16.0,2.0,93.75,2.2302,8.26,i_R_Al
8,O,16.0,2.0,100.0,2.5002000000000004,9.26,i_R_Al
8,O,16.0,2.0,106.25,2.7837000000000005,10.31,i_R_Al
8,O,16.0,2.0,112.5,3.0780000000000003,11.4,i_R_Al
8,O,16.0,2.0,125.0,3.7044000000000006,13.72,i_R_Al
8,O,16.0,2.0,140.625,4.5495,16.85,i_R_Al
8,O,16.0,2.0,156.25,5.464799999999999,20.24,i_R_Al
8,O,16.0,2.0,171.875,6.4422,23.86,i_R_Al
8,O,16.0,2.0,187.5,7.481700000000001,27.71,i_R_Al
8,O,16.0,2.0,203.125,8.5806,31.78,i_R_Al
8,O,16.0,2.0,218.75,9.7335,36.05,i_R_Al
8,O,16.0,2.0,234.375,10.9404,40.52,i_R_Al
8,O,16.0,2.0,250.0,12.195900000000002,45.17,i_R_Al
8,O,16.0,2.0,281.25,14.8473,54.99,i_R_Al
8,O,16.0,2.0,312.5,17.6715,65.45,i_R_Al
8,O,16.0,2.0,343.75,20.6523,76.49,i_R_Al
8,O,16.0,2.0,375.0,23.7789,88.07,i_R_Al
8,O,16.0,2.0,406.25,27.037800000000004,100.14,i_R_Al
8,O,16.0,2.0,437.5,30.418200000000002,112.66,i_R_Al
8,O,16.0,2.0,500.0,37.4976,138.88,i_R_Al
8,O,16.0,2.0,562.5,44.9577,166.51,i_R_Al
8,O,16.0,2.0,625.0,52.7418,195.34,i_R_Al
8,O,16.0,2.0,687.5,61.244077785958595,226.8299177257726,i_R_Al
8,O,16.0,2.0,750.0,70.19747847800114,259.9906610296338,i_R_Al
8,O,16.0,2.0,812.5,79.5853348851524,294.7604995746385,i_R_Al
8,O,16.0,2.0,875.0,89.39286307747976,331.0846780647398,i_R_Al
8,O,16.0,2.0,937.5,99.60682702910995,368.9141741818887,i_R_Al
8,O,16.0,2.0,1000.0,110.21528186382088,408.204747643781,i_R_Al
8,O,16.0,2.0,1062.5,121.20737341322528,448.9161978267603,i_R_Al
8,O,16.0,2.0,1125.0,132.5731790844823,491.0117743869714,i_R_Al
8,O,16.0,2.0,1250.0,156.39015466936743,579.2227950717312,i_R_Al
8,O,16.0,2.0,1406.25,188.1149295398913,696.7219612588567,i_R_Al
8,O,16.0,2.0,1562.5,221.91006604445516,821.889133497982,i_R_Al
8,O,16.0,2.0,1718.75,257.6832293610353,954.3823309667973,i_R_Al
8,O,16.0,2.0,1875.0,295.35448326009896,1093.905493555922,i_R_Al
8,O,16.0,2.0,2031.25,334.85370086979026,1240.198892110334,i_R_Al
8,O,16.0,2.0,2187.5,376.118679101329,1393.032144819737,i_R_Al
8,O,16.0,2.0,2343.75,419.0937276412336,1552.198991263828,i_R_Al
8,O,16.0,2.0,2500.0,463.72858866228955,1717.513291341813,i_R_Al
8,O,16.0,2.0,2812.5,557.7989929498208,2065.922196110447,i_R_Al
10,Ne,20.0,2.0,0.05,0.0003294,0.00122,i_R_Al
10,Ne,20.0,2.0,0.05500000000000001,0.000351,0.0013,i_R_Al
10,Ne,20.0,2.0,0.06,0.0003699,0.00137,i_R_Al
10,Ne,20.0,2.0,0.065,0.00039150000000000003,0.00145,i_R_Al
10,Ne,20.0,2.0,0.06999999999999999,0.0004104000000000001,0.00152,i_R_Al
10,Ne,20.0,2.0,0.075,0.00042660000000000007,0.00158,i_R_Al
10,Ne,20.0,2.0,0.08,0.00044550000000000004,0.00165,i_R_Al
10,Ne,20.0,2.0,0.08499999999999999,0.00046170000000000006,0.00171,i_R_Al
10,Ne,20.0,2.0,0.09,0.0004806,0.00178,i_R_Al
10,Ne,20.0,2.0,0.1,0.000513,0.0019,i_R_Al
10,Ne,20.0,2.0,0.1125,0.0005508,0.00204,i_R_Al
10,Ne,20.0,2.0,0.125,0.0005913000000000001,0.00219,i_R_Al
10,Ne,20.0,2.0,0.1375,0.0006264,0.00232,i_R_Al
10,Ne,20.0,2.0,0.15,0.0006642,0.00246,i_R_Al
10,Ne,20.0,2.0,0.1625,0.0006993,0.00259,i_R_Al
10,Ne,20.0,2.0,0.175,0.0007317000000000001,0.00271,i_R_Al
10,Ne,20.0,2.0,0.1875,0.0007668,0.00284,i_R_Al
10,Ne,20.0,2.0,0.2,0.0007992000000000001,0.00296,i_R_Al
10,Ne,20.0,2.0,0.225,0.0008667000000000001,0.00321,i_R_Al
10,Ne,20.0,2.0,0.25,0.0009288000000000001,0.00344,i_R_Al
10,Ne,20.0,2.0,0.275,0.0009909,0.00367,i_R_Al
10,Ne,20.0,2.0,0.3,0.001053,0.0039,i_R_Al
10,Ne,20.0,2.0,0.325,0.0011151000000000002,0.00413,i_R_Al
10,Ne,20.0,2.0,0.35,0.0011745,0.00435,i_R_Al
10,Ne,20.0,2.0,0.4,0.0012933,0.00479,i_R_Al
10,Ne,20.0,2.0,0.45,0.0014094,0.00522,i_R_Al
10,Ne,20.0,2.0,0.5,0.0015228000000000002,0.00564,i_R_Al
10,Ne,20.0,2.0,0.55,0.0016389000000000004,0.006070000000000001,i_R_Al
10,Ne,20.0,2.0,0.6,0.0017523,0.00649,i_R_Al
10,Ne,20.0,2.0,0.65,0.0018657000000000003,0.00691,i_R_Al
10,Ne,20.0,2.0,0.7,0.0019764,0.00732,i_R_Al
10,Ne,20.0,2.0,0.75,0.0020898,0.00774,i_R_Al
10,Ne,20.0,2.0,0.8,0.0022032,0.00816,i_R_Al
10,Ne,20.0,2.0,0.85,0.0023166000000000003,0.00858,i_R_Al
10,Ne,20.0,2.0,0.9,0.0024300000000000007,0.009000000000000001,i_R_Al
10,Ne,20.0,2.0,1.0,0.0026568,0.00984,i_R_Al
10,Ne,20.0,2.0,1.125,0.0029403000000000003,0.01089,i_R_Al
10,Ne,20.0,2.0,1.25,0.0032292,0.01196,i_R_Al
10,Ne,20.0,2.0,1.375,0.0035208,0.01304,i_R_Al
10,Ne,20.0,2.0,1.5,0.0038151000000000005,0.01413,i_R_Al
10,Ne,20.0,2.0,1.625,0.0041148,0.01524,i_R_Al
10,Ne,20.0,2.0,1.75,0.0044172000000000005,0.01636,i_R_Al
10,Ne,20.0,2.0,1.875,0.004725000000000001,0.0175,i_R_Al
10,Ne,20.0,2.0,2.0,0.0050382000000000005,0.01866,i_R_Al
10,Ne,20.0,2.0,2.25,0.0056781,0.02103,i_R_Al
10,Ne,20.0,2.0,2.5,0.0063423,0.02349,i_R_Al
10,Ne,20.0,2.0,2.75,0.007033500000000001,0.02605,i_R_Al
10,Ne,20.0,2.0,3.0,0.007749000000000001,0.0287,i_R_Al
10,Ne,20.0,2.0,3.25,0.0084915,0.03145,i_R_Al
10,Ne,20.0,2.0,3.5,0.0092556,0.03428,i_R_Al
10,Ne,20.0,2.0,4.0,0.0108675,0.04025,i_R_Al
10,Ne,20.0,2.0,4.5,0.012582000000000001,0.0466,i_R_Al
10,Ne,20.0,2.0,5.0,0.014401800000000003,0.05334000000000001,i_R_Al
10,Ne,20.0,2.0,5.5,0.0163323,0.06049,i_R_Al
10,Ne,20.0,2.0,6.0,0.018368100000000005,0.06803000000000001,i_R_Al
10,Ne,20.0,2.0,6.5,0.0205146,0.07598,i_R_Al
10,Ne,20.0,2.0,7.0,0.022769100000000004,0.08433,i_R_Al
10,Ne,20.0,2.0,7.5,0.025137000000000003,0.0931,i_R_Al
10,Ne,20.0,2.0,8.0,0.027612900000000003,0.10227,i_R_Al
10,Ne,20.0,2.0,8.5,0.030196800000000003,0.11184,i_R_Al
10,Ne,20.0,2.0,9.0,0.032894099999999996,0.12183,i_R_Al
10,Ne,20.0,2.0,10.0,0.0386181,0.14303,i_R_Al
10,Ne,20.0,2.0,11.25,0.0463887,0.17181,i_R_Al
10,Ne,20.0,2.0,12.5,0.054853200000000005,0.20316,i_R_Al
10,Ne,20.0,2.0,13.75,0.0640035,0.23705,i_R_Al
10,Ne,20.0,2.0,15.0,0.0738396,0.27348,i_R_Al
10,Ne,20.0,2.0,16.25,0.0843534,0.31242,i_R_Al
10,Ne,20.0,2.0,17.5,0.09554220000000001,0.35386,i_R_Al
10,Ne,20.0,2.0,18.75,0.10740060000000003,0.39778,i_R_Al
10,Ne,20.0,2.0,20.0,0.11991510000000001,0.44413,i_R_Al
10,Ne,20.0,2.0,22.5,0.1468584,0.54392,i_R_Al
10,Ne,20.0,2.0,25.0,0.17628570000000002,0.65291,i_R_Al
10,Ne,20.0,2.0,27.5,0.2080593,0.77059,i_R_Al
10,Ne,20.0,2.0,30.0,0.242001,0.8963,i_R_Al
10,Ne,20.0,2.0,32.5,0.2781,1.03,i_R_Al
10,Ne,20.0,2.0,35.0,0.31589999999999996,1.17,i_R_Al
10,Ne,20.0,2.0,40.0,0.3996,1.48,i_R_Al
10,Ne,20.0,2.0,45.0,0.49140000000000006,1.82,i_R_Al
10,Ne,20.0,2.0,50.0,0.5913,2.19,i_R_Al
10,Ne,20.0,2.0,55.0,0.7020000000000001,2.6,i_R_Al
10,Ne,20.0,2.0,60.0,0.8180999999999999,3.03,i_R_Al
10,Ne,20.0,2.0,65.0,0.9423000000000001,3.49,i_R_Al
10,Ne,20.0,2.0,70.0,1.0746,3.98,i_R_Al
10,Ne,20.0,2.0,75.0,1.2123000000000002,4.49,i_R_Al
10,Ne,20.0,2.0,80.0,1.3608,5.04,i_R_Al
10,Ne,20.0,2.0,85.0,1.5147000000000002,5.61,i_R_Al
10,Ne,20.0,2.0,90.0,1.6740000000000002,6.2,i_R_Al
10,Ne,20.0,2.0,100.0,2.0169,7.47,i_R_Al
10,Ne,20.0,2.0,112.5,2.4813,9.19,i_R_Al
10,Ne,20.0,2.0,125.0,2.9835000000000003,11.05,i_R_Al
10,Ne,20.0,2.0,137.5,3.5235000000000007,13.05,i_R_Al
10,Ne,20.0,2.0,150.0,4.0986,15.18,i_R_Al
10,Ne,20.0,2.0,162.5,4.708800000000001,17.44,i_R_Al
10,Ne,20.0,2.0,175.0,5.3514,19.82,i_R_Al
10,Ne,20.0,2.0,187.5,6.026400000000001,22.32,i_R_Al
10,Ne,20.0,2.0,200.0,6.7311000000000005,24.93,i_R_Al
10,Ne,20.0,2.0,225.0,8.2215,30.45,i_R_Al
10,Ne,20.0,2.0,250.0,9.8199,36.37,i_R_Al
10,Ne,20.0,2.0,275.0,11.5155,42.65,i_R_Al
10,Ne,20.0,2.0,300.0,13.302900000000003,49.27,i_R_Al
10,Ne,20.0,2.0,325.0,15.176700000000002,56.21,i_R_Al
10,Ne,20.0,2.0,350.0,17.1261,63.43,i_R_Al
10,Ne,20.0,2.0,400.0,21.240900000000003,78.67,i_R_Al
10,Ne,20.0,2.0,450.0,25.609500000000004,94.85,i_R_Al
10,Ne,20.0,2.0,500.0,30.202199999999998,111.86,i_R_Al
10,Ne,20.0,2.0,550.0,35.22058602909228,130.446614922564,i_R_Al
10,Ne,20.0,2.0,600.0,40.5267573113254,150.099101153057,i_R_Al
10,Ne,20.0,2.0,650.0,46.11116306462475,170.7820854245361,i_R_Al
10,Ne,20.0,2.0,700.0,51.96529984715663,192.4640735079875,i_R_Al
10,Ne,20.0,2.0,750.0,58.08152817719385,215.1167710266439,i_R_Al
10,Ne,20.0,2.0,800.0,64.4529316414063,238.7145616348381,i_R_Al
10,Ne,20.0,2.0,850.0,71.07320654654748,263.2340983205462,i_R_Al
10,Ne,20.0,2.0,900.0,77.93657404785247,288.6539779550091,i_R_Al
10,Ne,20.0,2.0,1000.0,92.37168265093179,342.1173431515992,i_R_Al
10,Ne,20.0,2.0,1125.0,111.69596636662774,413.6887643208435,i_R_Al
10,Ne,20.0,2.0,1250.0,132.38385808789116,490.3105855107079,i_R_Al
10,Ne,20.0,2.0,1375.0,154.38070943996556,571.7804053332057,i_R_Al
10,Ne,20.0,2.0,1500.0,177.6389961216375,657.9222078579166,i_R_Al
10,Ne,20.0,2.0,1625.0,202.11685464684385,748.5809431364587,i_R_Al
10,Ne,20.0,2.0,1750.0,227.77701228588293,843.6185640217886,i_R_Al
10,Ne,20.0,2.0,1875.0,254.58598326404976,942.9110491261102,i_R_Al
10,Ne,20.0,2.0,2000.0,282.51345119774294,1046.346115547196,i_R_Al
10,Ne,20.0,2.0,2250.0,341.61565576704044,1265.243169507557,i_R_Al
12,Mg,24.0,2.0,0.041666666666666664,0.00034290000000000004,0.00127,i_R_Al
12,Mg,24.0,2.0,0.04583333333333334,0.00036720000000000004,0.00136,i_R_Al
12,Mg,24.0,2.0,0.049999999999999996,0.0003861,0.00143,i_R_Al
12,Mg,24.0,2.0,0.05416666666666667,0.0004077000000000001,0.00151,i_R_Al
12,Mg,24.0,2.0,0.05833333333333333,0.00042660000000000007,0.00158,i_R_Al
12,Mg,24.0,2.0,0.0625,0.00044550000000000004,0.00165,i_R_Al
12,Mg,24.0,2.0,0.06666666666666667,0.00046170000000000006,0.00171,i_R_Al
12,Mg,24.0,2.0,0.07083333333333333,0.0004779,0.00177,i_R_Al
12,Mg,24.0,2.0,0.075,0.0004968,0.00184,i_R_Al
12,Mg,24.0,2.0,0.08333333333333333,0.0005265,0.00195,i_R_Al
12,Mg,24.0,2.0,0.09375,0.0005643,0.00209,i_R_Al
12,Mg,24.0,2.0,0.10416666666666667,0.0005994000000000001,0.00222,i_R_Al
12,Mg,24.0,2.0,0.11458333333333333,0.0006318000000000001,0.00234,i_R_Al
12,Mg,24.0,2.0,0.125,0.0006642,0.00246,i_R_Al
12,Mg,24.0,2.0,0.13541666666666666,0.0006966,0.00258,i_R_Al
12,Mg,24.0,2.0,0.14583333333333334,0.0007263000000000001,0.00269,i_R_Al
12,Mg,24.0,2.0,0.15625,0.000756,0.0028,i_R_Al
12,Mg,24.0,2.0,0.16666666666666666,0.0007830000000000001,0.0029,i_R_Al
12,Mg,24.0,2.0,0.1875,0.0008397,0.00311,i_R_Al
12,Mg,24.0,2.0,0.20833333333333334,0.0008910000000000001,0.0033,i_R_Al
12,Mg,24.0,2.0,0.22916666666666666,0.0009423000000000001,0.00349,i_R_Al
12,Mg,24.0,2.0,0.25,0.0009936,0.00368,i_R_Al
12,Mg,24.0,2.0,0.2708333333333333,0.0010422,0.00386,i_R_Al
12,Mg,24.0,2.0,0.2916666666666667,0.0010908,0.00404,i_R_Al
12,Mg,24.0,2.0,0.3333333333333333,0.0011880000000000003,0.0044,i_R_Al
12,Mg,24.0,2.0,0.375,0.0012798000000000002,0.00474,i_R_Al
12,Mg,24.0,2.0,0.4166666666666667,0.0013716000000000002,0.00508,i_R_Al
12,Mg,24.0,2.0,0.4583333333333333,0.0014607,0.00541,i_R_Al
12,Mg,24.0,2.0,0.5,0.0015525,0.00575,i_R_Al
12,Mg,24.0,2.0,0.5416666666666666,0.0016389000000000004,0.006070000000000001,i_R_Al
12,Mg,24.0,2.0,0.5833333333333334,0.0017280000000000004,0.0064,i_R_Al
12,Mg,24.0,2.0,0.625,0.0018171000000000003,0.006730000000000001,i_R_Al
12,Mg,24.0,2.0,0.6666666666666666,0.0019061999999999998,0.007059999999999999,i_R_Al
12,Mg,24.0,2.0,0.7083333333333334,0.0019926,0.00738,i_R_Al
12,Mg,24.0,2.0,0.75,0.0020817,0.00771,i_R_Al
12,Mg,24.0,2.0,0.8333333333333334,0.0022572,0.00836,i_R_Al
12,Mg,24.0,2.0,0.9375,0.0024759,0.00917,i_R_Al
12,Mg,24.0,2.0,1.0416666666666667,0.0026973000000000006,0.00999,i_R_Al
12,Mg,24.0,2.0,1.1458333333333333,0.0029214,0.01082,i_R_Al
12,Mg,24.0,2.0,1.25,0.0031455000000000003,0.01165,i_R_Al
12,Mg,24.0,2.0,1.3541666666666667,0.0033723000000000004,0.01249,i_R_Al
12,Mg,24.0,2.0,1.4583333333333333,0.0036018,0.01334,i_R_Al
12,Mg,24.0,2.0,1.5625,0.0038340000000000006,0.0142,i_R_Al
12,Mg,24.0,2.0,1.6666666666666667,0.004066200000000001,0.01506,i_R_Al
12,Mg,24.0,2.0,1.875,0.004544100000000001,0.01683,i_R_Al
12,Mg,24.0,2.0,2.0833333333333335,0.005030100000000001,0.01863,i_R_Al
12,Mg,24.0,2.0,2.2916666666666665,0.0055323,0.02049,i_R_Al
12,Mg,24.0,2.0,2.5,0.006050700000000001,0.02241,i_R_Al
12,Mg,24.0,2.0,2.7083333333333335,0.006582599999999999,0.02438,i_R_Al
12,Mg,24.0,2.0,2.9166666666666665,0.007130700000000001,0.02641,i_R_Al
12,Mg,24.0,2.0,3.3333333333333335,0.008275500000000002,0.03065,i_R_Al
12,Mg,24.0,2.0,3.75,0.0094824,0.03512,i_R_Al
12,Mg,24.0,2.0,4.166666666666667,0.010754099999999999,0.03983,i_R_Al
12,Mg,24.0,2.0,4.583333333333333,0.012090600000000002,0.04478,i_R_Al
12,Mg,24.0,2.0,5.0,0.013491900000000001,0.04997,i_R_Al
12,Mg,24.0,2.0,5.416666666666667,0.014957999999999999,0.0554,i_R_Al
12,Mg,24.0,2.0,5.833333333333333,0.016491600000000002,0.06108,i_R_Al
12,Mg,24.0,2.0,6.25,0.0180873,0.06699,i_R_Al
12,Mg,24.0,2.0,6.666666666666667,0.019750500000000004,0.07315,i_R_Al
12,Mg,24.0,2.0,7.083333333333333,0.0214785,0.07955,i_R_Al
12,Mg,24.0,2.0,7.5,0.0232713,0.08619,i_R_Al
12,Mg,24.0,2.0,8.333333333333334,0.0270486,0.10018,i_R_Al
12,Mg,24.0,2.0,9.375,0.032127300000000004,0.11899,i_R_Al
12,Mg,24.0,2.0,10.416666666666666,0.037597500000000006,0.13925,i_R_Al
12,Mg,24.0,2.0,11.458333333333334,0.0434538,0.16094,i_R_Al
12,Mg,24.0,2.0,12.5,0.04969080000000001,0.18404,i_R_Al
12,Mg,24.0,2.0,13.541666666666666,0.05630040000000001,0.20852,i_R_Al
12,Mg,24.0,2.0,14.583333333333334,0.0632745,0.23435,i_R_Al
12,Mg,24.0,2.0,15.625,0.0706131,0.26153,i_R_Al
12,Mg,24.0,2.0,16.666666666666668,0.0783054,0.29002,i_R_Al
12,Mg,24.0,2.0,18.75,0.09473490000000001,0.35087,i_R_Al
12,Mg,24.0,2.0,20.833333333333332,0.11254950000000004,0.4168500000000001,i_R_Al
12,Mg,24.0,2.0,22.916666666666668,0.13173030000000002,0.48789,i_R_Al
12,Mg,24.0,2.0,25.0,0.1522746,0.56398,i_R_Al
12,Mg,24.0,2.0,27.083333333333332,0.17417970000000002,0.6451100000000001,i_R_Al
12,Mg,24.0,2.0,29.166666666666668,0.19745640000000003,0.7313200000000001,i_R_Al
12,Mg,24.0,2.0,33.333333333333336,0.24800309999999998,0.91853,i_R_Al
12,Mg,24.0,2.0,37.5,0.3051,1.13,i_R_Al
12,Mg,24.0,2.0,41.666666666666664,0.36450000000000005,1.35,i_R_Al
12,Mg,24.0,2.0,45.833333333333336,0.4293,1.59,i_R_Al
12,Mg,24.0,2.0,50.0,0.5022,1.86,i_R_Al
12,Mg,24.0,2.0,54.166666666666664,0.5778000000000001,2.14,i_R_Al
12,Mg,24.0,2.0,58.333333333333336,0.6561000000000001,2.43,i_R_Al
12,Mg,24.0,2.0,62.5,0.7425,2.75,i_R_Al
12,Mg,24.0,2.0,66.66666666666667,0.8316000000000001,3.08,i_R_Al
12,Mg,24.0,2.0,70.83333333333333,0.9234,3.42,i_R_Al
12,Mg,24.0,2.0,75.0,1.0233,3.79,i_R_Al
12,Mg,24.0,2.0,83.33333333333333,1.2311999999999999,4.56,i_R_Al
12,Mg,24.0,2.0,93.75,1.512,5.6,i_R_Al
12,Mg,24.0,2.0,104.16666666666667,1.8198,6.74,i_R_Al
12,Mg,24.0,2.0,114.58333333333333,2.1519000000000004,7.97,i_R_Al
12,Mg,24.0,2.0,125.0,2.5029,9.27,i_R_Al
12,Mg,24.0,2.0,135.41666666666666,2.8782000000000005,10.66,i_R_Al
12,Mg,24.0,2.0,145.83333333333334,3.2751000000000006,12.13,i_R_Al
12,Mg,24.0,2.0,156.25,3.6909,13.67,i_R_Al
12,Mg,24.0,2.0,166.66666666666666,4.1256,15.28,i_R_Al
12,Mg,24.0,2.0,187.5,5.049,18.7,i_R_Al
12,Mg,24.0,2.0,208.33333333333334,6.0453,22.39,i_R_Al
12,Mg,24.0,2.0,229.16666666666666,7.103700000000001,26.31,i_R_Al
12,Mg,24.0,2.0,250.0,8.2242,30.46,i_R_Al
12,Mg,24.0,2.0,270.8333333333333,9.4014,34.82,i_R_Al
12,Mg,24.0,2.0,291.6666666666667,10.6326,39.38,i_R_Al
12,Mg,24.0,2.0,333.3333333333333,13.240800000000002,49.04,i_R_Al
12,Mg,24.0,2.0,375.0,16.0245,59.35,i_R_Al
12,Mg,24.0,2.0,416.6666666666667,18.970200000000002,70.26,i_R_Al
12,Mg,24.0,2.0,458.3333333333333,22.18601266137917,82.17041726436729,i_R_Al
12,Mg,24.0,2.0,500.0,25.595587350654007,94.79847166908891,i_R_Al
12,Mg,24.0,2.0,541.6666666666666,29.192987370267097,108.1221754454337,i_R_Al
12,Mg,24.0,2.0,583.3333333333334,32.97291363478331,122.1219023510493,i_R_Al
12,Mg,24.0,2.0,625.0,36.93059431876063,136.7799789583727,i_R_Al
12,Mg,24.0,2.0,666.6666666666666,41.061699871695495,152.0803698951685,i_R_Al
12,Mg,24.0,2.0,708.3333333333334,45.36227631041616,168.0084307793191,i_R_Al
12,Mg,24.0,2.0,750.0,49.82869199045914,184.5507110757746,i_R_Al
12,Mg,24.0,2.0,833.3333333333334,59.245875440382896,219.4291682977144,i_R_Al
12,Mg,24.0,2.0,937.5,71.89533039909315,266.2790014781228,i_R_Al
12,Mg,24.0,2.0,1041.6666666666667,85.48291394816138,316.6033849931903,i_R_Al
12,Mg,24.0,2.0,1145.8333333333333,99.97390703237193,370.2737297495256,i_R_Al
12,Mg,24.0,2.0,1250.0,115.3380244250779,427.1778682410293,i_R_Al
12,Mg,24.0,2.0,1354.1666666666667,131.54851436791992,487.2167198811848,i_R_Al
12,Mg,24.0,2.0,1458.3333333333333,148.58149829007286,550.3018455187884,i_R_Al
12,Mg,24.0,2.0,1562.5,166.415473542982,616.3536057147481,i_R_Al
12,Mg,24.0,2.0,1666.6666666666667,185.03093044339948,685.299742382961,i_R_Al
12,Mg,24.0,2.0,1875.0,224.53647244466916,831.6165646098857,i_R_Al
14,Si,28.0,2.0,0.03571428571428571,0.000262764,0.0009731999999999999,i_R_Al
14,Si,28.0,2.0,0.03928571428571429,0.0002808,0.00104,i_R_Al
14,Si,28.0,2.0,0.04285714285714286,0.0002997000000000001,0.00111,i_R_Al
14,Si,28.0,2.0,0.04642857142857143,0.00031590000000000003,0.00117,i_R_Al
14,Si,28.0,2.0,0.049999999999999996,0.0003321,0.00123,i_R_Al
14,Si,28.0,2.0,0.05357142857142857,0.0003483,0.00129,i_R_Al
14,Si,28.0,2.0,0.05714285714285715,0.00036180000000000007,0.00134,i_R_Al
14,Si,28.0,2.0,0.060714285714285714,0.000378,0.0014,i_R_Al
14,Si,28.0,2.0,0.0642857142857143,0.00039150000000000003,0.00145,i_R_Al
14,Si,28.0,2.0,0.07142857142857142,0.00041850000000000004,0.00155,i_R_Al
14,Si,28.0,2.0,0.08035714285714286,0.0004509,0.00167,i_R_Al
14,Si,28.0,2.0,0.08928571428571429,0.00048330000000000004,0.00179,i_R_Al
14,Si,28.0,2.0,0.09821428571428571,0.000513,0.0019,i_R_Al
14,Si,28.0,2.0,0.10714285714285714,0.00054,0.002,i_R_Al
14,Si,28.0,2.0,0.11607142857142858,0.000567,0.0021,i_R_Al
14,Si,28.0,2.0,0.125,0.0005940000000000001,0.0022,i_R_Al
14,Si,28.0,2.0,0.13392857142857142,0.000621,0.0023,i_R_Al
14,Si,28.0,2.0,0.14285714285714285,0.0006479999999999999,0.0024,i_R_Al
14,Si,28.0,2.0,0.16071428571428573,0.0006966,0.00258,i_R_Al
14,Si,28.0,2.0,0.17857142857142858,0.0007452,0.00276,i_R_Al
14,Si,28.0,2.0,0.19642857142857142,0.0007911,0.00293,i_R_Al
14,Si,28.0,2.0,0.21428571428571427,0.0008370000000000001,0.0031,i_R_Al
14,Si,28.0,2.0,0.23214285714285715,0.0008829,0.00327,i_R_Al
14,Si,28.0,2.0,0.25,0.0009261,0.00343,i_R_Al
14,Si,28.0,2.0,0.2857142857142857,0.0010098000000000002,0.00374,i_R_Al
14,Si,28.0,2.0,0.32142857142857145,0.0010935,0.00405,i_R_Al
14,Si,28.0,2.0,0.35714285714285715,0.0011718000000000002,0.00434,i_R_Al
14,Si,28.0,2.0,0.39285714285714285,0.0012501,0.00463,i_R_Al
14,Si,28.0,2.0,0.42857142857142855,0.0013284,0.00492,i_R_Al
14,Si,28.0,2.0,0.4642857142857143,0.0014040000000000003,0.005200000000000001,i_R_Al
14,Si,28.0,2.0,0.5,0.0014796,0.00548,i_R_Al
14,Si,28.0,2.0,0.5357142857142857,0.0015551999999999999,0.005759999999999999,i_R_Al
14,Si,28.0,2.0,0.5714285714285714,0.0016308000000000004,0.00604,i_R_Al
14,Si,28.0,2.0,0.6071428571428571,0.0017037,0.00631,i_R_Al
14,Si,28.0,2.0,0.6428571428571429,0.0017766000000000001,0.00658,i_R_Al
14,Si,28.0,2.0,0.7142857142857143,0.0019224,0.00712,i_R_Al
14,Si,28.0,2.0,0.8035714285714286,0.0021033000000000002,0.00779,i_R_Al
14,Si,28.0,2.0,0.8928571428571429,0.0022814999999999997,0.00845,i_R_Al
14,Si,28.0,2.0,0.9821428571428571,0.0024624,0.00912,i_R_Al
14,Si,28.0,2.0,1.0714285714285714,0.0026433000000000003,0.00979,i_R_Al
14,Si,28.0,2.0,1.1607142857142858,0.0028242000000000002,0.01046,i_R_Al
14,Si,28.0,2.0,1.25,0.0030051,0.01113,i_R_Al
14,Si,28.0,2.0,1.3392857142857142,0.0031887,0.01181,i_R_Al
14,Si,28.0,2.0,1.4285714285714286,0.0033723000000000004,0.01249,i_R_Al
14,Si,28.0,2.0,1.6071428571428572,0.0037449000000000002,0.01387,i_R_Al
14,Si,28.0,2.0,1.7857142857142858,0.0041229000000000005,0.01527,i_R_Al
14,Si,28.0,2.0,1.9642857142857142,0.0045063,0.01669,i_R_Al
14,Si,28.0,2.0,2.142857142857143,0.0049005,0.01815,i_R_Al
14,Si,28.0,2.0,2.3214285714285716,0.005302800000000001,0.01964,i_R_Al
14,Si,28.0,2.0,2.5,0.005715900000000001,0.02117,i_R_Al
14,Si,28.0,2.0,2.857142857142857,0.006571800000000001,0.02434,i_R_Al
14,Si,28.0,2.0,3.2142857142857144,0.007465500000000002,0.02765,i_R_Al
14,Si,28.0,2.0,3.5714285714285716,0.0084024,0.03112,i_R_Al
14,Si,28.0,2.0,3.9285714285714284,0.0093798,0.03474,i_R_Al
14,Si,28.0,2.0,4.285714285714286,0.010395,0.0385,i_R_Al
14,Si,28.0,2.0,4.642857142857143,0.0114534,0.04242,i_R_Al
14,Si,28.0,2.0,5.0,0.012552299999999999,0.04649,i_R_Al
14,Si,28.0,2.0,5.357142857142857,0.0136944,0.05072,i_R_Al
14,Si,28.0,2.0,5.714285714285714,0.014874300000000003,0.05509000000000001,i_R_Al
14,Si,28.0,2.0,6.071428571428571,0.0160947,0.05961,i_R_Al
14,Si,28.0,2.0,6.428571428571429,0.017358300000000004,0.06429000000000001,i_R_Al
14,Si,28.0,2.0,7.142857142857143,0.0200016,0.07408,i_R_Al
14,Si,28.0,2.0,8.035714285714286,0.023530500000000003,0.08715,i_R_Al
14,Si,28.0,2.0,8.928571428571429,0.0273051,0.10113,i_R_Al
14,Si,28.0,2.0,9.821428571428571,0.03132,0.116,i_R_Al
14,Si,28.0,2.0,10.714285714285714,0.0355752,0.13176,i_R_Al
14,Si,28.0,2.0,11.607142857142858,0.040065300000000005,0.14839,i_R_Al
14,Si,28.0,2.0,12.5,0.044790300000000005,0.16589,i_R_Al
14,Si,28.0,2.0,13.392857142857142,0.0497448,0.18424,i_R_Al
14,Si,28.0,2.0,14.285714285714286,0.0549261,0.20343,i_R_Al
14,Si,28.0,2.0,16.071428571428573,0.065961,0.2443,i_R_Al
14,Si,28.0,2.0,17.857142857142858,0.0778842,0.28846,i_R_Al
14,Si,28.0,2.0,19.642857142857142,0.0906795,0.33585,i_R_Al
14,Si,28.0,2.0,21.428571428571427,0.10433339999999999,0.38642,i_R_Al
14,Si,28.0,2.0,23.214285714285715,0.11883240000000002,0.44012,i_R_Al
14,Si,28.0,2.0,25.0,0.1341603,0.49689,i_R_Al
14,Si,28.0,2.0,28.571428571428573,0.1671732,0.6191599999999999,i_R_Al
14,Si,28.0,2.0,32.142857142857146,0.20329380000000002,0.75294,i_R_Al
14,Si,28.0,2.0,35.714285714285715,0.2425005,0.89815,i_R_Al
14,Si,28.0,2.0,39.285714285714285,0.28350000000000003,1.05,i_R_Al
14,Si,28.0,2.0,42.857142857142854,0.3294,1.22,i_R_Al
14,Si,28.0,2.0,46.42857142857143,0.378,1.4,i_R_Al
14,Si,28.0,2.0,50.0,0.4293,1.59,i_R_Al
14,Si,28.0,2.0,53.57142857142857,0.4833,1.79,i_R_Al
14,Si,28.0,2.0,57.142857142857146,0.5427,2.01,i_R_Al
14,Si,28.0,2.0,60.714285714285715,0.6021,2.23,i_R_Al
14,Si,28.0,2.0,64.28571428571429,0.6642,2.46,i_R_Al
14,Si,28.0,2.0,71.42857142857143,0.7992,2.96,i_R_Al
14,Si,28.0,2.0,80.35714285714286,0.9801,3.63,i_R_Al
14,Si,28.0,2.0,89.28571428571429,1.1799000000000002,4.37,i_R_Al
14,Si,28.0,2.0,98.21428571428571,1.3932000000000002,5.16,i_R_Al
14,Si,28.0,2.0,107.14285714285714,1.6200000000000003,6.0,i_R_Al
14,Si,28.0,2.0,116.07142857142857,1.8630000000000002,6.9,i_R_Al
14,Si,28.0,2.0,125.0,2.1195,7.85,i_R_Al
14,Si,28.0,2.0,133.92857142857142,2.3895,8.85,i_R_Al
14,Si,28.0,2.0,142.85714285714286,2.6730000000000005,9.9,i_R_Al
14,Si,28.0,2.0,160.71428571428572,3.2751000000000006,12.13,i_R_Al
14,Si,28.0,2.0,178.57142857142858,3.9258,14.54,i_R_Al
14,Si,28.0,2.0,196.42857142857142,4.6197,17.11,i_R_Al
14,Si,28.0,2.0,214.28571428571428,5.3541,19.83,i_R_Al
14,Si,28.0,2.0,232.14285714285714,6.129,22.7,i_R_Al
14,Si,28.0,2.0,250.0,6.9417,25.71,i_R_Al
14,Si,28.0,2.0,285.7142857142857,8.6697,32.11,i_R_Al
14,Si,28.0,2.0,321.42857142857144,10.5246,38.98,i_R_Al
14,Si,28.0,2.0,357.14285714285717,12.495600000000001,46.28,i_R_Al
14,Si,28.0,2.0,392.85714285714283,14.644047563894285,54.23721319960846,i_R_Al
14,Si,28.0,2.0,428.57142857142856,16.92643778628709,62.69051031958181,i_R_Al
14,Si,28.0,2.0,464.2857142857143,19.33891227105034,71.62560100389014,i_R_Al
14,Si,28.0,2.0,500.0,21.878020753973708,81.02970649619891,i_R_Al
14,Si,28.0,2.0,535.7142857142857,24.54065105996355,90.89130022208722,i_R_Al
14,Si,28.0,2.0,571.4285714285714,27.323975069486984,101.1999076647666,i_R_Al
14,Si,28.0,2.0,607.1428571428571,30.22540623902092,111.9459490334108,i_R_Al
14,Si,28.0,2.0,642.8571428571429,33.24256565522701,123.1206135378778,i_R_Al
14,Si,28.0,2.0,714.2857142857143,39.61543156438172,146.7238206088212,i_R_Al
14,Si,28.0,2.0,803.5714285714286,48.196449505977306,178.5053685406567,i_R_Al
14,Si,28.0,2.0,892.8571428571429,57.436094640005955,212.7262764444665,i_R_Al
14,Si,28.0,2.0,982.1428571428571,67.31144577231849,249.301651008587,i_R_Al
14,Si,28.0,2.0,1071.4285714285713,77.80246507661585,288.1572780615401,i_R_Al
14,Si,28.0,2.0,1160.7142857142858,88.89141741371543,329.2274719026497,i_R_Al
14,Si,28.0,2.0,1250.0,100.56244362505579,372.453494907614,i_R_Al
14,Si,28.0,2.0,1339.2857142857142,112.80123858057468,417.7823651132395,i_R_Al
14,Si,28.0,2.0,1428.5714285714287,125.59480281316755,465.165936345065,i_R_Al
14,Si,28.0,2.0,1607.142857142857,152.79963723632537,565.9245823567605,i_R_Al
16,S,32.0,2.0,0.03125,0.000242919,0.0008996999999999999,i_R_Al
16,S,32.0,2.0,0.034375,0.000261603,0.0009689,i_R_Al
16,S,32.0,2.0,0.0375,0.0002808,0.00104,i_R_Al
16,S,32.0,2.0,0.040625,0.00029700000000000006,0.0011,i_R_Al
16,S,32.0,2.0,0.04375,0.0003132,0.00116,i_R_Al
16,S,32.0,2.0,0.046875,0.0003294,0.00122,i_R_Al
16,S,32.0,2.0,0.05,0.00034560000000000005,0.00128,i_R_Al
16,S,32.0,2.0,0.053125,0.00035910000000000006,0.00133,i_R_Al
16,S,32.0,2.0,0.05625,0.0003753,0.00139,i_R_Al
16,S,32.0,2.0,0.0625,0.0004023000000000001,0.00149,i_R_Al
16,S,32.0,2.0,0.0703125,0.0004347,0.00161,i_R_Al
16,S,32.0,2.0,0.078125,0.0004671000000000001,0.00173,i_R_Al
16,S,32.0,2.0,0.0859375,0.0004968,0.00184,i_R_Al
16,S,32.0,2.0,0.09375,0.0005265,0.00195,i_R_Al
16,S,32.0,2.0,0.1015625,0.0005535000000000001,0.00205,i_R_Al
16,S,32.0,2.0,0.109375,0.0005805000000000001,0.00215,i_R_Al
16,S,32.0,2.0,0.1171875,0.0006075,0.00225,i_R_Al
16,S,32.0,2.0,0.125,0.0006318000000000001,0.00234,i_R_Al
16,S,32.0,2.0,0.140625,0.0006804000000000001,0.00252,i_R_Al
16,S,32.0,2.0,0.15625,0.000729,0.0027,i_R_Al
16,S,32.0,2.0,0.171875,0.0007722,0.00286,i_R_Al
16,S,32.0,2.0,0.1875,0.0008154000000000002,0.00302,i_R_Al
16,S,32.0,2.0,0.203125,0.0008586000000000002,0.00318,i_R_Al
16,S,32.0,2.0,0.21875,0.0008991000000000001,0.00333,i_R_Al
16,S,32.0,2.0,0.25,0.0009774,0.00362,i_R_Al
16,S,32.0,2.0,0.28125,0.001053,0.0039,i_R_Al
16,S,32.0,2.0,0.3125,0.0011259000000000002,0.00417,i_R_Al
16,S,32.0,2.0,0.34375,0.0011988000000000003,0.00444,i_R_Al
16,S,32.0,2.0,0.375,0.0012663000000000002,0.004690000000000001,i_R_Al
16,S,32.0,2.0,0.40625,0.0013365000000000002,0.00495,i_R_Al
16,S,32.0,2.0,0.4375,0.0014013,0.00519,i_R_Al
16,S,32.0,2.0,0.46875,0.0014688000000000001,0.00544,i_R_Al
16,S,32.0,2.0,0.5,0.0015336,0.00568,i_R_Al
16,S,32.0,2.0,0.53125,0.0015984000000000003,0.00592,i_R_Al
16,S,32.0,2.0,0.5625,0.0016632000000000005,0.006160000000000001,i_R_Al
16,S,32.0,2.0,0.625,0.0017874000000000002,0.00662,i_R_Al
16,S,32.0,2.0,0.703125,0.0019440000000000002,0.007200000000000001,i_R_Al
16,S,32.0,2.0,0.78125,0.0020979,0.00777,i_R_Al
16,S,32.0,2.0,0.859375,0.0022518000000000004,0.00834,i_R_Al
16,S,32.0,2.0,0.9375,0.002403,0.0089,i_R_Al
16,S,32.0,2.0,1.015625,0.0025569000000000004,0.009470000000000001,i_R_Al
16,S,32.0,2.0,1.09375,0.0027081000000000006,0.01003,i_R_Al
16,S,32.0,2.0,1.171875,0.0028593000000000004,0.01059,i_R_Al
16,S,32.0,2.0,1.25,0.0030132,0.01116,i_R_Al
16,S,32.0,2.0,1.40625,0.0033183000000000006,0.01229,i_R_Al
16,S,32.0,2.0,1.5625,0.0036261,0.01343,i_R_Al
16,S,32.0,2.0,1.71875,0.0039366,0.01458,i_R_Al
16,S,32.0,2.0,1.875,0.0042525,0.01575,i_R_Al
16,S,32.0,2.0,2.03125,0.0045711,0.01693,i_R_Al
16,S,32.0,2.0,2.1875,0.0048951,0.01813,i_R_Al
16,S,32.0,2.0,2.5,0.0055593000000000005,0.02059,i_R_Al
16,S,32.0,2.0,2.8125,0.0062532,0.02316,i_R_Al
16,S,32.0,2.0,3.125,0.0069686999999999995,0.02581,i_R_Al
16,S,32.0,2.0,3.4375,0.0077112,0.02856,i_R_Al
16,S,32.0,2.0,3.75,0.008478,0.0314,i_R_Al
16,S,32.0,2.0,4.0625,0.0092718,0.03434,i_R_Al
16,S,32.0,2.0,4.375,0.0100926,0.03738,i_R_Al
16,S,32.0,2.0,4.6875,0.010940400000000003,0.04052000000000001,i_R_Al
16,S,32.0,2.0,5.0,0.011815200000000001,0.04376,i_R_Al
16,S,32.0,2.0,5.3125,0.012714300000000003,0.04709000000000001,i_R_Al
16,S,32.0,2.0,5.625,0.013643100000000005,0.05053000000000001,i_R_Al
16,S,32.0,2.0,6.25,0.015579,0.0577,i_R_Al
16,S,32.0,2.0,7.03125,0.018149400000000003,0.06722,i_R_Al
16,S,32.0,2.0,7.8125,0.0208872,0.07736,i_R_Al
16,S,32.0,2.0,8.59375,0.023787,0.0881,i_R_Al
16,S,32.0,2.0,9.375,0.0268542,0.09945999999999999,i_R_Al
16,S,32.0,2.0,10.15625,0.030078,0.1114,i_R_Al
16,S,32.0,2.0,10.9375,0.0334638,0.12394,i_R_Al
16,S,32.0,2.0,11.71875,0.0370089,0.13707,i_R_Al
16,S,32.0,2.0,12.5,0.0407079,0.15077,i_R_Al
16,S,32.0,2.0,14.0625,0.048559500000000005,0.17985,i_R_Al
16,S,32.0,2.0,15.625,0.0570132,0.21116,i_R_Al
16,S,32.0,2.0,17.1875,0.06605550000000002,0.24465,i_R_Al
16,S,32.0,2.0,18.75,0.0756756,0.28028,i_R_Al
16,S,32.0,2.0,20.3125,0.08586,0.318,i_R_Al
16,S,32.0,2.0,21.875,0.096606,0.3578,i_R_Al
16,S,32.0,2.0,25.0,0.11971800000000002,0.4434,i_R_Al
16,S,32.0,2.0,28.125,0.144963,0.5369,i_R_Al
16,S,32.0,2.0,31.25,0.1722762,0.63806,i_R_Al
16,S,32.0,2.0,34.375,0.20160360000000002,0.74668,i_R_Al
16,S,32.0,2.0,37.5,0.23289660000000004,0.86258,i_R_Al
16,S,32.0,2.0,40.625,0.26614170000000004,0.9857100000000001,i_R_Al
16,S,32.0,2.0,43.75,0.30240000000000006,1.12,i_R_Al
16,S,32.0,2.0,46.875,0.3375,1.25,i_R_Al
16,S,32.0,2.0,50.0,0.378,1.4,i_R_Al
16,S,32.0,2.0,53.125,0.41850000000000004,1.55,i_R_Al
16,S,32.0,2.0,56.25,0.4617,1.71,i_R_Al
16,S,32.0,2.0,62.5,0.5535,2.05,i_R_Al
16,S,32.0,2.0,70.3125,0.675,2.5,i_R_Al
16,S,32.0,2.0,78.125,0.8100000000000002,3.0,i_R_Al
16,S,32.0,2.0,85.9375,0.9558000000000002,3.54,i_R_Al
16,S,32.0,2.0,93.75,1.1097000000000001,4.11,i_R_Al
16,S,32.0,2.0,101.5625,1.2744,4.72,i_R_Al
16,S,32.0,2.0,109.375,1.4472,5.36,i_R_Al
16,S,32.0,2.0,117.1875,1.6308,6.04,i_R_Al
16,S,32.0,2.0,125.0,1.8198,6.74,i_R_Al
16,S,32.0,2.0,140.625,2.2302,8.26,i_R_Al
16,S,32.0,2.0,156.25,2.6703,9.89,i_R_Al
16,S,32.0,2.0,171.875,3.1401000000000003,11.63,i_R_Al
16,S,32.0,2.0,187.5,3.6396,13.48,i_R_Al
16,S,32.0,2.0,203.125,4.1661,15.43,i_R_Al
16,S,32.0,2.0,218.75,4.719600000000001,17.48,i_R_Al
16,S,32.0,2.0,250.0,5.899500000000001,21.85,i_R_Al
16,S,32.0,2.0,281.25,7.1685,26.55,i_R_Al
16,S,32.0,2.0,312.5,8.5185,31.55,i_R_Al
16,S,32.0,2.0,343.75,9.987969463679507,36.99247949510928,i_R_Al
16,S,32.0,2.0,375.0,11.5497721264367,42.7769338016174,i_R_Al
16,S,32.0,2.0,406.25,13.201287897470044,48.89365887951868,i_R_Al
16,S,32.0,2.0,437.5,14.940172834896662,55.33397346258023,i_R_Al
16,S,32.0,2.0,468.75,16.764311847704146,62.09004388038572,i_R_Al
16,S,32.0,2.0,500.0,18.67178219379005,69.15474886588908,i_R_Al
16,S,32.0,2.0,531.25,20.660824772639533,76.52157323199826,i_R_Al
16,S,32.0,2.0,562.5,22.72982117714463,84.18452287831343,i_R_Al
16,S,32.0,2.0,625.0,27.10179698979713,100.3770258881375,i_R_Al
16,S,32.0,2.0,703.125,32.99197648964886,122.192505517218,i_R_Al
16,S,32.0,2.0,781.25,39.337830339541185,145.6956679242266,i_R_Al
16,S,32.0,2.0,859.375,46.12373636188809,170.8286531921781,i_R_Al
16,S,32.0,2.0,937.5,53.336030565255655,197.5408539453913,i_R_Al
16,S,32.0,2.0,1015.625,60.962613555686616,225.7874576136541,i_R_Al
16,S,32.0,2.0,1093.75,68.99266117539324,255.5283747236786,i_R_Al
16,S,32.0,2.0,1171.875,77.41640608371736,286.7274299396939,i_R_Al
16,S,32.0,2.0,1250.0,86.22496919365835,319.3517377542902,i_R_Al
16,S,32.0,2.0,1406.25,104.96470612368675,388.7581708284694,i_R_Al
18,Ar,40.0,2.2222222222222223,0.025,0.000218295,0.0008085,i_R_Al
18,Ar,40.0,2.2222222222222223,0.027500000000000004,0.000236979,0.0008776999999999999,i_R_Al
18,Ar,40.0,2.2222222222222223,0.03,0.000255069,0.0009446999999999999,i_R_Al
18,Ar,40.0,2.2222222222222223,0.0325,0.0002727,0.00101,i_R_Al
18,Ar,40.0,2.2222222222222223,0.034999999999999996,0.00028890000000000003,0.00107,i_R_Al
18,Ar,40.0,2.2222222222222223,0.0375,0.0003051,0.00113,i_R_Al
18,Ar,40.0,2.2222222222222223,0.04,0.00032130000000000006,0.00119,i_R_Al
18,Ar,40.0,2.2222222222222223,0.042499999999999996,0.0003375,0.00125,i_R_Al
18,Ar,40.0,2.2222222222222223,0.045,0.00035370000000000003,0.00131,i_R_Al
18,Ar,40.0,2.2222222222222223,0.05,0.0003834,0.00142,i_R_Al
18,Ar,40.0,2.2222222222222223,0.05625,0.00041850000000000004,0.00155,i_R_Al
18,Ar,40.0,2.2222222222222223,0.0625,0.0004536,0.00168,i_R_Al
18,Ar,40.0,2.2222222222222223,0.06875,0.00048600000000000005,0.0018,i_R_Al
18,Ar,40.0,2.2222222222222223,0.075,0.0005184,0.00192,i_R_Al
18,Ar,40.0,2.2222222222222223,0.08125,0.0005481,0.00203,i_R_Al
18,Ar,40.0,2.2222222222222223,0.0875,0.0005778000000000001,0.00214,i_R_Al
18,Ar,40.0,2.2222222222222223,0.09375,0.0006075,0.00225,i_R_Al
18,Ar,40.0,2.2222222222222223,0.1,0.0006345000000000001,0.00235,i_R_Al
18,Ar,40.0,2.2222222222222223,0.1125,0.0006885000000000001,0.00255,i_R_Al
18,Ar,40.0,2.2222222222222223,0.125,0.0007371,0.00273,i_R_Al
18,Ar,40.0,2.2222222222222223,0.1375,0.0007857,0.00291,i_R_Al
18,Ar,40.0,2.2222222222222223,0.15,0.0008343,0.00309,i_R_Al
18,Ar,40.0,2.2222222222222223,0.1625,0.0008775,0.00325,i_R_Al
18,Ar,40.0,2.2222222222222223,0.175,0.0009207,0.00341,i_R_Al
18,Ar,40.0,2.2222222222222223,0.2,0.0010044000000000001,0.00372,i_R_Al
18,Ar,40.0,2.2222222222222223,0.225,0.0010827,0.00401,i_R_Al
18,Ar,40.0,2.2222222222222223,0.25,0.0011556000000000001,0.00428,i_R_Al
18,Ar,40.0,2.2222222222222223,0.275,0.0012285,0.00455,i_R_Al
18,Ar,40.0,2.2222222222222223,0.3,0.0012987,0.00481,i_R_Al
18,Ar,40.0,2.2222222222222223,0.325,0.0013635,0.00505,i_R_Al
18,Ar,40.0,2.2222222222222223,0.35,0.0014310000000000002,0.0053,i_R_Al
18,Ar,40.0,2.2222222222222223,0.375,0.0014931000000000002,0.00553,i_R_Al
18,Ar,40.0,2.2222222222222223,0.4,0.0015579,0.00577,i_R_Al
18,Ar,40.0,2.2222222222222223,0.425,0.0016200000000000003,0.006,i_R_Al
18,Ar,40.0,2.2222222222222223,0.45,0.0016794,0.00622,i_R_Al
18,Ar,40.0,2.2222222222222223,0.5,0.0017982000000000002,0.00666,i_R_Al
18,Ar,40.0,2.2222222222222223,0.5625,0.0019440000000000002,0.007200000000000001,i_R_Al
18,Ar,40.0,2.2222222222222223,0.625,0.0020871000000000006,0.007730000000000001,i_R_Al
18,Ar,40.0,2.2222222222222223,0.6875,0.0022275000000000003,0.00825,i_R_Al
18,Ar,40.0,2.2222222222222223,0.75,0.0023679,0.00877,i_R_Al
18,Ar,40.0,2.2222222222222223,0.8125,0.0025029,0.00927,i_R_Al
18,Ar,40.0,2.2222222222222223,0.875,0.0026406,0.009779999999999999,i_R_Al
18,Ar,40.0,2.2222222222222223,0.9375,0.0027756,0.01028,i_R_Al
18,Ar,40.0,2.2222222222222223,1.0,0.0029106,0.01078,i_R_Al
18,Ar,40.0,2.2222222222222223,1.125,0.0031833,0.01179,i_R_Al
18,Ar,40.0,2.2222222222222223,1.25,0.0034506000000000003,0.01278,i_R_Al
18,Ar,40.0,2.2222222222222223,1.375,0.0037233,0.01379,i_R_Al
18,Ar,40.0,2.2222222222222223,1.5,0.0039933,0.01479,i_R_Al
18,Ar,40.0,2.2222222222222223,1.625,0.004266000000000001,0.0158,i_R_Al
18,Ar,40.0,2.2222222222222223,1.75,0.004541400000000001,0.01682,i_R_Al
18,Ar,40.0,2.2222222222222223,2.0,0.005097600000000001,0.01888,i_R_Al
18,Ar,40.0,2.2222222222222223,2.25,0.0056646000000000005,0.02098,i_R_Al
18,Ar,40.0,2.2222222222222223,2.5,0.0062478,0.02314,i_R_Al
18,Ar,40.0,2.2222222222222223,2.75,0.006844500000000001,0.02535,i_R_Al
18,Ar,40.0,2.2222222222222223,3.0,0.0074574,0.02762,i_R_Al
18,Ar,40.0,2.2222222222222223,3.25,0.0080838,0.02994,i_R_Al
18,Ar,40.0,2.2222222222222223,3.5,0.0087264,0.03232,i_R_Al
18,Ar,40.0,2.2222222222222223,3.75,0.009382500000000002,0.03475,i_R_Al
18,Ar,40.0,2.2222222222222223,4.0,0.010054800000000001,0.03724,i_R_Al
18,Ar,40.0,2.2222222222222223,4.25,0.0107433,0.03979,i_R_Al
18,Ar,40.0,2.2222222222222223,4.5,0.011448000000000002,0.0424,i_R_Al
18,Ar,40.0,2.2222222222222223,5.0,0.012900600000000002,0.04778,i_R_Al
18,Ar,40.0,2.2222222222222223,5.625,0.014806800000000004,0.05484000000000001,i_R_Al
18,Ar,40.0,2.2222222222222223,6.25,0.016810200000000004,0.06226,i_R_Al
18,Ar,40.0,2.2222222222222223,6.875,0.018908100000000004,0.07003000000000001,i_R_Al
18,Ar,40.0,2.2222222222222223,7.5,0.021105900000000004,0.07817,i_R_Al
18,Ar,40.0,2.2222222222222223,8.125,0.0233982,0.08666,i_R_Al
18,Ar,40.0,2.2222222222222223,8.75,0.025787700000000004,0.09551000000000001,i_R_Al
18,Ar,40.0,2.2222222222222223,9.375,0.0282717,0.10471,i_R_Al
18,Ar,40.0,2.2222222222222223,10.0,0.0308529,0.11427,i_R_Al
18,Ar,40.0,2.2222222222222223,11.25,0.036296100000000005,0.13443,i_R_Al
18,Ar,40.0,2.2222222222222223,12.5,0.0421146,0.15598,i_R_Al
18,Ar,40.0,2.2222222222222223,13.75,0.048303,0.1789,i_R_Al
18,Ar,40.0,2.2222222222222223,15.0,0.054864,0.2032,i_R_Al
18,Ar,40.0,2.2222222222222223,16.25,0.061792200000000005,0.22886,i_R_Al
18,Ar,40.0,2.2222222222222223,17.5,0.0690822,0.25586,i_R_Al
18,Ar,40.0,2.2222222222222223,20.0,0.08472600000000001,0.3138,i_R_Al
18,Ar,40.0,2.2222222222222223,22.5,0.10178190000000002,0.37697,i_R_Al
18,Ar,40.0,2.2222222222222223,25.0,0.1202013,0.44519,i_R_Al
18,Ar,40.0,2.2222222222222223,27.5,0.13992480000000002,0.51824,i_R_Al
18,Ar,40.0,2.2222222222222223,30.0,0.16087410000000005,0.5958300000000001,i_R_Al
18,Ar,40.0,2.2222222222222223,32.5,0.18304920000000002,0.67796,i_R_Al
18,Ar,40.0,2.2222222222222223,35.0,0.20648250000000004,0.76475,i_R_Al
18,Ar,40.0,2.2222222222222223,37.5,0.2311551,0.8561300000000001,i_R_Al
18,Ar,40.0,2.2222222222222223,40.0,0.2570427,0.95201,i_R_Al
18,Ar,40.0,2.2222222222222223,42.5,0.28350000000000003,1.05,i_R_Al
18,Ar,40.0,2.2222222222222223,45.0,0.31320000000000003,1.16,i_R_Al
18,Ar,40.0,2.2222222222222223,50.0,0.3726,1.38,i_R_Al
18,Ar,40.0,2.2222222222222223,56.25,0.45360000000000006,1.68,i_R_Al
18,Ar,40.0,2.2222222222222223,62.5,0.5427,2.01,i_R_Al
18,Ar,40.0,2.2222222222222223,68.75,0.6399000000000001,2.37,i_R_Al
18,Ar,40.0,2.2222222222222223,75.0,0.7425,2.75,i_R_Al
18,Ar,40.0,2.2222222222222223,81.25,0.8505,3.15,i_R_Al
18,Ar,40.0,2.2222222222222223,87.5,0.9666,3.58,i_R_Al
18,Ar,40.0,2.2222222222222223,93.75,1.0881000000000003,4.03,i_R_Al
18,Ar,40.0,2.2222222222222223,100.0,1.2177,4.51,i_R_Al
18,Ar,40.0,2.2222222222222223,112.5,1.4931,5.53,i_R_Al
18,Ar,40.0,2.2222222222222223,125.0,1.7901,6.63,i_R_Al
18,Ar,40.0,2.2222222222222223,137.5,2.1087,7.81,i_R_Al
18,Ar,40.0,2.2222222222222223,150.0,2.4489,9.07,i_R_Al
18,Ar,40.0,2.2222222222222223,162.5,2.8080000000000003,10.4,i_R_Al
18,Ar,40.0,2.2222222222222223,175.0,3.1887000000000003,11.81,i_R_Al
18,Ar,40.0,2.2222222222222223,200.0,3.9987000000000004,14.81,i_R_Al
18,Ar,40.0,2.2222222222222223,225.0,4.8789,18.07,i_R_Al
18,Ar,40.0,2.2222222222222223,250.0,5.8212,21.56,i_R_Al
18,Ar,40.0,2.2222222222222223,275.0,6.844219250436163,25.3489601868006,i_R_Al
18,Ar,40.0,2.2222222222222223,300.0,7.934383466193346,29.38660543034572,i_R_Al
18,Ar,40.0,2.2222222222222223,325.0,9.089952057180758,33.66648910066947,i_R_Al
18,Ar,40.0,2.2222222222222223,350.0,10.309364101545757,38.18283000572502,i_R_Al
18,Ar,40.0,2.2222222222222223,375.0,11.59120792195461,42.93039971094299,i_R_Al
18,Ar,40.0,2.2222222222222223,400.0,12.934197552942322,47.90443538126786,i_R_Al
18,Ar,40.0,2.2222222222222223,425.0,14.337154194497595,53.10057109073183,i_R_Al
18,Ar,40.0,2.2222222222222223,450.0,15.79899135730884,58.51478280484754,i_R_Al
18,Ar,40.0,2.2222222222222223,500.0,18.895352585185613,69.9827873525393,i_R_Al
18,Ar,40.0,2.2222222222222223,562.5,23.08048187486829,85.48326620321589,i_R_Al
18,Ar,40.0,2.2222222222222223,625.0,27.60390413530235,102.2366819826013,i_R_Al
18,Ar,40.0,2.2222222222222223,687.5,32.45502165705203,120.2037839150075,i_R_Al
18,Ar,40.0,2.2222222222222223,750.0,37.62453799449078,139.3501407203362,i_R_Al
18,Ar,40.0,2.2222222222222223,812.5,43.10419933706328,159.645182729864,i_R_Al
18,Ar,40.0,2.2222222222222223,875.0,48.88660385401573,181.0614957556138,i_R_Al
18,Ar,40.0,2.2222222222222223,937.5,54.96505742630252,203.5742867640834,i_R_Al
18,Ar,40.0,2.2222222222222223,1000.0,61.33346205567274,227.1609705765657,i_R_Al
18,Ar,40.0,2.2222222222222223,1125.0,74.91820292407473,277.4748256447212,i_R_Al
20,Ca,40.0,2.0,0.025,0.000209952,0.0007775999999999999,i_R_Al
20,Ca,40.0,2.0,0.027500000000000004,0.00022736699999999997,0.0008420999999999999,i_R_Al
20,Ca,40.0,2.0,0.03,0.00024413400000000002,0.0009042,i_R_Al
20,Ca,40.0,2.0,0.0325,0.000260253,0.0009639,i_R_Al
20,Ca,40.0,2.0,0.034999999999999996,0.0002754,0.00102,i_R_Al
20,Ca,40.0,2.0,0.0375,0.00029160000000000004,0.00108,i_R_Al
20,Ca,40.0,2.0,0.04,0.0003051,0.00113,i_R_Al
20,Ca,40.0,2.0,0.042499999999999996,0.00031860000000000005,0.00118,i_R_Al
20,Ca,40.0,2.0,0.045,0.0003321,0.00123,i_R_Al
20,Ca,40.0,2.0,0.05,0.00035910000000000006,0.00133,i_R_Al
20,Ca,40.0,2.0,0.05625,0.0003888,0.00144,i_R_Al
20,Ca,40.0,2.0,0.0625,0.00041850000000000004,0.00155,i_R_Al
20,Ca,40.0,2.0,0.06875,0.00044550000000000004,0.00165,i_R_Al
20,Ca,40.0,2.0,0.075,0.0004725,0.00175,i_R_Al
20,Ca,40.0,2.0,0.08125,0.0004968,0.00184,i_R_Al
20,Ca,40.0,2.0,0.0875,0.0005238,0.00194,i_R_Al
20,Ca,40.0,2.0,0.09375,0.0005454,0.00202,i_R_Al
20,Ca,40.0,2.0,0.1,0.0005697,0.00211,i_R_Al
20,Ca,40.0,2.0,0.1125,0.0006129,0.00227,i_R_Al
20,Ca,40.0,2.0,0.125,0.0006533999999999999,0.00242,i_R_Al
20,Ca,40.0,2.0,0.1375,0.0006939,0.00257,i_R_Al
20,Ca,40.0,2.0,0.15,0.0007344000000000001,0.00272,i_R_Al
20,Ca,40.0,2.0,0.1625,0.0007722,0.00286,i_R_Al
20,Ca,40.0,2.0,0.175,0.0008073,0.00299,i_R_Al
20,Ca,40.0,2.0,0.2,0.0008775,0.00325,i_R_Al
20,Ca,40.0,2.0,0.225,0.000945,0.0035,i_R_Al
20,Ca,40.0,2.0,0.25,0.0010125,0.00375,i_R_Al
20,Ca,40.0,2.0,0.275,0.0010746,0.00398,i_R_Al
20,Ca,40.0,2.0,0.3,0.0011367000000000003,0.00421,i_R_Al
20,Ca,40.0,2.0,0.325,0.0011988000000000003,0.00444,i_R_Al
20,Ca,40.0,2.0,0.35,0.0012555,0.00465,i_R_Al
20,Ca,40.0,2.0,0.375,0.0013149000000000001,0.00487,i_R_Al
20,Ca,40.0,2.0,0.4,0.0013716000000000002,0.00508,i_R_Al
20,Ca,40.0,2.0,0.425,0.0014283000000000002,0.00529,i_R_Al
20,Ca,40.0,2.0,0.45,0.001485,0.0055,i_R_Al
20,Ca,40.0,2.0,0.5,0.0015930000000000002,0.005900000000000001,i_R_Al
20,Ca,40.0,2.0,0.5625,0.0017253000000000001,0.00639,i_R_Al
20,Ca,40.0,2.0,0.625,0.0018576000000000003,0.00688,i_R_Al
20,Ca,40.0,2.0,0.6875,0.0019845,0.00735,i_R_Al
20,Ca,40.0,2.0,0.75,0.0021087000000000002,0.00781,i_R_Al
20,Ca,40.0,2.0,0.8125,0.0022329000000000003,0.00827,i_R_Al
20,Ca,40.0,2.0,0.875,0.0023571,0.00873,i_R_Al
20,Ca,40.0,2.0,0.9375,0.0024786,0.00918,i_R_Al
20,Ca,40.0,2.0,1.0,0.0025974,0.00962,i_R_Al
20,Ca,40.0,2.0,1.125,0.0028377000000000003,0.01051,i_R_Al
20,Ca,40.0,2.0,1.25,0.0030726,0.01138,i_R_Al
20,Ca,40.0,2.0,1.375,0.0033075,0.01225,i_R_Al
20,Ca,40.0,2.0,1.5,0.0035424000000000002,0.01312,i_R_Al
20,Ca,40.0,2.0,1.625,0.0037773,0.01399,i_R_Al
20,Ca,40.0,2.0,1.75,0.0040122000000000005,0.01486,i_R_Al
20,Ca,40.0,2.0,2.0,0.004482000000000001,0.0166,i_R_Al
20,Ca,40.0,2.0,2.25,0.004959900000000001,0.01837,i_R_Al
20,Ca,40.0,2.0,2.5,0.005445900000000001,0.02017,i_R_Al
20,Ca,40.0,2.0,2.75,0.0059427,0.02201,i_R_Al
20,Ca,40.0,2.0,3.0,0.006453,0.0239,i_R_Al
20,Ca,40.0,2.0,3.25,0.0069714,0.02582,i_R_Al
20,Ca,40.0,2.0,3.5,0.0075033,0.02779,i_R_Al
20,Ca,40.0,2.0,3.75,0.008046000000000001,0.0298,i_R_Al
20,Ca,40.0,2.0,4.0,0.008604900000000002,0.03187,i_R_Al
20,Ca,40.0,2.0,4.25,0.009174600000000002,0.03398,i_R_Al
20,Ca,40.0,2.0,4.5,0.009755100000000001,0.03613,i_R_Al
20,Ca,40.0,2.0,5.0,0.010962,0.0406,i_R_Al
20,Ca,40.0,2.0,5.625,0.0125469,0.04647,i_R_Al
20,Ca,40.0,2.0,6.25,0.0142182,0.05266,i_R_Al
20,Ca,40.0,2.0,6.875,0.0159759,0.05917,i_R_Al
20,Ca,40.0,2.0,7.5,0.017820000000000003,0.066,i_R_Al
20,Ca,40.0,2.0,8.125,0.019750500000000004,0.07315,i_R_Al
20,Ca,40.0,2.0,8.75,0.021767400000000003,0.08062000000000001,i_R_Al
20,Ca,40.0,2.0,9.375,0.0238707,0.08841,i_R_Al
20,Ca,40.0,2.0,10.0,0.026057700000000007,0.09651000000000001,i_R_Al
20,Ca,40.0,2.0,11.25,0.030674700000000006,0.11361,i_R_Al
20,Ca,40.0,2.0,12.5,0.0356211,0.13193,i_R_Al
20,Ca,40.0,2.0,13.75,0.040878000000000005,0.1514,i_R_Al
20,Ca,40.0,2.0,15.0,0.046445400000000005,0.17202,i_R_Al
20,Ca,40.0,2.0,16.25,0.05231519999999999,0.19376,i_R_Al
20,Ca,40.0,2.0,17.5,0.058476600000000004,0.21658,i_R_Al
20,Ca,40.0,2.0,20.0,0.07165260000000001,0.26538,i_R_Al
20,Ca,40.0,2.0,22.5,0.08595450000000002,0.31835,i_R_Al
20,Ca,40.0,2.0,25.0,0.10136880000000001,0.37544,i_R_Al
20,Ca,40.0,2.0,27.5,0.1178982,0.43666,i_R_Al
20,Ca,40.0,2.0,30.0,0.13555080000000003,0.50204,i_R_Al
20,Ca,40.0,2.0,32.5,0.1543158,0.5715399999999999,i_R_Al
20,Ca,40.0,2.0,35.0,0.17415540000000002,0.64502,i_R_Al
20,Ca,40.0,2.0,37.5,0.19504800000000003,0.7224,i_R_Al
20,Ca,40.0,2.0,40.0,0.21698010000000006,0.8036300000000001,i_R_Al
20,Ca,40.0,2.0,42.5,0.23993550000000002,0.88865,i_R_Al
20,Ca,40.0,2.0,45.0,0.263898,0.9774,i_R_Al
20,Ca,40.0,2.0,50.0,0.31589999999999996,1.17,i_R_Al
20,Ca,40.0,2.0,56.25,0.3834,1.42,i_R_Al
20,Ca,40.0,2.0,62.5,0.45899999999999996,1.7,i_R_Al
20,Ca,40.0,2.0,68.75,0.54,2.0,i_R_Al
20,Ca,40.0,2.0,75.0,0.6264000000000001,2.32,i_R_Al
20,Ca,40.0,2.0,81.25,0.7182000000000002,2.66,i_R_Al
20,Ca,40.0,2.0,87.5,0.8180999999999999,3.03,i_R_Al
20,Ca,40.0,2.0,93.75,0.9207000000000001,3.41,i_R_Al
20,Ca,40.0,2.0,100.0,1.0287000000000002,3.81,i_R_Al
20,Ca,40.0,2.0,112.5,1.2609,4.67,i_R_Al
20,Ca,40.0,2.0,125.0,1.512,5.6,i_R_Al
20,Ca,40.0,2.0,137.5,1.782,6.6,i_R_Al
20,Ca,40.0,2.0,150.0,2.0682,7.66,i_R_Al
20,Ca,40.0,2.0,162.5,2.3706,8.78,i_R_Al
20,Ca,40.0,2.0,175.0,2.6919000000000004,9.97,i_R_Al
20,Ca,40.0,2.0,200.0,3.3777,12.51,i_R_Al
20,Ca,40.0,2.0,225.0,4.1202000000000005,15.26,i_R_Al
20,Ca,40.0,2.0,250.0,4.914,18.2,i_R_Al
20,Ca,40.0,2.0,275.0,5.777089815574484,21.39662894657216,i_R_Al
20,Ca,40.0,2.0,300.0,6.696752142209758,24.80278571188799,i_R_Al
20,Ca,40.0,2.0,325.0,7.671516114213072,28.4130226452336,i_R_Al
20,Ca,40.0,2.0,350.0,8.700062792544536,32.22245478720198,i_R_Al
20,Ca,40.0,2.0,375.0,9.78119942941277,36.22666455338062,i_R_Al
20,Ca,40.0,2.0,400.0,10.913839563433221,40.42162801271563,i_R_Al
20,Ca,40.0,2.0,425.0,12.096987333370816,44.80365679026228,i_R_Al
20,Ca,40.0,2.0,450.0,13.329724914998161,49.36935153703023,i_R_Al
20,Ca,40.0,2.0,500.0,15.940628986058035,59.03936661502976,i_R_Al
20,Ca,40.0,2.0,562.5,19.469243442805166,72.10830904742653,i_R_Al
20,Ca,40.0,2.0,625.0,23.28270000619469,86.23222224516552,i_R_Al
20,Ca,40.0,2.0,687.5,27.372049060818835,101.3779594845142,i_R_Al
20,Ca,40.0,2.0,750.0,31.729440607023196,117.5164466926785,i_R_Al
20,Ca,40.0,2.0,812.5,36.3479056328677,134.6218727143248,i_R_Al
20,Ca,40.0,2.0,875.0,41.221194960087686,152.6710924447692,i_R_Al
20,Ca,40.0,2.0,937.5,46.34365730886853,171.6431752180316,i_R_Al
20,Ca,40.0,2.0,1000.0,51.71014498802492,191.5190555112034,i_R_Al
20,Ca,40.0,2.0,1125.0,63.15669238115614,233.9136754857635,i_R_Al
24,Cr,52.0,2.1666666666666665,0.019230769230769232,0.00020139300000000001,0.0007459,i_R_Al
24,Cr,52.0,2.1666666666666665,0.021153846153846155,0.000220752,0.0008175999999999999,i_R_Al
24,Cr,52.0,2.1666666666666665,0.023076923076923075,0.000239544,0.0008872,i_R_Al
24,Cr,52.0,2.1666666666666665,0.025,0.00025776900000000003,0.0009547,i_R_Al
24,Cr,52.0,2.1666666666666665,0.02692307692307692,0.0002754,0.00102,i_R_Al
24,Cr,52.0,2.1666666666666665,0.028846153846153848,0.00029160000000000004,0.00108,i_R_Al
24,Cr,52.0,2.1666666666666665,0.03076923076923077,0.0003078,0.00114,i_R_Al
24,Cr,52.0,2.1666666666666665,0.032692307692307694,0.00032399999999999996,0.0012,i_R_Al
24,Cr,52.0,2.1666666666666665,0.03461538461538462,0.00034020000000000003,0.00126,i_R_Al
24,Cr,52.0,2.1666666666666665,0.038461538461538464,0.0003699,0.00137,i_R_Al
24,Cr,52.0,2.1666666666666665,0.04326923076923077,0.0004050000000000001,0.0015,i_R_Al
24,Cr,52.0,2.1666666666666665,0.04807692307692308,0.0004347,0.00161,i_R_Al
24,Cr,52.0,2.1666666666666665,0.052884615384615384,0.00046440000000000007,0.00172,i_R_Al
24,Cr,52.0,2.1666666666666665,0.057692307692307696,0.0004941,0.00183,i_R_Al
24,Cr,52.0,2.1666666666666665,0.0625,0.0005211,0.00193,i_R_Al
24,Cr,52.0,2.1666666666666665,0.0673076923076923,0.0005454,0.00202,i_R_Al
24,Cr,52.0,2.1666666666666665,0.07211538461538461,0.0005697,0.00211,i_R_Al
24,Cr,52.0,2.1666666666666665,0.07692307692307693,0.0005940000000000001,0.0022,i_R_Al
24,Cr,52.0,2.1666666666666665,0.08653846153846154,0.0006372000000000001,0.00236,i_R_Al
24,Cr,52.0,2.1666666666666665,0.09615384615384616,0.0006777,0.00251,i_R_Al
24,Cr,52.0,2.1666666666666665,0.10576923076923077,0.0007182000000000001,0.00266,i_R_Al
24,Cr,52.0,2.1666666666666665,0.11538461538461539,0.000756,0.0028,i_R_Al
24,Cr,52.0,2.1666666666666665,0.125,0.0007911,0.00293,i_R_Al
24,Cr,52.0,2.1666666666666665,0.1346153846153846,0.0008262,0.00306,i_R_Al
24,Cr,52.0,2.1666666666666665,0.15384615384615385,0.0008910000000000001,0.0033,i_R_Al
24,Cr,52.0,2.1666666666666665,0.17307692307692307,0.0009558,0.00354,i_R_Al
24,Cr,52.0,2.1666666666666665,0.19230769230769232,0.0010152,0.00376,i_R_Al
24,Cr,52.0,2.1666666666666665,0.21153846153846154,0.0010746,0.00398,i_R_Al
24,Cr,52.0,2.1666666666666665,0.23076923076923078,0.0011340000000000002,0.004200000000000001,i_R_Al
24,Cr,52.0,2.1666666666666665,0.25,0.0011880000000000003,0.0044,i_R_Al
24,Cr,52.0,2.1666666666666665,0.2692307692307692,0.0012447,0.00461,i_R_Al
24,Cr,52.0,2.1666666666666665,0.28846153846153844,0.0012987,0.00481,i_R_Al
24,Cr,52.0,2.1666666666666665,0.3076923076923077,0.00135,0.005,i_R_Al
24,Cr,52.0,2.1666666666666665,0.3269230769230769,0.0014013,0.00519,i_R_Al
24,Cr,52.0,2.1666666666666665,0.34615384615384615,0.0014526000000000003,0.00538,i_R_Al
24,Cr,52.0,2.1666666666666665,0.38461538461538464,0.0015551999999999999,0.005759999999999999,i_R_Al
24,Cr,52.0,2.1666666666666665,0.4326923076923077,0.0016767000000000002,0.00621,i_R_Al
24,Cr,52.0,2.1666666666666665,0.4807692307692308,0.0017982000000000002,0.00666,i_R_Al
24,Cr,52.0,2.1666666666666665,0.5288461538461539,0.0019143,0.00709,i_R_Al
24,Cr,52.0,2.1666666666666665,0.5769230769230769,0.0020277000000000003,0.00751,i_R_Al
24,Cr,52.0,2.1666666666666665,0.625,0.0021411,0.00793,i_R_Al
24,Cr,52.0,2.1666666666666665,0.6730769230769231,0.0022518000000000004,0.00834,i_R_Al
24,Cr,52.0,2.1666666666666665,0.7211538461538461,0.0023625000000000005,0.00875,i_R_Al
24,Cr,52.0,2.1666666666666665,0.7692307692307693,0.0024678,0.00914,i_R_Al
24,Cr,52.0,2.1666666666666665,0.8653846153846154,0.0026811,0.00993,i_R_Al
24,Cr,52.0,2.1666666666666665,0.9615384615384616,0.0028863,0.01069,i_R_Al
24,Cr,52.0,2.1666666666666665,1.0576923076923077,0.0030915,0.01145,i_R_Al
24,Cr,52.0,2.1666666666666665,1.1538461538461537,0.0032912999999999996,0.01219,i_R_Al
24,Cr,52.0,2.1666666666666665,1.25,0.0034911000000000005,0.01293,i_R_Al
24,Cr,52.0,2.1666666666666665,1.3461538461538463,0.0036882000000000004,0.01366,i_R_Al
24,Cr,52.0,2.1666666666666665,1.5384615384615385,0.004077000000000001,0.0151,i_R_Al
24,Cr,52.0,2.1666666666666665,1.7307692307692308,0.0044631,0.01653,i_R_Al
24,Cr,52.0,2.1666666666666665,1.9230769230769231,0.004846500000000001,0.01795,i_R_Al
24,Cr,52.0,2.1666666666666665,2.1153846153846154,0.0052299,0.01937,i_R_Al
24,Cr,52.0,2.1666666666666665,2.3076923076923075,0.005616,0.0208,i_R_Al
24,Cr,52.0,2.1666666666666665,2.5,0.0060048,0.02224,i_R_Al
24,Cr,52.0,2.1666666666666665,2.6923076923076925,0.006399,0.0237,i_R_Al
24,Cr,52.0,2.1666666666666665,2.8846153846153846,0.0067986,0.02518,i_R_Al
24,Cr,52.0,2.1666666666666665,3.076923076923077,0.0072009000000000005,0.02667,i_R_Al
24,Cr,52.0,2.1666666666666665,3.269230769230769,0.0076113,0.02819,i_R_Al
24,Cr,52.0,2.1666666666666665,3.4615384615384617,0.008024400000000001,0.02972,i_R_Al
24,Cr,52.0,2.1666666666666665,3.8461538461538463,0.008869499999999999,0.03285,i_R_Al
24,Cr,52.0,2.1666666666666665,4.326923076923077,0.009960300000000002,0.03689,i_R_Al
24,Cr,52.0,2.1666666666666665,4.8076923076923075,0.011094300000000001,0.04109,i_R_Al
24,Cr,52.0,2.1666666666666665,5.288461538461538,0.0122688,0.04544,i_R_Al
24,Cr,52.0,2.1666666666666665,5.769230769230769,0.013486500000000002,0.04995,i_R_Al
24,Cr,52.0,2.1666666666666665,6.25,0.014747400000000003,0.05462,i_R_Al
24,Cr,52.0,2.1666666666666665,6.730769230769231,0.0160542,0.05946,i_R_Al
24,Cr,52.0,2.1666666666666665,7.211538461538462,0.0174069,0.06447,i_R_Al
24,Cr,52.0,2.1666666666666665,7.6923076923076925,0.0188028,0.06964000000000001,i_R_Al
24,Cr,52.0,2.1666666666666665,8.653846153846153,0.021729600000000005,0.08048000000000001,i_R_Al
24,Cr,52.0,2.1666666666666665,9.615384615384615,0.0248319,0.09197,i_R_Al
24,Cr,52.0,2.1666666666666665,10.576923076923077,0.028112400000000003,0.10412,i_R_Al
24,Cr,52.0,2.1666666666666665,11.538461538461538,0.0315657,0.11691,i_R_Al
24,Cr,52.0,2.1666666666666665,12.5,0.0351891,0.13033,i_R_Al
24,Cr,52.0,2.1666666666666665,13.461538461538462,0.038977200000000004,0.14436,i_R_Al
24,Cr,52.0,2.1666666666666665,15.384615384615385,0.0470367,0.17421,i_R_Al
24,Cr,52.0,2.1666666666666665,17.307692307692307,0.05573070000000001,0.20641,i_R_Al
24,Cr,52.0,2.1666666666666665,19.23076923076923,0.0650349,0.24087,i_R_Al
24,Cr,52.0,2.1666666666666665,21.153846153846153,0.0749439,0.27757,i_R_Al
24,Cr,52.0,2.1666666666666665,23.076923076923077,0.08544420000000001,0.31646,i_R_Al
24,Cr,52.0,2.1666666666666665,25.0,0.09653310000000001,0.35753,i_R_Al
24,Cr,52.0,2.1666666666666665,26.923076923076923,0.1082133,0.40079,i_R_Al
24,Cr,52.0,2.1666666666666665,28.846153846153847,0.12049290000000001,0.44627,i_R_Al
24,Cr,52.0,2.1666666666666665,30.76923076923077,0.1333746,0.49398,i_R_Al
24,Cr,52.0,2.1666666666666665,32.69230769230769,0.1468422,0.54386,i_R_Al
24,Cr,52.0,2.1666666666666665,34.61538461538461,0.16088220000000003,0.5958600000000001,i_R_Al
24,Cr,52.0,2.1666666666666665,38.46153846153846,0.19064430000000002,0.70609,i_R_Al
24,Cr,52.0,2.1666666666666665,43.26923076923077,0.23094180000000003,0.8553400000000001,i_R_Al
24,Cr,52.0,2.1666666666666665,48.07692307692308,0.27540000000000003,1.02,i_R_Al
24,Cr,52.0,2.1666666666666665,52.88461538461539,0.32130000000000003,1.19,i_R_Al
24,Cr,52.0,2.1666666666666665,57.69230769230769,0.3726,1.38,i_R_Al
24,Cr,52.0,2.1666666666666665,62.5,0.42390000000000005,1.57,i_R_Al
24,Cr,52.0,2.1666666666666665,67.3076923076923,0.4806,1.78,i_R_Al
24,Cr,52.0,2.1666666666666665,72.11538461538461,0.54,2.0,i_R_Al
24,Cr,52.0,2.1666666666666665,76.92307692307692,0.6021,2.23,i_R_Al
24,Cr,52.0,2.1666666666666665,86.53846153846153,0.7371000000000001,2.73,i_R_Al
24,Cr,52.0,2.1666666666666665,96.15384615384616,0.8829,3.27,i_R_Al
24,Cr,52.0,2.1666666666666665,105.76923076923077,1.0368,3.84,i_R_Al
24,Cr,52.0,2.1666666666666665,115.38461538461539,1.2042,4.46,i_R_Al
24,Cr,52.0,2.1666666666666665,125.0,1.3797000000000001,5.11,i_R_Al
24,Cr,52.0,2.1666666666666665,134.6153846153846,1.5687,5.81,i_R_Al
24,Cr,52.0,2.1666666666666665,153.84615384615384,1.9683,7.29,i_R_Al
24,Cr,52.0,2.1666666666666665,173.07692307692307,2.4057000000000004,8.91,i_R_Al
24,Cr,52.0,2.1666666666666665,192.30769230769232,2.8755,10.65,i_R_Al
24,Cr,52.0,2.1666666666666665,211.53846153846155,3.3833576319604206,12.530954192446,i_R_Al
24,Cr,52.0,2.1666666666666665,230.76923076923077,3.924932429499523,14.53678677592416,i_R_Al
24,Cr,52.0,2.1666666666666665,250.0,4.499372709261758,16.66434336763614,i_R_Al
24,Cr,52.0,2.1666666666666665,269.2307692307692,5.105914200387968,18.91079333477025,i_R_Al
24,Cr,52.0,2.1666666666666665,288.46153846153845,5.743865288655923,21.27357514317008,i_R_Al
24,Cr,52.0,2.1666666666666665,307.6923076923077,6.412595595877896,23.75035405880702,i_R_Al
24,Cr,52.0,2.1666666666666665,326.9230769230769,7.111526974056209,26.33898879280077,i_R_Al
24,Cr,52.0,2.1666666666666665,346.15384615384613,7.840126288340232,29.03750477163049,i_R_Al
24,Cr,52.0,2.1666666666666665,384.61538461538464,9.38438709836527,34.7569892532047,i_R_Al
24,Cr,52.0,2.1666666666666665,432.6923076923077,11.473478857320952,42.49436613822574,i_R_Al
24,Cr,52.0,2.1666666666666665,480.7692307692308,13.73339701455293,50.86443338723307,i_R_Al
24,Cr,52.0,2.1666666666666665,528.8461538461538,16.15892665690498,59.84787650705548,i_R_Al
24,Cr,52.0,2.1666666666666665,576.9230769230769,18.745489587762435,69.42773921393494,i_R_Al
24,Cr,52.0,2.1666666666666665,625.0,21.48901816474929,79.5889561657381,i_R_Al
24,Cr,52.0,2.1666666666666665,673.0769230769231,24.385862227846125,90.31800825128194,i_R_Al
24,Cr,52.0,2.1666666666666665,721.1538461538462,27.4327186253596,101.6026615754059,i_R_Al
24,Cr,52.0,2.1666666666666665,769.2307692307693,30.62657666908877,113.4317654410695,i_R_Al
24,Cr,52.0,2.1666666666666665,865.3846153846154,37.44446773152833,138.6832138204753,i_R_Al
25,Mn,55.0,2.2,0.01818181818181818,0.000201717,0.0007471,i_R_Al
25,Mn,55.0,2.2,0.02,0.00022067100000000003,0.0008173,i_R_Al
25,Mn,55.0,2.2,0.021818181818181816,0.000239112,0.0008856,i_R_Al
25,Mn,55.0,2.2,0.023636363636363636,0.00025704,0.0009519999999999999,i_R_Al
25,Mn,55.0,2.2,0.025454545454545452,0.0002754,0.00102,i_R_Al
25,Mn,55.0,2.2,0.02727272727272727,0.00029160000000000004,0.00108,i_R_Al
25,Mn,55.0,2.2,0.02909090909090909,0.0003078,0.00114,i_R_Al
25,Mn,55.0,2.2,0.030909090909090907,0.00032399999999999996,0.0012,i_R_Al
25,Mn,55.0,2.2,0.03272727272727273,0.00034020000000000003,0.00126,i_R_Al
25,Mn,55.0,2.2,0.03636363636363636,0.0003699,0.00137,i_R_Al
25,Mn,55.0,2.2,0.04090909090909091,0.0004023000000000001,0.00149,i_R_Al
25,Mn,55.0,2.2,0.045454545454545456,0.0004374,0.00162,i_R_Al
25,Mn,55.0,2.2,0.05,0.0004671000000000001,0.00173,i_R_Al
25,Mn,55.0,2.2,0.05454545454545454,0.0004968,0.00184,i_R_Al
25,Mn,55.0,2.2,0.05909090909090909,0.0005238,0.00194,i_R_Al
25,Mn,55.0,2.2,0.06363636363636363,0.0005508,0.00204,i_R_Al
25,Mn,55.0,2.2,0.06818181818181818,0.0005751,0.00213,i_R_Al
25,Mn,55.0,2.2,0.07272727272727272,0.0005994000000000001,0.00222,i_R_Al
25,Mn,55.0,2.2,0.08181818181818182,0.0006479999999999999,0.0024,i_R_Al
25,Mn,55.0,2.2,0.09090909090909091,0.0006912000000000001,0.00256,i_R_Al
25,Mn,55.0,2.2,0.1,0.0007317000000000001,0.00271,i_R_Al
25,Mn,55.0,2.2,0.10909090909090909,0.0007722,0.00286,i_R_Al
25,Mn,55.0,2.2,0.11818181818181818,0.0008100000000000002,0.003,i_R_Al
25,Mn,55.0,2.2,0.12727272727272726,0.0008451,0.00313,i_R_Al
25,Mn,55.0,2.2,0.14545454545454545,0.0009153,0.00339,i_R_Al
25,Mn,55.0,2.2,0.16363636363636364,0.0009801,0.00363,i_R_Al
25,Mn,55.0,2.2,0.18181818181818182,0.0010422,0.00386,i_R_Al
25,Mn,55.0,2.2,0.2,0.0011016,0.00408,i_R_Al
25,Mn,55.0,2.2,0.21818181818181817,0.0011610000000000001,0.0043,i_R_Al
25,Mn,55.0,2.2,0.23636363636363636,0.0012177,0.00451,i_R_Al
25,Mn,55.0,2.2,0.2545454545454545,0.0012717000000000002,0.00471,i_R_Al
25,Mn,55.0,2.2,0.2727272727272727,0.0013257000000000002,0.00491,i_R_Al
25,Mn,55.0,2.2,0.2909090909090909,0.0013769999999999998,0.005099999999999999,i_R_Al
25,Mn,55.0,2.2,0.3090909090909091,0.0014283000000000002,0.00529,i_R_Al
25,Mn,55.0,2.2,0.32727272727272727,0.0014796,0.00548,i_R_Al
25,Mn,55.0,2.2,0.36363636363636365,0.0015795,0.00585,i_R_Al
25,Mn,55.0,2.2,0.4090909090909091,0.0016983000000000002,0.00629,i_R_Al
25,Mn,55.0,2.2,0.45454545454545453,0.0018144,0.00672,i_R_Al
25,Mn,55.0,2.2,0.5,0.0019278,0.00714,i_R_Al
25,Mn,55.0,2.2,0.5454545454545454,0.0020385000000000004,0.00755,i_R_Al
25,Mn,55.0,2.2,0.5909090909090909,0.0021492,0.00796,i_R_Al
25,Mn,55.0,2.2,0.6363636363636364,0.0022545000000000004,0.00835,i_R_Al
25,Mn,55.0,2.2,0.6818181818181818,0.0023598000000000004,0.008740000000000001,i_R_Al
25,Mn,55.0,2.2,0.7272727272727273,0.0024624,0.00912,i_R_Al
25,Mn,55.0,2.2,0.8181818181818182,0.0026649,0.009869999999999999,i_R_Al
25,Mn,55.0,2.2,0.9090909090909091,0.0028620000000000004,0.0106,i_R_Al
25,Mn,55.0,2.2,1.0,0.0030564,0.01132,i_R_Al
25,Mn,55.0,2.2,1.0909090909090908,0.0032481000000000003,0.01203,i_R_Al
25,Mn,55.0,2.2,1.1818181818181819,0.0034371000000000007,0.01273,i_R_Al
25,Mn,55.0,2.2,1.2727272727272727,0.0036234,0.01342,i_R_Al
25,Mn,55.0,2.2,1.4545454545454546,0.0039933,0.01479,i_R_Al
25,Mn,55.0,2.2,1.6363636363636365,0.0043578,0.01614,i_R_Al
25,Mn,55.0,2.2,1.8181818181818181,0.0047223000000000005,0.01749,i_R_Al
25,Mn,55.0,2.2,2.0,0.0050841,0.01883,i_R_Al
25,Mn,55.0,2.2,2.1818181818181817,0.005445900000000001,0.02017,i_R_Al
25,Mn,55.0,2.2,2.3636363636363638,0.005810400000000001,0.02152,i_R_Al
25,Mn,55.0,2.2,2.5454545454545454,0.0061776,0.02288,i_R_Al
25,Mn,55.0,2.2,2.727272727272727,0.006550200000000001,0.02426,i_R_Al
25,Mn,55.0,2.2,2.909090909090909,0.0069282,0.02566,i_R_Al
25,Mn,55.0,2.2,3.090909090909091,0.0073062000000000005,0.02706,i_R_Al
25,Mn,55.0,2.2,3.272727272727273,0.007692300000000001,0.02849,i_R_Al
25,Mn,55.0,2.2,3.6363636363636362,0.008478,0.0314,i_R_Al
25,Mn,55.0,2.2,4.090909090909091,0.009487800000000001,0.03514,i_R_Al
25,Mn,55.0,2.2,4.545454545454546,0.010532700000000002,0.03901,i_R_Al
25,Mn,55.0,2.2,5.0,0.0116127,0.04301,i_R_Al
25,Mn,55.0,2.2,5.454545454545454,0.0127305,0.04715,i_R_Al
25,Mn,55.0,2.2,5.909090909090909,0.013888800000000001,0.05144,i_R_Al
25,Mn,55.0,2.2,6.363636363636363,0.0150822,0.05586,i_R_Al
25,Mn,55.0,2.2,6.818181818181818,0.0163188,0.06044,i_R_Al
25,Mn,55.0,2.2,7.2727272727272725,0.0175932,0.06516,i_R_Al
25,Mn,55.0,2.2,8.181818181818182,0.020260800000000002,0.07504000000000001,i_R_Al
25,Mn,55.0,2.2,9.090909090909092,0.023085,0.0855,i_R_Al
25,Mn,55.0,2.2,10.0,0.026065800000000007,0.09654000000000001,i_R_Al
25,Mn,55.0,2.2,10.909090909090908,0.0292005,0.10815,i_R_Al
25,Mn,55.0,2.2,11.818181818181818,0.0324864,0.12032,i_R_Al
25,Mn,55.0,2.2,12.727272727272727,0.035923500000000004,0.13305,i_R_Al
25,Mn,55.0,2.2,14.545454545454545,0.0432297,0.16011,i_R_Al
25,Mn,55.0,2.2,16.363636363636363,0.05110560000000001,0.18928,i_R_Al
25,Mn,55.0,2.2,18.181818181818183,0.059535000000000005,0.2205,i_R_Al
25,Mn,55.0,2.2,20.0,0.0685017,0.25371,i_R_Al
25,Mn,55.0,2.2,21.818181818181817,0.07799760000000001,0.28888,i_R_Al
25,Mn,55.0,2.2,23.636363636363637,0.0880146,0.32598,i_R_Al
25,Mn,55.0,2.2,25.454545454545453,0.09855,0.365,i_R_Al
25,Mn,55.0,2.2,27.272727272727273,0.1096038,0.40594,i_R_Al
25,Mn,55.0,2.2,29.09090909090909,0.12117599999999999,0.4488,i_R_Al
25,Mn,55.0,2.2,30.90909090909091,0.1332666,0.49358,i_R_Al
25,Mn,55.0,2.2,32.72727272727273,0.1458702,0.54026,i_R_Al
25,Mn,55.0,2.2,36.36363636363637,0.1725732,0.63916,i_R_Al
25,Mn,55.0,2.2,40.90909090909091,0.2087046,0.77298,i_R_Al
25,Mn,55.0,2.2,45.45454545454545,0.24783300000000003,0.9179,i_R_Al
25,Mn,55.0,2.2,50.0,0.28890000000000005,1.07,i_R_Al
25,Mn,55.0,2.2,54.54545454545455,0.33480000000000004,1.24,i_R_Al
25,Mn,55.0,2.2,59.09090909090909,0.3834,1.42,i_R_Al
25,Mn,55.0,2.2,63.63636363636363,0.43200000000000005,1.6,i_R_Al
25,Mn,55.0,2.2,68.18181818181819,0.48600000000000004,1.8,i_R_Al
25,Mn,55.0,2.2,72.72727272727273,0.5427,2.01,i_R_Al
25,Mn,55.0,2.2,81.81818181818181,0.6615000000000001,2.45,i_R_Al
25,Mn,55.0,2.2,90.9090909090909,0.7911000000000001,2.93,i_R_Al
25,Mn,55.0,2.2,100.0,0.9288000000000001,3.44,i_R_Al
25,Mn,55.0,2.2,109.0909090909091,1.0773000000000001,3.99,i_R_Al
25,Mn,55.0,2.2,118.18181818181819,1.2366000000000001,4.58,i_R_Al
25,Mn,55.0,2.2,127.27272727272727,1.4040000000000001,5.2,i_R_Al
25,Mn,55.0,2.2,145.45454545454547,1.7631000000000001,6.53,i_R_Al
25,Mn,55.0,2.2,163.63636363636363,2.1546000000000003,7.98,i_R_Al
25,Mn,55.0,2.2,181.8181818181818,2.5758,9.54,i_R_Al
25,Mn,55.0,2.2,200.0,3.0308894849153574,11.22551661079762,i_R_Al
25,Mn,55.0,2.2,218.1818181818182,3.516217787433895,13.02302884234776,i_R_Al
25,Mn,55.0,2.2,236.36363636363637,4.031022540517344,14.9297131130272,i_R_Al
25,Mn,55.0,2.2,254.54545454545453,4.574619590156334,16.94303551909753,i_R_Al
25,Mn,55.0,2.2,272.72727272727275,5.146389795428384,19.06070294603105,i_R_Al
25,Mn,55.0,2.2,290.90909090909093,5.745768811676383,21.28062522843105,i_R_Al
25,Mn,55.0,2.2,309.09090909090907,6.372239033587848,23.60088530958462,i_R_Al
25,Mn,55.0,2.2,327.27272727272725,7.025323138346776,26.01971532721028,i_R_Al
25,Mn,55.0,2.2,363.6363636363636,8.40959456066054,31.14664652096496,i_R_Al
25,Mn,55.0,2.2,409.09090909090907,10.282369720665193,38.08285081727849,i_R_Al
25,Mn,55.0,2.2,454.54545454545456,12.308410413411318,45.58670523485673,i_R_Al
25,Mn,55.0,2.2,500.0,14.483046703172288,53.64091371545292,i_R_Al
25,Mn,55.0,2.2,545.4545454545455,16.802178597202257,62.2302911007491,i_R_Al
25,Mn,55.0,2.2,590.9090909090909,19.26216313937401,71.34134496064448,i_R_Al
25,Mn,55.0,2.2,636.3636363636364,21.85973111300396,80.96196708519984,i_R_Al
25,Mn,55.0,2.2,681.8181818181819,24.591923965185376,91.08119987105694,i_R_Al
25,Mn,55.0,2.2,727.2727272727273,27.456044985904015,101.6890555033482,i_R_Al
25,Mn,55.0,2.2,818.1818181818181,33.570370554238266,124.334705756438,i_R_Al
26,Fe,56.0,2.1538461538461537,0.017857142857142856,0.00020063700000000004,0.0007431,i_R_Al
26,Fe,56.0,2.1538461538461537,0.019642857142857146,0.000220293,0.0008158999999999999,i_R_Al
26,Fe,56.0,2.1538461538461537,0.02142857142857143,0.00023949000000000003,0.000887,i_R_Al
26,Fe,56.0,2.1538461538461537,0.023214285714285715,0.00025825500000000004,0.0009565,i_R_Al
26,Fe,56.0,2.1538461538461537,0.024999999999999998,0.0002754,0.00102,i_R_Al
26,Fe,56.0,2.1538461538461537,0.026785714285714284,0.00029430000000000005,0.00109,i_R_Al
26,Fe,56.0,2.1538461538461537,0.028571428571428574,0.0003105,0.00115,i_R_Al
26,Fe,56.0,2.1538461538461537,0.030357142857142857,0.0003294,0.00122,i_R_Al
26,Fe,56.0,2.1538461538461537,0.03214285714285715,0.00034560000000000005,0.00128,i_R_Al
26,Fe,56.0,2.1538461538461537,0.03571428571428571,0.000378,0.0014,i_R_Al
26,Fe,56.0,2.1538461538461537,0.04017857142857143,0.0004158,0.00154,i_R_Al
26,Fe,56.0,2.1538461538461537,0.044642857142857144,0.0004509,0.00167,i_R_Al
26,Fe,56.0,2.1538461538461537,0.049107142857142856,0.00048330000000000004,0.00179,i_R_Al
26,Fe,56.0,2.1538461538461537,0.05357142857142857,0.0005157,0.00191,i_R_Al
26,Fe,56.0,2.1538461538461537,0.05803571428571429,0.0005481,0.00203,i_R_Al
26,Fe,56.0,2.1538461538461537,0.0625,0.0005751,0.00213,i_R_Al
26,Fe,56.0,2.1538461538461537,0.06696428571428571,0.0006048,0.00224,i_R_Al
26,Fe,56.0,2.1538461538461537,0.07142857142857142,0.0006318000000000001,0.00234,i_R_Al
26,Fe,56.0,2.1538461538461537,0.08035714285714286,0.0006804000000000001,0.00252,i_R_Al
26,Fe,56.0,2.1538461538461537,0.08928571428571429,0.000729,0.0027,i_R_Al
26,Fe,56.0,2.1538461538461537,0.09821428571428571,0.0007722,0.00286,i_R_Al
26,Fe,56.0,2.1538461538461537,0.10714285714285714,0.0008154000000000002,0.00302,i_R_Al
26,Fe,56.0,2.1538461538461537,0.11607142857142858,0.0008559,0.00317,i_R_Al
26,Fe,56.0,2.1538461538461537,0.125,0.0008937000000000001,0.00331,i_R_Al
26,Fe,56.0,2.1538461538461537,0.14285714285714285,0.0009639,0.00357,i_R_Al
26,Fe,56.0,2.1538461538461537,0.16071428571428573,0.0010314,0.00382,i_R_Al
26,Fe,56.0,2.1538461538461537,0.17857142857142858,0.0010961999999999999,0.004059999999999999,i_R_Al
26,Fe,56.0,2.1538461538461537,0.19642857142857142,0.0011556000000000001,0.00428,i_R_Al
26,Fe,56.0,2.1538461538461537,0.21428571428571427,0.0012150000000000004,0.004500000000000001,i_R_Al
26,Fe,56.0,2.1538461538461537,0.23214285714285715,0.0012690000000000002,0.0047,i_R_Al
26,Fe,56.0,2.1538461538461537,0.25,0.0013230000000000002,0.004900000000000001,i_R_Al
26,Fe,56.0,2.1538461538461537,0.26785714285714285,0.0013769999999999998,0.005099999999999999,i_R_Al
26,Fe,56.0,2.1538461538461537,0.2857142857142857,0.0014283000000000002,0.00529,i_R_Al
26,Fe,56.0,2.1538461538461537,0.30357142857142855,0.0014769000000000002,0.00547,i_R_Al
26,Fe,56.0,2.1538461538461537,0.32142857142857145,0.0015255000000000004,0.005650000000000001,i_R_Al
26,Fe,56.0,2.1538461538461537,0.35714285714285715,0.0016227000000000001,0.00601,i_R_Al
26,Fe,56.0,2.1538461538461537,0.4017857142857143,0.0017361000000000002,0.00643,i_R_Al
26,Fe,56.0,2.1538461538461537,0.44642857142857145,0.0018468000000000002,0.00684,i_R_Al
26,Fe,56.0,2.1538461538461537,0.49107142857142855,0.0019548000000000005,0.007240000000000001,i_R_Al
26,Fe,56.0,2.1538461538461537,0.5357142857142857,0.0020601,0.00763,i_R_Al
26,Fe,56.0,2.1538461538461537,0.5803571428571429,0.0021627,0.00801,i_R_Al
26,Fe,56.0,2.1538461538461537,0.625,0.0022626000000000005,0.00838,i_R_Al
26,Fe,56.0,2.1538461538461537,0.6696428571428571,0.0023625000000000005,0.00875,i_R_Al
26,Fe,56.0,2.1538461538461537,0.7142857142857143,0.0024597,0.00911,i_R_Al
26,Fe,56.0,2.1538461538461537,0.8035714285714286,0.0026514000000000004,0.00982,i_R_Al
26,Fe,56.0,2.1538461538461537,0.8928571428571429,0.0028404000000000003,0.01052,i_R_Al
26,Fe,56.0,2.1538461538461537,0.9821428571428571,0.003024,0.0112,i_R_Al
26,Fe,56.0,2.1538461538461537,1.0714285714285714,0.0032076,0.01188,i_R_Al
26,Fe,56.0,2.1538461538461537,1.1607142857142858,0.0033858000000000004,0.01254,i_R_Al
26,Fe,56.0,2.1538461538461537,1.25,0.0035640000000000003,0.0132,i_R_Al
26,Fe,56.0,2.1538461538461537,1.4285714285714286,0.003915,0.0145,i_R_Al
26,Fe,56.0,2.1538461538461537,1.6071428571428572,0.004263299999999999,0.01579,i_R_Al
26,Fe,56.0,2.1538461538461537,1.7857142857142858,0.0046089,0.01707,i_R_Al
26,Fe,56.0,2.1538461538461537,1.9642857142857142,0.004954500000000001,0.01835,i_R_Al
26,Fe,56.0,2.1538461538461537,2.142857142857143,0.0053001,0.01963,i_R_Al
26,Fe,56.0,2.1538461538461537,2.3214285714285716,0.005645700000000001,0.02091,i_R_Al
26,Fe,56.0,2.1538461538461537,2.5,0.005996700000000001,0.02221,i_R_Al
26,Fe,56.0,2.1538461538461537,2.6785714285714284,0.0063531,0.02353,i_R_Al
26,Fe,56.0,2.1538461538461537,2.857142857142857,0.0067095,0.02485,i_R_Al
26,Fe,56.0,2.1538461538461537,3.0357142857142856,0.007071300000000001,0.02619,i_R_Al
26,Fe,56.0,2.1538461538461537,3.2142857142857144,0.007438500000000001,0.02755,i_R_Al
26,Fe,56.0,2.1538461538461537,3.5714285714285716,0.0081837,0.03031,i_R_Al
26,Fe,56.0,2.1538461538461537,4.017857142857143,0.009139500000000004,0.03385000000000001,i_R_Al
26,Fe,56.0,2.1538461538461537,4.464285714285714,0.0101277,0.03751,i_R_Al
26,Fe,56.0,2.1538461538461537,4.910714285714286,0.0111456,0.04128,i_R_Al
26,Fe,56.0,2.1538461538461537,5.357142857142857,0.0121986,0.04518,i_R_Al
26,Fe,56.0,2.1538461538461537,5.803571428571429,0.013284,0.0492,i_R_Al
26,Fe,56.0,2.1538461538461537,6.25,0.0144072,0.05336,i_R_Al
26,Fe,56.0,2.1538461538461537,6.696428571428571,0.015562799999999998,0.05764,i_R_Al
26,Fe,56.0,2.1538461538461537,7.142857142857143,0.0167535,0.06205,i_R_Al
26,Fe,56.0,2.1538461538461537,8.035714285714286,0.019240200000000002,0.07126,i_R_Al
26,Fe,56.0,2.1538461538461537,8.928571428571429,0.0218673,0.08098999999999999,i_R_Al
26,Fe,56.0,2.1538461538461537,9.821428571428571,0.024634800000000002,0.09124,i_R_Al
26,Fe,56.0,2.1538461538461537,10.714285714285714,0.02754,0.102,i_R_Al
26,Fe,56.0,2.1538461538461537,11.607142857142858,0.030582900000000003,0.11327,i_R_Al
26,Fe,56.0,2.1538461538461537,12.5,0.03376080000000001,0.12504,i_R_Al
26,Fe,56.0,2.1538461538461537,14.285714285714286,0.0405108,0.15004,i_R_Al
26,Fe,56.0,2.1538461538461537,16.071428571428573,0.0477819,0.17697,i_R_Al
26,Fe,56.0,2.1538461538461537,17.857142857142858,0.05555790000000001,0.20577,i_R_Al
26,Fe,56.0,2.1538461538461537,19.642857142857142,0.06383340000000001,0.23642,i_R_Al
26,Fe,56.0,2.1538461538461537,21.428571428571427,0.0725949,0.26887,i_R_Al
26,Fe,56.0,2.1538461538461537,23.214285714285715,0.08183700000000001,0.3031,i_R_Al
26,Fe,56.0,2.1538461538461537,25.0,0.0915516,0.33908,i_R_Al
26,Fe,56.0,2.1538461538461537,26.785714285714285,0.1017387,0.37681,i_R_Al
26,Fe,56.0,2.1538461538461537,28.571428571428573,0.11239289999999999,0.41627,i_R_Al
26,Fe,56.0,2.1538461538461537,30.357142857142858,0.12351150000000002,0.45745,i_R_Al
26,Fe,56.0,2.1538461538461537,32.142857142857146,0.1350918,0.50034,i_R_Al
26,Fe,56.0,2.1538461538461537,35.714285714285715,0.1596186,0.5911799999999999,i_R_Al
26,Fe,56.0,2.1538461538461537,40.17857142857143,0.1927935,0.71405,i_R_Al
26,Fe,56.0,2.1538461538461537,44.642857142857146,0.2287035,0.84705,i_R_Al
26,Fe,56.0,2.1538461538461537,49.107142857142854,0.26728110000000005,0.98993,i_R_Al
26,Fe,56.0,2.1538461538461537,53.57142857142857,0.30779999999999996,1.14,i_R_Al
26,Fe,56.0,2.1538461538461537,58.035714285714285,0.35100000000000003,1.3,i_R_Al
26,Fe,56.0,2.1538461538461537,62.5,0.3996,1.48,i_R_Al
26,Fe,56.0,2.1538461538461537,66.96428571428571,0.44820000000000004,1.66,i_R_Al
26,Fe,56.0,2.1538461538461537,71.42857142857143,0.4968000000000001,1.84,i_R_Al
26,Fe,56.0,2.1538461538461537,80.35714285714286,0.6075,2.25,i_R_Al
26,Fe,56.0,2.1538461538461537,89.28571428571429,0.7263,2.69,i_R_Al
26,Fe,56.0,2.1538461538461537,98.21428571428571,0.8532000000000002,3.16,i_R_Al
26,Fe,56.0,2.1538461538461537,107.14285714285714,0.9882000000000002,3.66,i_R_Al
26,Fe,56.0,2.1538461538461537,116.07142857142857,1.1340000000000001,4.2,i_R_Al
26,Fe,56.0,2.1538461538461537,125.0,1.2879,4.77,i_R_Al
26,Fe,56.0,2.1538461538461537,142.85714285714286,1.6146,5.98,i_R_Al
26,Fe,56.0,2.1538461538461537,160.71428571428572,1.9737000000000002,7.31,i_R_Al
26,Fe,56.0,2.1538461538461537,178.57142857142858,2.3598000000000003,8.74,i_R_Al
26,Fe,56.0,2.1538461538461537,196.42857142857142,2.775599342702307,10.2799975655641,i_R_Al
26,Fe,56.0,2.1538461538461537,214.28571428571428,3.2188550226348225,11.92168526901786,i_R_Al
26,Fe,56.0,2.1538461538461537,232.14285714285714,3.6888648817433447,13.66246252497535,i_R_Al
26,Fe,56.0,2.1538461538461537,250.0,4.184999023281513,15.49999638252412,i_R_Al
26,Fe,56.0,2.1538461538461537,267.85714285714283,4.706687595602222,17.43217628000823,i_R_Al
26,Fe,56.0,2.1538461538461537,285.7142857142857,5.253411339910893,19.45707903670701,i_R_Al
26,Fe,56.0,2.1538461538461537,303.57142857142856,5.824694138590542,21.57294125403904,i_R_Al
26,Fe,56.0,2.1538461538461537,321.42857142857144,6.420097045121315,23.77813720415302,i_R_Al
26,Fe,56.0,2.1538461538461537,357.14285714285717,7.681665006432864,28.45061113493653,i_R_Al
26,Fe,56.0,2.1538461538461537,401.7857142857143,9.387621036781017,34.76896680289265,i_R_Al
26,Fe,56.0,2.1538461538461537,446.42857142857144,11.232316194767316,41.6011710917308,i_R_Al
26,Fe,56.0,2.1538461538461537,491.07142857142856,13.211462601585193,48.93134296883405,i_R_Al
26,Fe,56.0,2.1538461538461537,535.7142857142857,15.321297313055911,56.74554560391078,i_R_Al
26,Fe,56.0,2.1538461538461537,580.3571428571429,17.558478155570093,65.03140057618552,i_R_Al
26,Fe,56.0,2.1538461538461537,625.0,19.920006909183122,73.7778033673449,i_R_Al
26,Fe,56.0,2.1538461538461537,669.6428571428571,22.40317116018022,82.97470800066748,i_R_Al
26,Fe,56.0,2.1538461538461537,714.2857142857143,25.005499309710736,92.61296040633604,i_R_Al
26,Fe,56.0,2.1538461538461537,803.5714285714286,30.55875922192302,113.180589710826,i_R_Al
27,Co,59.0,2.185185185185185,0.01694915254237288,0.00019872000000000002,0.000736,i_R_Al
27,Co,59.0,2.185185185185185,0.01864406779661017,0.000218376,0.0008087999999999999,i_R_Al
27,Co,59.0,2.185185185185185,0.020338983050847456,0.00023773500000000004,0.0008805,i_R_Al
27,Co,59.0,2.185185185185185,0.022033898305084745,0.00025677,0.0009509999999999999,i_R_Al
27,Co,59.0,2.185185185185185,0.02372881355932203,0.0002754,0.00102,i_R_Al
27,Co,59.0,2.185185185185185,0.025423728813559324,0.00029430000000000005,0.00109,i_R_Al
27,Co,59.0,2.185185185185185,0.027118644067796613,0.0003105,0.00115,i_R_Al
27,Co,59.0,2.185185185185185,0.0288135593220339,0.0003294,0.00122,i_R_Al
27,Co,59.0,2.185185185185185,0.030508474576271188,0.00034560000000000005,0.00128,i_R_Al
27,Co,59.0,2.185185185185185,0.03389830508474576,0.00038070000000000004,0.00141,i_R_Al
27,Co,59.0,2.185185185185185,0.038135593220338986,0.00041850000000000004,0.00155,i_R_Al
27,Co,59.0,2.185185185185185,0.0423728813559322,0.00045630000000000003,0.00169,i_R_Al
27,Co,59.0,2.185185185185185,0.046610169491525424,0.0004914,0.00182,i_R_Al
27,Co,59.0,2.185185185185185,0.05084745762711865,0.0005265,0.00195,i_R_Al
27,Co,59.0,2.185185185185185,0.05508474576271186,0.0005562000000000001,0.00206,i_R_Al
27,Co,59.0,2.185185185185185,0.059322033898305086,0.0005886000000000001,0.00218,i_R_Al
27,Co,59.0,2.185185185185185,0.0635593220338983,0.0006156,0.00228,i_R_Al
27,Co,59.0,2.185185185185185,0.06779661016949153,0.0006426000000000001,0.00238,i_R_Al
27,Co,59.0,2.185185185185185,0.07627118644067797,0.0006939,0.00257,i_R_Al
27,Co,59.0,2.185185185185185,0.0847457627118644,0.0007425,0.00275,i_R_Al
27,Co,59.0,2.185185185185185,0.09322033898305085,0.0007857,0.00291,i_R_Al
27,Co,59.0,2.185185185185185,0.1016949152542373,0.0008262,0.00306,i_R_Al
27,Co,59.0,2.185185185185185,0.11016949152542373,0.0008667000000000001,0.00321,i_R_Al
27,Co,59.0,2.185185185185185,0.11864406779661017,0.0009045000000000001,0.00335,i_R_Al
27,Co,59.0,2.185185185185185,0.13559322033898305,0.0009747,0.00361,i_R_Al
27,Co,59.0,2.185185185185185,0.15254237288135594,0.0010395,0.00385,i_R_Al
27,Co,59.0,2.185185185185185,0.1694915254237288,0.0011016,0.00408,i_R_Al
27,Co,59.0,2.185185185185185,0.1864406779661017,0.0011610000000000001,0.0043,i_R_Al
27,Co,59.0,2.185185185185185,0.2033898305084746,0.0012177,0.00451,i_R_Al
27,Co,59.0,2.185185185185185,0.22033898305084745,0.0012717000000000002,0.00471,i_R_Al
27,Co,59.0,2.185185185185185,0.23728813559322035,0.0013257000000000002,0.00491,i_R_Al
27,Co,59.0,2.185185185185185,0.2542372881355932,0.0013769999999999998,0.005099999999999999,i_R_Al
27,Co,59.0,2.185185185185185,0.2711864406779661,0.0014256000000000002,0.00528,i_R_Al
27,Co,59.0,2.185185185185185,0.288135593220339,0.0014769000000000002,0.00547,i_R_Al
27,Co,59.0,2.185185185185185,0.3050847457627119,0.0015228000000000002,0.00564,i_R_Al
27,Co,59.0,2.185185185185185,0.3389830508474576,0.0016173000000000003,0.005990000000000001,i_R_Al
27,Co,59.0,2.185185185185185,0.3813559322033898,0.0017307,0.00641,i_R_Al
27,Co,59.0,2.185185185185185,0.423728813559322,0.0018414000000000004,0.006820000000000001,i_R_Al
27,Co,59.0,2.185185185185185,0.4661016949152542,0.0019494,0.00722,i_R_Al
27,Co,59.0,2.185185185185185,0.5084745762711864,0.0020547,0.00761,i_R_Al
27,Co,59.0,2.185185185185185,0.5508474576271186,0.0021573,0.00799,i_R_Al
27,Co,59.0,2.185185185185185,0.5932203389830508,0.0022572,0.00836,i_R_Al
27,Co,59.0,2.185185185185185,0.635593220338983,0.0023571,0.00873,i_R_Al
27,Co,59.0,2.185185185185185,0.6779661016949152,0.0024543000000000004,0.00909,i_R_Al
27,Co,59.0,2.185185185185185,0.7627118644067796,0.0026433000000000003,0.00979,i_R_Al
27,Co,59.0,2.185185185185185,0.847457627118644,0.0028296000000000003,0.01048,i_R_Al
27,Co,59.0,2.185185185185185,0.9322033898305084,0.0030105,0.01115,i_R_Al
27,Co,59.0,2.185185185185185,1.0169491525423728,0.0031887,0.01181,i_R_Al
27,Co,59.0,2.185185185185185,1.1016949152542372,0.0033615,0.01245,i_R_Al
27,Co,59.0,2.185185185185185,1.1864406779661016,0.0035342999999999998,0.01309,i_R_Al
27,Co,59.0,2.185185185185185,1.3559322033898304,0.0038745000000000003,0.01435,i_R_Al
27,Co,59.0,2.185185185185185,1.5254237288135593,0.0042066000000000004,0.01558,i_R_Al
27,Co,59.0,2.185185185185185,1.694915254237288,0.004536,0.0168,i_R_Al
27,Co,59.0,2.185185185185185,1.8644067796610169,0.004862700000000001,0.01801,i_R_Al
27,Co,59.0,2.185185185185185,2.0338983050847457,0.005186700000000001,0.01921,i_R_Al
27,Co,59.0,2.185185185185185,2.2033898305084745,0.0055107,0.02041,i_R_Al
27,Co,59.0,2.185185185185185,2.3728813559322033,0.0058374,0.02162,i_R_Al
27,Co,59.0,2.185185185185185,2.542372881355932,0.0061641000000000005,0.02283,i_R_Al
27,Co,59.0,2.185185185185185,2.711864406779661,0.006496200000000001,0.02406,i_R_Al
27,Co,59.0,2.185185185185185,2.8813559322033897,0.006831000000000001,0.0253,i_R_Al
27,Co,59.0,2.185185185185185,3.0508474576271185,0.007165800000000002,0.02654,i_R_Al
27,Co,59.0,2.185185185185185,3.389830508474576,0.0078489,0.02907,i_R_Al
27,Co,59.0,2.185185185185185,3.8135593220338984,0.0087264,0.03232,i_R_Al
27,Co,59.0,2.185185185185185,4.237288135593221,0.0096255,0.03565,i_R_Al
27,Co,59.0,2.185185185185185,4.661016949152542,0.010554300000000003,0.03909000000000001,i_R_Al
27,Co,59.0,2.185185185185185,5.084745762711864,0.0115128,0.04264,i_R_Al
27,Co,59.0,2.185185185185185,5.508474576271187,0.012503700000000001,0.04631,i_R_Al
27,Co,59.0,2.185185185185185,5.932203389830509,0.0135216,0.05008,i_R_Al
27,Co,59.0,2.185185185185185,6.3559322033898304,0.014574600000000002,0.05398,i_R_Al
27,Co,59.0,2.185185185185185,6.779661016949152,0.015657300000000002,0.05799,i_R_Al
27,Co,59.0,2.185185185185185,7.627118644067797,0.017919900000000006,0.06637000000000001,i_R_Al
27,Co,59.0,2.185185185185185,8.474576271186441,0.0203148,0.07524,i_R_Al
27,Co,59.0,2.185185185185185,9.322033898305085,0.022836600000000002,0.08458,i_R_Al
27,Co,59.0,2.185185185185185,10.169491525423728,0.025488000000000004,0.09440000000000001,i_R_Al
27,Co,59.0,2.185185185185185,11.016949152542374,0.028266300000000005,0.10469,i_R_Al
27,Co,59.0,2.185185185185185,11.864406779661017,0.031168800000000003,0.11544,i_R_Al
27,Co,59.0,2.185185185185185,13.559322033898304,0.0373329,0.13827,i_R_Al
27,Co,59.0,2.185185185185185,15.254237288135593,0.04396680000000001,0.16284,i_R_Al
27,Co,59.0,2.185185185185185,16.949152542372882,0.05105160000000001,0.18908,i_R_Al
27,Co,59.0,2.185185185185185,18.64406779661017,0.05857650000000001,0.21695,i_R_Al
27,Co,59.0,2.185185185185185,20.338983050847457,0.066528,0.2464,i_R_Al
27,Co,59.0,2.185185185185185,22.033898305084747,0.07489530000000001,0.27739,i_R_Al
27,Co,59.0,2.185185185185185,23.728813559322035,0.08367300000000001,0.3099,i_R_Al
27,Co,59.0,2.185185185185185,25.423728813559322,0.09286380000000001,0.34394,i_R_Al
27,Co,59.0,2.185185185185185,27.11864406779661,0.10246770000000001,0.37951,i_R_Al
27,Co,59.0,2.185185185185185,28.8135593220339,0.11248740000000002,0.41662,i_R_Al
27,Co,59.0,2.185185185185185,30.508474576271187,0.12292829999999999,0.45529,i_R_Al
27,Co,59.0,2.185185185185185,33.898305084745765,0.14503860000000002,0.53718,i_R_Al
27,Co,59.0,2.185185185185185,38.13559322033898,0.17491950000000003,0.64785,i_R_Al
27,Co,59.0,2.185185185185185,42.3728813559322,0.20724660000000003,0.76758,i_R_Al
27,Co,59.0,2.185185185185185,46.610169491525426,0.2419632,0.89616,i_R_Al
27,Co,59.0,2.185185185185185,50.847457627118644,0.2781,1.03,i_R_Al
27,Co,59.0,2.185185185185185,55.08474576271186,0.3186,1.18,i_R_Al
27,Co,59.0,2.185185185185185,59.32203389830509,0.3591000000000001,1.33,i_R_Al
27,Co,59.0,2.185185185185185,63.559322033898304,0.40230000000000005,1.49,i_R_Al
27,Co,59.0,2.185185185185185,67.79661016949153,0.44820000000000004,1.66,i_R_Al
27,Co,59.0,2.185185185185185,76.27118644067797,0.5481,2.03,i_R_Al
27,Co,59.0,2.185185185185185,84.7457627118644,0.6534,2.42,i_R_Al
27,Co,59.0,2.185185185185185,93.22033898305085,0.7668,2.84,i_R_Al
27,Co,59.0,2.185185185185185,101.69491525423729,0.891,3.3,i_R_Al
27,Co,59.0,2.185185185185185,110.16949152542372,1.0206,3.78,i_R_Al
27,Co,59.0,2.185185185185185,118.64406779661017,1.1583,4.29,i_R_Al
27,Co,59.0,2.185185185185185,135.59322033898306,1.4526,5.38,i_R_Al
27,Co,59.0,2.185185185185185,152.54237288135593,1.7739,6.57,i_R_Al
27,Co,59.0,2.185185185185185,169.4915254237288,2.1195,7.85,i_R_Al
27,Co,59.0,2.185185185185185,186.4406779661017,2.4922055717540452,9.230391006496463,i_R_Al
27,Co,59.0,2.185185185185185,203.38983050847457,2.889407421972625,10.70150897026898,i_R_Al
27,Co,59.0,2.185185185185185,220.33898305084745,3.310472499561558,12.2610092576354,i_R_Al
27,Co,59.0,2.185185185185185,237.28813559322035,3.754833053667096,13.90678908765591,i_R_Al
27,Co,59.0,2.185185185185185,254.23728813559322,4.221975580351826,15.63694659389565,i_R_Al
27,Co,59.0,2.185185185185185,271.1864406779661,4.711432272250829,17.44974915648455,i_R_Al
27,Co,59.0,2.185185185185185,288.135593220339,5.222774279462735,19.34360844245457,i_R_Al
27,Co,59.0,2.185185185185185,305.08474576271186,5.755606311514876,21.31706041301806,i_R_Al
27,Co,59.0,2.185185185185185,338.9830508474576,6.884301552857619,25.49741315873192,i_R_Al
27,Co,59.0,2.185185185185185,381.35593220338984,8.41003906633033,31.14829283826048,i_R_Al
27,Co,59.0,2.185185185185185,423.728813559322,10.05927818379446,37.25658586590541,i_R_Al
27,Co,59.0,2.185185185185185,466.10169491525426,11.82816189548316,43.80800702030799,i_R_Al
27,Co,59.0,2.185185185185185,508.47457627118644,13.713306460930932,50.79002392937382,i_R_Al
27,Co,59.0,2.185185185185185,550.8474576271186,15.711707380462945,58.19150881652942,i_R_Al
27,Co,59.0,2.185185185185185,593.2203389830509,17.82067007338702,66.00248175328525,i_R_Al
27,Co,59.0,2.185185185185185,635.5932203389831,20.03775741823358,74.21391636382806,i_R_Al
27,Co,59.0,2.185185185185185,677.9661016949152,22.360749172294394,82.81758952701627,i_R_Al
27,Co,59.0,2.185185185185185,762.7118644067797,27.316463790484214,101.1720881129045,i_R_Al
28,Ni,58.0,2.0714285714285716,0.017241379310344827,0.00019985400000000001,0.0007402,i_R_Al
28,Ni,58.0,2.0714285714285716,0.018965517241379314,0.000219996,0.0008148,i_R_Al
28,Ni,58.0,2.0714285714285716,0.020689655172413793,0.000240165,0.0008895,i_R_Al
28,Ni,58.0,2.0714285714285716,0.022413793103448276,0.00026038799999999996,0.0009643999999999999,i_R_Al
28,Ni,58.0,2.0714285714285716,0.02413793103448276,0.0002808,0.00104,i_R_Al
28,Ni,58.0,2.0714285714285716,0.02586206896551724,0.0002997000000000001,0.00111,i_R_Al
28,Ni,58.0,2.0714285714285716,0.027586206896551727,0.00032130000000000006,0.00119,i_R_Al
28,Ni,58.0,2.0714285714285716,0.029310344827586206,0.00034290000000000004,0.00127,i_R_Al
28,Ni,58.0,2.0714285714285716,0.03103448275862069,0.00036180000000000007,0.00134,i_R_Al
28,Ni,58.0,2.0714285714285716,0.034482758620689655,0.0004023000000000001,0.00149,i_R_Al
28,Ni,58.0,2.0714285714285716,0.03879310344827586,0.0004536,0.00168,i_R_Al
28,Ni,58.0,2.0714285714285716,0.04310344827586207,0.0005049000000000001,0.00187,i_R_Al
28,Ni,58.0,2.0714285714285716,0.04741379310344827,0.0005562000000000001,0.00206,i_R_Al
28,Ni,58.0,2.0714285714285716,0.05172413793103448,0.0006048,0.00224,i_R_Al
28,Ni,58.0,2.0714285714285716,0.05603448275862069,0.0006506999999999999,0.00241,i_R_Al
28,Ni,58.0,2.0714285714285716,0.0603448275862069,0.0006966,0.00258,i_R_Al
28,Ni,58.0,2.0714285714285716,0.06465517241379311,0.0007398,0.00274,i_R_Al
28,Ni,58.0,2.0714285714285716,0.06896551724137931,0.0007830000000000001,0.0029,i_R_Al
28,Ni,58.0,2.0714285714285716,0.07758620689655173,0.0008586000000000002,0.00318,i_R_Al
28,Ni,58.0,2.0714285714285716,0.08620689655172414,0.0009315,0.00345,i_R_Al
28,Ni,58.0,2.0714285714285716,0.09482758620689655,0.0009963,0.00369,i_R_Al
28,Ni,58.0,2.0714285714285716,0.10344827586206896,0.0010557000000000001,0.00391,i_R_Al
28,Ni,58.0,2.0714285714285716,0.11206896551724138,0.0011097000000000004,0.004110000000000001,i_R_Al
28,Ni,58.0,2.0714285714285716,0.1206896551724138,0.0011610000000000001,0.0043,i_R_Al
28,Ni,58.0,2.0714285714285716,0.13793103448275862,0.0012528,0.00464,i_R_Al
28,Ni,58.0,2.0714285714285716,0.15517241379310345,0.0013365000000000002,0.00495,i_R_Al
28,Ni,58.0,2.0714285714285716,0.1724137931034483,0.0014094,0.00522,i_R_Al
28,Ni,58.0,2.0714285714285716,0.1896551724137931,0.0014769000000000002,0.00547,i_R_Al
28,Ni,58.0,2.0714285714285716,0.20689655172413793,0.0015417,0.00571,i_R_Al
28,Ni,58.0,2.0714285714285716,0.22413793103448276,0.0016038000000000003,0.005940000000000001,i_R_Al
28,Ni,58.0,2.0714285714285716,0.2413793103448276,0.0016605,0.00615,i_R_Al
28,Ni,58.0,2.0714285714285716,0.25862068965517243,0.0017145,0.00635,i_R_Al
28,Ni,58.0,2.0714285714285716,0.27586206896551724,0.0017685000000000003,0.00655,i_R_Al
28,Ni,58.0,2.0714285714285716,0.29310344827586204,0.0018198000000000003,0.00674,i_R_Al
28,Ni,58.0,2.0714285714285716,0.3103448275862069,0.0018684000000000003,0.00692,i_R_Al
28,Ni,58.0,2.0714285714285716,0.3448275862068966,0.0019629000000000005,0.00727,i_R_Al
28,Ni,58.0,2.0714285714285716,0.3879310344827586,0.0020763000000000005,0.007690000000000001,i_R_Al
28,Ni,58.0,2.0714285714285716,0.43103448275862066,0.002187,0.0081,i_R_Al
28,Ni,58.0,2.0714285714285716,0.47413793103448276,0.0022896000000000006,0.008480000000000001,i_R_Al
28,Ni,58.0,2.0714285714285716,0.5172413793103449,0.0023922,0.00886,i_R_Al
28,Ni,58.0,2.0714285714285716,0.5603448275862069,0.0024921,0.00923,i_R_Al
28,Ni,58.0,2.0714285714285716,0.603448275862069,0.0025893,0.00959,i_R_Al
28,Ni,58.0,2.0714285714285716,0.646551724137931,0.0026865,0.009949999999999999,i_R_Al
28,Ni,58.0,2.0714285714285716,0.6896551724137931,0.002781,0.0103,i_R_Al
28,Ni,58.0,2.0714285714285716,0.7758620689655172,0.0029646000000000004,0.01098,i_R_Al
28,Ni,58.0,2.0714285714285716,0.8620689655172413,0.0031455000000000003,0.01165,i_R_Al
28,Ni,58.0,2.0714285714285716,0.9482758620689655,0.0033237,0.01231,i_R_Al
28,Ni,58.0,2.0714285714285716,1.0344827586206897,0.0034965000000000005,0.01295,i_R_Al
28,Ni,58.0,2.0714285714285716,1.1206896551724137,0.0036693000000000003,0.01359,i_R_Al
28,Ni,58.0,2.0714285714285716,1.206896551724138,0.0038394000000000006,0.01422,i_R_Al
28,Ni,58.0,2.0714285714285716,1.3793103448275863,0.0041742,0.01546,i_R_Al
28,Ni,58.0,2.0714285714285716,1.5517241379310345,0.004503600000000001,0.01668,i_R_Al
28,Ni,58.0,2.0714285714285716,1.7241379310344827,0.004830300000000001,0.01789,i_R_Al
28,Ni,58.0,2.0714285714285716,1.896551724137931,0.005157,0.0191,i_R_Al
28,Ni,58.0,2.0714285714285716,2.0689655172413794,0.0054783,0.02029,i_R_Al
28,Ni,58.0,2.0714285714285716,2.2413793103448274,0.0058023,0.02149,i_R_Al
28,Ni,58.0,2.0714285714285716,2.413793103448276,0.0061262999999999995,0.02269,i_R_Al
28,Ni,58.0,2.0714285714285716,2.586206896551724,0.006453,0.0239,i_R_Al
28,Ni,58.0,2.0714285714285716,2.7586206896551726,0.006782400000000001,0.02512,i_R_Al
28,Ni,58.0,2.0714285714285716,2.9310344827586206,0.0071118,0.02634,i_R_Al
28,Ni,58.0,2.0714285714285716,3.103448275862069,0.0074466,0.02758,i_R_Al
28,Ni,58.0,2.0714285714285716,3.4482758620689653,0.0081216,0.03008,i_R_Al
28,Ni,58.0,2.0714285714285716,3.8793103448275863,0.0089802,0.03326,i_R_Al
28,Ni,58.0,2.0714285714285716,4.310344827586207,0.009863100000000001,0.03653,i_R_Al
28,Ni,58.0,2.0714285714285716,4.741379310344827,0.010767600000000004,0.03988000000000001,i_R_Al
28,Ni,58.0,2.0714285714285716,5.172413793103448,0.0116991,0.04333,i_R_Al
28,Ni,58.0,2.0714285714285716,5.603448275862069,0.012654899999999997,0.04686999999999999,i_R_Al
28,Ni,58.0,2.0714285714285716,6.0344827586206895,0.013637699999999999,0.05051,i_R_Al
28,Ni,58.0,2.0714285714285716,6.4655172413793105,0.0146448,0.05424,i_R_Al
28,Ni,58.0,2.0714285714285716,6.896551724137931,0.0156843,0.05809,i_R_Al
28,Ni,58.0,2.0714285714285716,7.758620689655173,0.017841600000000003,0.06608,i_R_Al
28,Ni,58.0,2.0714285714285716,8.620689655172415,0.020112300000000003,0.07449,i_R_Al
28,Ni,58.0,2.0714285714285716,9.482758620689655,0.0224991,0.08333,i_R_Al
28,Ni,58.0,2.0714285714285716,10.344827586206897,0.024999300000000002,0.09259,i_R_Al
28,Ni,58.0,2.0714285714285716,11.206896551724139,0.0276156,0.10228,i_R_Al
28,Ni,58.0,2.0714285714285716,12.068965517241379,0.030342600000000004,0.11238,i_R_Al
28,Ni,58.0,2.0714285714285716,13.793103448275861,0.0361341,0.13383,i_R_Al
28,Ni,58.0,2.0714285714285716,15.517241379310345,0.0423657,0.15691,i_R_Al
28,Ni,58.0,2.0714285714285716,17.24137931034483,0.049026600000000004,0.18158,i_R_Al
28,Ni,58.0,2.0714285714285716,18.96551724137931,0.0561114,0.20782,i_R_Al
28,Ni,58.0,2.0714285714285716,20.689655172413794,0.0636039,0.23557,i_R_Al
28,Ni,58.0,2.0714285714285716,22.413793103448278,0.0714987,0.26481,i_R_Al
28,Ni,58.0,2.0714285714285716,24.137931034482758,0.07979040000000001,0.29552,i_R_Al
28,Ni,58.0,2.0714285714285716,25.862068965517242,0.08846820000000001,0.32766,i_R_Al
28,Ni,58.0,2.0714285714285716,27.586206896551722,0.0975267,0.36121,i_R_Al
28,Ni,58.0,2.0714285714285716,29.310344827586206,0.10696320000000001,0.39616,i_R_Al
28,Ni,58.0,2.0714285714285716,31.03448275862069,0.11677770000000001,0.43251,i_R_Al
28,Ni,58.0,2.0714285714285716,34.48275862068966,0.13753260000000003,0.50938,i_R_Al
28,Ni,58.0,2.0714285714285716,38.793103448275865,0.1655694,0.61322,i_R_Al
28,Ni,58.0,2.0714285714285716,43.10344827586207,0.1958904,0.7255199999999999,i_R_Al
28,Ni,58.0,2.0714285714285716,47.41379310344828,0.22843619999999998,0.8460599999999999,i_R_Al
28,Ni,58.0,2.0714285714285716,51.724137931034484,0.2631555,0.97465,i_R_Al
28,Ni,58.0,2.0714285714285716,56.03448275862069,0.2997,1.11,i_R_Al
28,Ni,58.0,2.0714285714285716,60.3448275862069,0.3402,1.26,i_R_Al
28,Ni,58.0,2.0714285714285716,64.65517241379311,0.3807,1.41,i_R_Al
28,Ni,58.0,2.0714285714285716,68.96551724137932,0.42390000000000005,1.57,i_R_Al
28,Ni,58.0,2.0714285714285716,77.58620689655173,0.5157,1.91,i_R_Al
28,Ni,58.0,2.0714285714285716,86.20689655172414,0.6129,2.27,i_R_Al
28,Ni,58.0,2.0714285714285716,94.82758620689656,0.7209000000000001,2.67,i_R_Al
28,Ni,58.0,2.0714285714285716,103.44827586206897,0.8343,3.09,i_R_Al
28,Ni,58.0,2.0714285714285716,112.06896551724138,0.9558000000000002,3.54,i_R_Al
28,Ni,58.0,2.0714285714285716,120.6896551724138,1.0827,4.01,i_R_Al
28,Ni,58.0,2.0714285714285716,137.93103448275863,1.3581,5.03,i_R_Al
28,Ni,58.0,2.0714285714285716,155.17241379310346,1.6578,6.14,i_R_Al
28,Ni,58.0,2.0714285714285716,172.41379310344828,1.9818000000000002,7.34,i_R_Al
28,Ni,58.0,2.0714285714285716,189.6551724137931,2.328667894744142,8.624695906459786,i_R_Al
28,Ni,58.0,2.0714285714285716,206.89655172413794,2.6980880862869254,9.992918838099724,i_R_Al
28,Ni,58.0,2.0714285714285716,224.13793103448276,3.0894637575386588,11.44245836125429,i_R_Al
28,Ni,58.0,2.0714285714285716,241.3793103448276,3.502259982413066,12.97133326819654,i_R_Al
28,Ni,58.0,2.0714285714285716,258.62068965517244,3.9359932191271993,14.57775266343407,i_R_Al
28,Ni,58.0,2.0714285714285716,275.86206896551727,4.390223187362355,16.26008587911983,i_R_Al
28,Ni,58.0,2.0714285714285716,293.1034482758621,4.864546469501081,18.01683877592993,i_R_Al
28,Ni,58.0,2.0714285714285716,310.3448275862069,5.358591387745107,19.84663476942632,i_R_Al
28,Ni,58.0,2.0714285714285716,344.82758620689657,6.404493902085136,23.7203477855005,i_R_Al
28,Ni,58.0,2.0714285714285716,387.9310344827586,7.817157443241136,28.95243497496717,i_R_Al
28,Ni,58.0,2.0714285714285716,431.0344827586207,9.34292868296957,34.60343956655396,i_R_Al
28,Ni,58.0,2.0714285714285716,474.13793103448273,10.978190567623107,40.65996506527077,i_R_Al
28,Ni,58.0,2.0714285714285716,517.2413793103449,12.71977221240724,47.11026745336014,i_R_Al
28,Ni,58.0,2.0714285714285716,560.3448275862069,14.564860003685013,53.94392593957412,i_R_Al
28,Ni,58.0,2.0714285714285716,603.448275862069,16.51093210460366,61.15160038742097,i_R_Al
28,Ni,58.0,2.0714285714285716,646.551724137931,18.555708922674956,68.72484786175909,i_R_Al
28,Ni,58.0,2.0714285714285716,689.6551724137931,20.697114815746197,76.65598079905998,i_R_Al
28,Ni,58.0,2.0714285714285716,775.8620689655172,25.262356028296214,93.56428158628226,i_R_Al
