mt,product_index,incident_energy_mev,emitted_energy_mev,pdf_per_mev
5,1,0.25,0.0,6.915890999999999
5,1,0.25,0.1445945,0.0
5,1,30.0,0.0,4.01478e-05
5,1,30.0,0.1445945,4.71667e-05
5,1,30.0,0.2409909,0.0005998399999999999
5,1,30.0,0.3373873,0.004555581
5,1,30.0,0.4337836,0.015276729999999999
5,1,30.0,0.53018,0.02509254
5,1,30.0,0.6265764,0.03420988
5,1,30.0,0.7229728000000001,0.04125438
5,1,30.0,0.8193691,0.047149569999999995
5,1,30.0,0.9157654000000001,0.052941840000000004
5,1,30.0,1.012162,0.057626979999999994
5,1,30.0,1.108558,0.061563299999999994
5,1,30.0,1.204954,0.06616704
5,1,30.0,1.301351,0.07110645
5,1,30.0,1.397747,0.07615761
5,1,30.0,1.494144,0.08124278
5,1,30.0,1.59054,0.08685674
5,1,30.0,1.686936,0.09193274
5,1,30.0,1.783333,0.09698762000000001
5,1,30.0,1.879729,0.1022442
5,1,30.0,2.024324,0.11158069999999999
5,1,30.0,2.217116,0.1199038
5,1,30.0,2.409909,0.12634489999999998
5,1,30.0,2.602702,0.12922329999999999
5,1,30.0,2.795494,0.1298525
5,1,30.0,2.988288,0.1290337
5,1,30.0,3.181081,0.1270582
5,1,30.0,3.373874,0.12355450000000001
5,1,30.0,3.566666,0.11985670000000001
5,1,30.0,3.759459,0.1139455
5,1,30.0,4.096846,0.103647
5,1,30.0,4.578828,0.09107594
5,1,30.0,5.060809,0.07956204
5,1,30.0,5.542791,0.07076657
5,1,30.0,6.024772,0.06351206999999999
5,1,30.0,6.506754,0.057210340000000005
5,1,30.0,6.988736,0.05175331
5,1,30.0,7.470718,0.04694811
5,1,30.0,7.9527,0.04270748
5,1,30.0,8.434682,0.03897169
5,1,30.0,8.916663,0.03562029
5,1,30.0,9.398645,0.03269078
5,1,30.0,9.880628,0.03016498
5,1,30.0,10.36261,0.02797334
5,1,30.0,10.84459,0.02608468
5,1,30.0,11.32657,0.024446899999999997
5,1,30.0,11.80856,0.023091280000000002
5,1,30.0,12.29054,0.02199
5,1,30.0,12.77252,0.02103512
5,1,30.0,13.2545,0.02023879
5,1,30.0,13.73648,0.019606079999999998
5,1,30.0,14.21846,0.0190648
5,1,30.0,14.70044,0.01856919
5,1,30.0,15.18243,0.01818476
5,1,30.0,15.66441,0.01787964
5,1,30.0,16.14639,0.01756141
5,1,30.0,16.62837,0.01719414
5,1,30.0,17.11035,0.016736650000000002
5,1,30.0,17.59234,0.01671619
5,1,30.0,18.07432,0.02097183
5,1,30.0,18.5563,0.01838549
5,1,30.0,19.03828,0.01757541
5,1,30.0,19.76126,0.01627219
5,1,30.0,20.48423,0.01318512
5,1,30.0,20.96621,0.01028478
5,1,30.0,21.44819,0.0063166210000000006
5,1,30.0,21.93017,0.001833854
5,1,30.0,22.41216,0.001469896
5,1,30.0,22.89414,0.001219186
5,1,30.0,23.37612,0.00233256
5,1,30.0,23.8581,0.007644286000000001
5,1,30.0,24.34008,0.02698224
5,1,30.0,24.82206,0.04708125
5,1,30.0,25.30404,0.03623074
5,1,30.0,25.78603,0.016284330000000003
5,1,30.0,26.26801,0.003346782
5,1,30.0,26.74999,0.00024232800000000001
5,1,30.0,27.23197,1.61561e-05
5,1,30.0,27.71395,2.16648e-06
5,1,30.0,27.8765,0.0
5,1,35.0,0.0,5.59008e-06
5,1,35.0,0.1445945,1.2710999999999999e-05
5,1,35.0,0.2409909,0.000202639
5,1,35.0,0.3373873,0.004546344999999999
5,1,35.0,0.4337836,0.011188980000000001
5,1,35.0,0.53018,0.02081335
5,1,35.0,0.6265764,0.02830968
5,1,35.0,0.7229728000000001,0.035114349999999996
5,1,35.0,0.8193691,0.04019009
5,1,35.0,0.9157654000000001,0.0459471
5,1,35.0,1.012162,0.05043545
5,1,35.0,1.108558,0.054414489999999996
5,1,35.0,1.204954,0.05870661
5,1,35.0,1.301351,0.06338298
5,1,35.0,1.397747,0.06824153999999999
5,1,35.0,1.494144,0.07333831
5,1,35.0,1.59054,0.07897093999999999
5,1,35.0,1.686936,0.08436527
5,1,35.0,1.783333,0.08968178
5,1,35.0,1.879729,0.09524611
5,1,35.0,2.024324,0.10459479999999999
5,1,35.0,2.217116,0.1126776
5,1,35.0,2.409909,0.1191126
5,1,35.0,2.602702,0.12281740000000001
5,1,35.0,2.795494,0.12370659999999999
5,1,35.0,2.988288,0.12354659999999999
5,1,35.0,3.181081,0.1219603
5,1,35.0,3.373874,0.1189606
5,1,35.0,3.566666,0.115539
5,1,35.0,3.759459,0.110138
5,1,35.0,4.096846,0.09947332
5,1,35.0,4.578828,0.08739327
5,1,35.0,5.060809,0.07581233999999999
5,1,35.0,5.542791,0.06682123
5,1,35.0,6.024772,0.059426
5,1,35.0,6.506754,0.053187700000000004
5,1,35.0,6.988736,0.0478511
5,1,35.0,7.470718,0.043257989999999996
5,1,35.0,7.9527,0.039332149999999996
5,1,35.0,8.434682,0.03590603
5,1,35.0,8.916663,0.03295402
5,1,35.0,9.398645,0.030398510000000004
5,1,35.0,9.880628,0.02819166
5,1,35.0,10.36261,0.02632356
5,1,35.0,10.84459,0.024708479999999998
5,1,35.0,11.32657,0.02335322
5,1,35.0,11.80856,0.02220695
5,1,35.0,12.29054,0.02121205
5,1,35.0,12.77252,0.02038571
5,1,35.0,13.2545,0.01967201
5,1,35.0,13.73648,0.018977789999999998
5,1,35.0,14.21846,0.01834612
5,1,35.0,14.70044,0.01777731
5,1,35.0,15.18243,0.017253229999999998
5,1,35.0,15.66441,0.0167654
5,1,35.0,16.14639,0.01630166
5,1,35.0,16.62837,0.01588167
5,1,35.0,17.11035,0.015493940000000001
5,1,35.0,17.59234,0.015151749999999999
5,1,35.0,18.07432,0.014837069999999999
5,1,35.0,18.5563,0.01458514
5,1,35.0,19.03828,0.014410880000000001
5,1,35.0,19.76126,0.01430144
5,1,35.0,20.72522,0.01428108
5,1,35.0,21.68918,0.01398341
5,1,35.0,22.65314,0.01739655
5,1,35.0,23.61711,0.015096830000000002
5,1,35.0,24.58107,0.012407679999999999
5,1,35.0,25.30404,0.01007754
5,1,35.0,25.78603,0.008110322
5,1,35.0,26.26801,0.005153896
5,1,35.0,26.74999,0.001582127
5,1,35.0,27.23197,0.00123178
5,1,35.0,27.71395,0.001416751
5,1,35.0,28.19594,0.003189381
5,1,35.0,28.67792,0.011766430000000001
5,1,35.0,29.1599,0.03284888
5,1,35.0,29.64188,0.04095604
5,1,35.0,30.12386,0.02573772
5,1,35.0,30.60584,0.009254068
5,1,35.0,31.08783,0.001361887
5,1,35.0,31.56981,7.86235e-05
5,1,35.0,32.05179,6.63418e-06
5,1,35.0,32.52258,0.0
5,1,40.0,0.0,1.0058099999999999e-07
5,1,40.0,0.1445945,6.49272e-05
5,1,40.0,0.2409909,0.00046111000000000004
5,1,40.0,0.3373873,0.002191783
5,1,40.0,0.4337836,0.01114732
5,1,40.0,0.53018,0.01776707
5,1,40.0,0.6265764,0.02322679
5,1,40.0,0.7229728000000001,0.0296134
5,1,40.0,0.8193691,0.03453505
5,1,40.0,0.9157654000000001,0.03870783
5,1,40.0,1.012162,0.0422631
5,1,40.0,1.108558,0.04593166
5,1,40.0,1.204954,0.05012077
5,1,40.0,1.301351,0.054142230000000006
5,1,40.0,1.397747,0.05845153
5,1,40.0,1.494144,0.06305368
5,1,40.0,1.59054,0.06814008
5,1,40.0,1.686936,0.07338552999999999
5,1,40.0,1.783333,0.07836119999999999
5,1,40.0,1.879729,0.08388989000000001
5,1,40.0,2.024324,0.09337627
5,1,40.0,2.217116,0.10194729999999999
5,1,40.0,2.409909,0.1102498
5,1,40.0,2.602702,0.1140095
5,1,40.0,2.795494,0.1161085
5,1,40.0,2.988288,0.1166514
5,1,40.0,3.181081,0.1158619
5,1,40.0,3.373874,0.1134449
5,1,40.0,3.566666,0.1111088
5,1,40.0,3.759459,0.1068993
5,1,40.0,4.096846,0.09690314
5,1,40.0,4.578828,0.08534240000000001
5,1,40.0,5.060809,0.07462003
5,1,40.0,5.542791,0.06573246999999999
5,1,40.0,6.024772,0.05845948
5,1,40.0,6.506754,0.052053810000000006
5,1,40.0,6.988736,0.04662955
5,1,40.0,7.470718,0.041889590000000004
5,1,40.0,7.9527,0.03784225
5,1,40.0,8.434682,0.034360680000000005
5,1,40.0,8.916663,0.031344699999999996
5,1,40.0,9.398645,0.02880195
5,1,40.0,9.880628,0.0266033
5,1,40.0,10.36261,0.02479073
5,1,40.0,10.84459,0.02327645
5,1,40.0,11.32657,0.021996750000000002
5,1,40.0,11.80856,0.02098973
5,1,40.0,12.29054,0.02014115
5,1,40.0,12.77252,0.019464830000000002
5,1,40.0,13.2545,0.018895620000000002
5,1,40.0,13.73648,0.018387109999999998
5,1,40.0,14.21846,0.01791983
5,1,40.0,14.70044,0.017514730000000003
5,1,40.0,15.18243,0.01713692
5,1,40.0,15.66441,0.01678835
5,1,40.0,16.14639,0.01645935
5,1,40.0,16.62837,0.01613139
5,1,40.0,17.11035,0.01581421
5,1,40.0,17.59234,0.015497390000000002
5,1,40.0,18.07432,0.015152070000000002
5,1,40.0,18.5563,0.01476451
5,1,40.0,19.03828,0.0143736
5,1,40.0,19.76126,0.01362826
5,1,40.0,20.72522,0.01291517
5,1,40.0,21.68918,0.012302200000000001
5,1,40.0,22.65314,0.01184249
5,1,40.0,23.61711,0.011667799999999999
5,1,40.0,24.58107,0.01179808
5,1,40.0,25.54504,0.01194743
5,1,40.0,26.509,0.0120886
5,1,40.0,27.47296,0.01500367
5,1,40.0,28.43693,0.01356477
5,1,40.0,29.40089,0.009478635
5,1,40.0,30.12386,0.007875456999999999
5,1,40.0,30.60584,0.006725628
5,1,40.0,31.08783,0.004291418
5,1,40.0,31.56981,0.00135373
5,1,40.0,32.05179,0.001137247
5,1,40.0,32.53377,0.001719455
5,1,40.0,33.01575,0.004850091
5,1,40.0,33.49774,0.017408950000000003
5,1,40.0,33.97972,0.036158510000000005
5,1,40.0,34.4617,0.033773569999999996
5,1,40.0,34.94368,0.01768358
5,1,40.0,35.42566,0.004840763
5,1,40.0,35.90765,0.000507767
5,1,40.0,36.38962,2.72291e-05
5,1,40.0,36.87161,2.92646e-06
5,1,40.0,37.16866,0.0
5,1,45.0,0.0,2.0203799999999998e-05
5,1,45.0,0.1445945,2.66315e-05
5,1,45.0,0.2409909,9.06334e-05
5,1,45.0,0.3373873,0.004361768
5,1,45.0,0.4337836,0.01039912
5,1,45.0,0.53018,0.01525362
5,1,45.0,0.6265764,0.021013300000000002
5,1,45.0,0.7229728000000001,0.02705316
5,1,45.0,0.8193691,0.03146762
5,1,45.0,0.9157654000000001,0.03505737
5,1,45.0,1.012162,0.03855466
5,1,45.0,1.108558,0.04143238
5,1,45.0,1.204954,0.044876740000000005
5,1,45.0,1.301351,0.048678589999999994
5,1,45.0,1.397747,0.05271363
5,1,45.0,1.494144,0.057041360000000006
5,1,45.0,1.59054,0.06190437
5,1,45.0,1.686936,0.06695552
5,1,45.0,1.783333,0.07178893
5,1,45.0,1.879729,0.07719158000000001
5,1,45.0,2.024324,0.08646303
5,1,45.0,2.217116,0.09525859
5,1,45.0,2.409909,0.10367159999999999
5,1,45.0,2.602702,0.1077901
5,1,45.0,2.795494,0.1106881
5,1,45.0,2.988288,0.1112313
5,1,45.0,3.181081,0.1110112
5,1,45.0,3.373874,0.1092419
5,1,45.0,3.566666,0.10709629999999999
5,1,45.0,3.759459,0.1035682
5,1,45.0,4.096846,0.09404908
5,1,45.0,4.578828,0.08323907
5,1,45.0,5.060809,0.07298319
5,1,45.0,5.542791,0.06454572
5,1,45.0,6.024772,0.05748847
5,1,45.0,6.506754,0.05112408
5,1,45.0,6.988736,0.04568089
5,1,45.0,7.470718,0.04103001
5,1,45.0,7.9527,0.03692587
5,1,45.0,8.434682,0.0333595
5,1,45.0,8.916663,0.030259400000000002
5,1,45.0,9.398645,0.02761682
5,1,45.0,9.880628,0.02535395
5,1,45.0,10.36261,0.02349714
5,1,45.0,10.84459,0.02189795
5,1,45.0,11.32657,0.02057339
5,1,45.0,11.80856,0.01950141
5,1,45.0,12.29054,0.01862009
5,1,45.0,12.77252,0.017923500000000002
5,1,45.0,13.2545,0.01734024
5,1,45.0,13.73648,0.01685623
5,1,45.0,14.21846,0.016464
5,1,45.0,14.70044,0.01611833
5,1,45.0,15.18243,0.015851
5,1,45.0,15.66441,0.01562643
5,1,45.0,16.14639,0.015420799999999998
5,1,45.0,16.62837,0.015262850000000001
5,1,45.0,17.11035,0.01511662
5,1,45.0,17.59234,0.01498541
5,1,45.0,18.07432,0.01485011
5,1,45.0,18.5563,0.014658299999999999
5,1,45.0,19.03828,0.014454459999999999
5,1,45.0,19.76126,0.01407573
5,1,45.0,20.72522,0.01363854
5,1,45.0,21.68918,0.01316641
5,1,45.0,22.65314,0.012599929999999999
5,1,45.0,23.61711,0.01194157
5,1,45.0,24.58107,0.011278469999999999
5,1,45.0,25.54504,0.010649829999999999
5,1,45.0,26.509,0.01013285
5,1,45.0,27.47296,0.009775777
5,1,45.0,28.43693,0.009731481
5,1,45.0,29.40089,0.009955335
5,1,45.0,30.36485,0.01012954
5,1,45.0,31.32882,0.01125315
5,1,45.0,32.29278,0.0121772
5,1,45.0,33.25674,0.012291990000000001
5,1,45.0,34.22071,0.0070132729999999996
5,1,45.0,34.94368,0.0061383159999999996
5,1,45.0,35.42566,0.005592977
5,1,45.0,35.90765,0.0035319039999999998
5,1,45.0,36.38962,0.001133187
5,1,45.0,36.87161,0.001161624
5,1,45.0,37.35359,0.002209131
5,1,45.0,37.83557,0.007478545
5,1,45.0,38.31756,0.02302107
5,1,45.0,38.79954,0.03493698
5,1,45.0,39.28152,0.02572948
5,1,45.0,39.7635,0.011048939999999998
5,1,45.0,40.24548,0.002211647
5,1,45.0,40.72746,0.00016931999999999998
5,1,45.0,41.20944,1.04871e-05
5,1,45.0,41.69142,1.25286e-06
5,1,45.0,41.81475,0.0
5,1,50.0,0.0,6.8838e-06
5,1,50.0,0.1445945,1.16205e-05
5,1,50.0,0.2409909,0.000229664
5,1,50.0,0.3373873,0.002163703
5,1,50.0,0.4337836,0.00992771
5,1,50.0,0.53018,0.015210809999999998
5,1,50.0,0.6265764,0.01960935
5,1,50.0,0.7229728000000001,0.02421638
5,1,50.0,0.8193691,0.02867524
5,1,50.0,0.9157654000000001,0.03215523
5,1,50.0,1.012162,0.035044099999999995
5,1,50.0,1.108558,0.037960640000000004
5,1,50.0,1.204954,0.04136355
5,1,50.0,1.301351,0.04492657
5,1,50.0,1.397747,0.04888528
5,1,50.0,1.494144,0.05332734
5,1,50.0,1.59054,0.05799778
5,1,50.0,1.686936,0.06290635
5,1,50.0,1.783333,0.06766529
5,1,50.0,1.879729,0.07307187999999999
5,1,50.0,2.024324,0.08221055000000001
5,1,50.0,2.217116,0.09059964
5,1,50.0,2.409909,0.0991674
5,1,50.0,2.602702,0.1033513
5,1,50.0,2.795494,0.1062395
5,1,50.0,2.988288,0.1077083
5,1,50.0,3.181081,0.10744150000000001
5,1,50.0,3.373874,0.1061668
5,1,50.0,3.566666,0.10417720000000001
5,1,50.0,3.759459,0.1011314
5,1,50.0,4.096846,0.09171106
5,1,50.0,4.578828,0.08150186000000001
5,1,50.0,5.060809,0.0715133
5,1,50.0,5.542791,0.06340361
5,1,50.0,6.024772,0.056194320000000006
5,1,50.0,6.506754,0.05014342
5,1,50.0,6.988736,0.044761659999999995
5,1,50.0,7.470718,0.04014759
5,1,50.0,7.9527,0.036058059999999996
5,1,50.0,8.434682,0.03249447
5,1,50.0,8.916663,0.029418660000000003
5,1,50.0,9.398645,0.02676793
5,1,50.0,9.880628,0.02452583
5,1,50.0,10.36261,0.02259181
5,1,50.0,10.84459,0.02097227
5,1,50.0,11.32657,0.01962858
5,1,50.0,11.80856,0.01849954
5,1,50.0,12.29054,0.01757444
5,1,50.0,12.77252,0.01681879
5,1,50.0,13.2545,0.0161548
5,1,50.0,13.73648,0.015632740000000003
5,1,50.0,14.21846,0.015159470000000001
5,1,50.0,14.70044,0.01478091
5,1,50.0,15.18243,0.01445943
5,1,50.0,15.66441,0.014160939999999999
5,1,50.0,16.14639,0.01392232
5,1,50.0,16.62837,0.01371946
5,1,50.0,17.11035,0.01353942
5,1,50.0,17.59234,0.01339903
5,1,50.0,18.07432,0.01326078
5,1,50.0,18.5563,0.01312066
5,1,50.0,19.03828,0.01298759
5,1,50.0,19.76126,0.012827719999999999
5,1,50.0,20.72522,0.01271935
5,1,50.0,21.68918,0.01265063
5,1,50.0,22.65314,0.01255233
5,1,50.0,23.61711,0.01235366
5,1,50.0,24.58107,0.01209376
5,1,50.0,25.54504,0.011762719999999999
5,1,50.0,26.509,0.011355500000000001
5,1,50.0,27.47296,0.01080696
5,1,50.0,28.43693,0.01018895
5,1,50.0,29.40089,0.009558715
5,1,50.0,30.36485,0.008974049000000001
5,1,50.0,31.32882,0.008519007
5,1,50.0,32.29278,0.008266305
5,1,50.0,33.25674,0.008355133
5,1,50.0,34.22071,0.008683175
5,1,50.0,35.18467,0.008894275
5,1,50.0,36.14864,0.011070690000000001
5,1,50.0,37.1126,0.01002191
5,1,50.0,38.07656,0.009585097
5,1,50.0,38.79954,0.008083465
5,1,50.0,39.28152,0.006640039
5,1,50.0,39.7635,0.005512751000000001
5,1,50.0,40.24548,0.004474252
5,1,50.0,40.72746,0.003631948
5,1,50.0,41.20944,0.002628505
5,1,50.0,41.69142,0.002111271
5,1,50.0,42.17341,0.00309102
5,1,50.0,42.65539,0.01109146
5,1,50.0,43.13737,0.02682792
5,1,50.0,43.61936,0.03019512
5,1,50.0,44.10134,0.01818314
5,1,50.0,44.58332,0.00615731
5,1,50.0,45.0653,0.0008800430000000001
5,1,50.0,45.54728,5.3360400000000005e-05
5,1,50.0,46.02926,4.25468e-06
5,1,50.0,46.46083,0.0
5,1,55.0,0.0,9.31116e-06
5,1,55.0,0.1445945,3.65448e-05
5,1,55.0,0.2409909,7.89243e-05
5,1,55.0,0.3373873,0.003523376
5,1,55.0,0.4337836,0.009000644
5,1,55.0,0.53018,0.015253189999999998
5,1,55.0,0.6265764,0.019367699999999998
5,1,55.0,0.7229728000000001,0.023015209999999998
5,1,55.0,0.8193691,0.02693377
5,1,55.0,0.9157654000000001,0.030135140000000005
5,1,55.0,1.012162,0.033498940000000005
5,1,55.0,1.108558,0.03630093
5,1,55.0,1.204954,0.03980317
5,1,55.0,1.301351,0.04325405
5,1,55.0,1.397747,0.04675159
5,1,55.0,1.494144,0.050856689999999996
5,1,55.0,1.59054,0.05552642
5,1,55.0,1.686936,0.06017572
5,1,55.0,1.783333,0.06475862
5,1,55.0,1.879729,0.06996726
5,1,55.0,2.024324,0.07884258
5,1,55.0,2.217116,0.0873616
5,1,55.0,2.409909,0.09635146
5,1,55.0,2.602702,0.1008621
5,1,55.0,2.795494,0.10341579999999999
5,1,55.0,2.988288,0.1048125
5,1,55.0,3.181081,0.105073
5,1,55.0,3.373874,0.10355779999999999
5,1,55.0,3.566666,0.1017966
5,1,55.0,3.759459,0.09894069
5,1,55.0,4.096846,0.08998747
5,1,55.0,4.578828,0.07972275
5,1,55.0,5.060809,0.07023911
5,1,55.0,5.542791,0.062027080000000005
5,1,55.0,6.024772,0.05509842
5,1,55.0,6.506754,0.04912158
5,1,55.0,6.988736,0.043687369999999996
5,1,55.0,7.470718,0.03907522
5,1,55.0,7.9527,0.035065120000000005
5,1,55.0,8.434682,0.03149961
5,1,55.0,8.916663,0.02842741
5,1,55.0,9.398645,0.02579913
5,1,55.0,9.880628,0.02354724
5,1,55.0,10.36261,0.02168376
5,1,55.0,10.84459,0.02009377
5,1,55.0,11.32657,0.01874205
5,1,55.0,11.80856,0.017651240000000002
5,1,55.0,12.29054,0.01675284
5,1,55.0,12.77252,0.01599791
5,1,55.0,13.2545,0.015353080000000002
5,1,55.0,13.73648,0.01482434
5,1,55.0,14.21846,0.01436278
5,1,55.0,14.70044,0.01397211
5,1,55.0,15.18243,0.013631589999999999
5,1,55.0,15.66441,0.0133095
5,1,55.0,16.14639,0.013034239999999999
5,1,55.0,16.62837,0.01278808
5,1,55.0,17.11035,0.01255052
5,1,55.0,17.59234,0.012326970000000001
5,1,55.0,18.07432,0.01212976
5,1,55.0,18.5563,0.011933299999999999
5,1,55.0,19.03828,0.01173354
5,1,55.0,19.76126,0.011445239999999999
5,1,55.0,20.72522,0.01119938
5,1,55.0,21.68918,0.01102202
5,1,55.0,22.65314,0.01090547
5,1,55.0,23.61711,0.01079538
5,1,55.0,24.58107,0.01075314
5,1,55.0,25.54504,0.01075453
5,1,55.0,26.509,0.010777819999999999
5,1,55.0,27.47296,0.01072512
5,1,55.0,28.43693,0.0105852
5,1,55.0,29.40089,0.010376729999999999
5,1,55.0,30.36485,0.01008209
5,1,55.0,31.32882,0.009708423
5,1,55.0,32.29278,0.009180986
5,1,55.0,33.25674,0.008615928
5,1,55.0,34.22071,0.008056107
5,1,55.0,35.18467,0.007584878999999999
5,1,55.0,36.14864,0.007325089
5,1,55.0,37.1126,0.007456170000000001
5,1,55.0,38.07656,0.008104958
5,1,55.0,39.52251,0.009816493
5,1,55.0,41.45044,0.01168165
5,1,55.0,42.65539,0.01009121
5,1,55.0,43.13737,0.008500908
5,1,55.0,43.61936,0.006919850999999999
5,1,55.0,44.10134,0.0054650490000000005
5,1,55.0,44.58332,0.00462692
5,1,55.0,45.0653,0.003624728
5,1,55.0,45.54728,0.002285333
5,1,55.0,46.02926,0.0009894609999999999
5,1,55.0,46.51124,0.001597063
5,1,55.0,46.99322,0.004644189
5,1,55.0,47.47521,0.015208029999999999
5,1,55.0,47.95719,0.0275362
5,1,55.0,48.43917,0.02382957
5,1,55.0,48.92116,0.01184482
5,1,55.0,49.40314,0.0030239859999999998
5,1,55.0,49.88512,0.000306714
5,1,55.0,50.3671,1.72396e-05
5,1,55.0,50.84908,1.8391799999999998e-06
5,1,55.0,51.10691,0.0
5,1,60.0,0.0,5.04578e-07
5,1,60.0,0.1445945,1.01832e-05
5,1,60.0,0.2409909,0.002619093
5,1,60.0,0.3373873,0.0047860640000000005
5,1,60.0,0.4337836,0.006962692
5,1,60.0,0.53018,0.01046955
5,1,60.0,0.6265764,0.014871569999999999
5,1,60.0,0.7229728000000001,0.02045359
5,1,60.0,0.8193691,0.02554845
5,1,60.0,0.9157654000000001,0.02895684
5,1,60.0,1.012162,0.03201877
5,1,60.0,1.108558,0.03448176
5,1,60.0,1.204954,0.03754887
5,1,60.0,1.301351,0.04066957
5,1,60.0,1.397747,0.04443343
5,1,60.0,1.494144,0.0484942
5,1,60.0,1.59054,0.0530272
5,1,60.0,1.686936,0.05773549
5,1,60.0,1.783333,0.06238273
5,1,60.0,1.879729,0.06772104999999999
5,1,60.0,2.024324,0.07646725
5,1,60.0,2.217116,0.08505874000000001
5,1,60.0,2.409909,0.093903
5,1,60.0,2.602702,0.09881861
5,1,60.0,2.795494,0.1020022
5,1,60.0,2.988288,0.1037009
5,1,60.0,3.181081,0.1040244
5,1,60.0,3.373874,0.1033434
5,1,60.0,3.566666,0.1014578
5,1,60.0,3.759459,0.09900025
5,1,60.0,4.096846,0.09013625
5,1,60.0,4.578828,0.08010403
5,1,60.0,5.060809,0.07071150000000001
5,1,60.0,5.542791,0.06257115
5,1,60.0,6.024772,0.05557037
5,1,60.0,6.506754,0.04940368
5,1,60.0,6.988736,0.04396482
5,1,60.0,7.470718,0.03919003
5,1,60.0,7.9527,0.03497412
5,1,60.0,8.434682,0.03132144
5,1,60.0,8.916663,0.028131859999999998
5,1,60.0,9.398645,0.02536444
5,1,60.0,9.880628,0.02303751
5,1,60.0,10.36261,0.02105415
5,1,60.0,10.84459,0.01935929
5,1,60.0,11.32657,0.01796328
5,1,60.0,11.80856,0.0168201
5,1,60.0,12.29054,0.01587245
5,1,60.0,12.77252,0.015065829999999999
5,1,60.0,13.2545,0.0144088
5,1,60.0,13.73648,0.0138673
5,1,60.0,14.21846,0.0134147
5,1,60.0,14.70044,0.01304085
5,1,60.0,15.18243,0.01272337
5,1,60.0,15.66441,0.01245203
5,1,60.0,16.14639,0.01221435
5,1,60.0,16.62837,0.01200248
5,1,60.0,17.11035,0.01181446
5,1,60.0,17.59234,0.01163966
5,1,60.0,18.07432,0.011460070000000001
5,1,60.0,18.5563,0.01128987
5,1,60.0,19.03828,0.01110353
5,1,60.0,19.76126,0.01081031
5,1,60.0,20.72522,0.010493579999999999
5,1,60.0,21.68918,0.01021103
5,1,60.0,22.65314,0.00995152
5,1,60.0,23.61711,0.009704875
5,1,60.0,24.58107,0.00950634
5,1,60.0,25.54504,0.009364209
5,1,60.0,26.509,0.009273828000000001
5,1,60.0,27.47296,0.009210405999999999
5,1,60.0,28.43693,0.009174507
5,1,60.0,29.40089,0.009190325
5,1,60.0,30.36485,0.009244829
5,1,60.0,31.32882,0.009307271
5,1,60.0,32.29278,0.009260791
5,1,60.0,33.25674,0.009156111
5,1,60.0,34.22071,0.008973989
5,1,60.0,35.18467,0.008705752
5,1,60.0,36.14864,0.008332614
5,1,60.0,37.1126,0.007848075999999999
5,1,60.0,38.07656,0.00733047
5,1,60.0,39.52251,0.006435828
5,1,60.0,41.45044,0.006561452999999999
5,1,60.0,43.37836,0.008325923
5,1,60.0,45.30629,0.0101807
5,1,60.0,47.23422,0.0075602560000000004
5,1,60.0,48.43917,0.006315068
5,1,60.0,48.92116,0.005268277
5,1,60.0,49.40314,0.004396402
5,1,60.0,49.88512,0.0032353530000000003
5,1,60.0,50.3671,0.002538729
5,1,60.0,50.84908,0.00209079
5,1,60.0,51.33106,0.002551812
5,1,60.0,51.81304,0.006769341
5,1,60.0,52.29503,0.018622430000000002
5,1,60.0,52.77701,0.02509523
5,1,60.0,53.25899,0.017356780000000002
5,1,60.0,53.74097,0.00696452
5,1,60.0,54.22295,0.001290874
5,1,60.0,54.70494,9.63623e-05
5,1,60.0,55.18692,6.40379e-06
5,1,60.0,55.6689,6.38342e-07
5,1,60.0,55.753,0.0
5,1,70.0,0.0,2.4699500000000003e-05
5,1,70.0,0.1445945,0.000664562
5,1,70.0,0.2409909,0.0027831239999999997
5,1,70.0,0.3373873,0.0039783380000000005
5,1,70.0,0.4337836,0.005756369
5,1,70.0,0.53018,0.008143364
5,1,70.0,0.6265764,0.01355834
5,1,70.0,0.7229728000000001,0.01894582
5,1,70.0,0.8193691,0.02299575
5,1,70.0,0.9157654000000001,0.026816800000000002
5,1,70.0,1.012162,0.029252120000000003
5,1,70.0,1.108558,0.0318523
5,1,70.0,1.204954,0.03398175
5,1,70.0,1.301351,0.03727702
5,1,70.0,1.397747,0.04096304
5,1,70.0,1.494144,0.045098990000000005
5,1,70.0,1.59054,0.04924711
5,1,70.0,1.686936,0.05359358
5,1,70.0,1.783333,0.058159140000000005
5,1,70.0,1.879729,0.06322006999999999
5,1,70.0,2.024324,0.07214365
5,1,70.0,2.217116,0.08061426
5,1,70.0,2.409909,0.08918685999999999
5,1,70.0,2.602702,0.09546119
5,1,70.0,2.795494,0.0992243
5,1,70.0,2.988288,0.1015253
5,1,70.0,3.181081,0.1022571
5,1,70.0,3.373874,0.1023148
5,1,70.0,3.566666,0.1012028
5,1,70.0,3.759459,0.09874324
5,1,70.0,4.096846,0.09046821
5,1,70.0,4.578828,0.08062742
5,1,70.0,5.060809,0.07158173999999999
5,1,70.0,5.542791,0.06353522
5,1,70.0,6.024772,0.05646645
5,1,70.0,6.506754,0.0501877
5,1,70.0,6.988736,0.04456246
5,1,70.0,7.470718,0.03965998
5,1,70.0,7.9527,0.035326210000000004
5,1,70.0,8.434682,0.03148827
5,1,70.0,8.916663,0.02813452
5,1,70.0,9.398645,0.02523014
5,1,70.0,9.880628,0.02272698
5,1,70.0,10.36261,0.02059393
5,1,70.0,10.84459,0.01882057
5,1,70.0,11.32657,0.0173022
5,1,70.0,11.80856,0.0160272
5,1,70.0,12.29054,0.014976709999999999
5,1,70.0,12.77252,0.01408216
5,1,70.0,13.2545,0.01334428
5,1,70.0,13.73648,0.01271395
5,1,70.0,14.21846,0.01217837
5,1,70.0,14.70044,0.01171964
5,1,70.0,15.18243,0.011321840000000001
5,1,70.0,15.66441,0.01097587
5,1,70.0,16.14639,0.01068553
5,1,70.0,16.62837,0.01041619
5,1,70.0,17.11035,0.01017604
5,1,70.0,17.59234,0.009973103
5,1,70.0,18.07432,0.009774386999999999
5,1,70.0,18.5563,0.009594314999999999
5,1,70.0,19.03828,0.009425525
5,1,70.0,19.76126,0.009177842
5,1,70.0,20.72522,0.008977349
5,1,70.0,21.68918,0.008822656
5,1,70.0,22.65314,0.008725255000000001
5,1,70.0,23.61711,0.008660727
5,1,70.0,24.58107,0.008625413
5,1,70.0,25.54504,0.008596241000000001
5,1,70.0,26.509,0.008544704
5,1,70.0,27.47296,0.008448649999999999
5,1,70.0,28.43693,0.008308803
5,1,70.0,29.40089,0.008121587000000001
5,1,70.0,30.36485,0.007914642
5,1,70.0,31.32882,0.007708517
5,1,70.0,32.29278,0.007497523000000001
5,1,70.0,33.25674,0.007316525
5,1,70.0,34.22071,0.007192376
5,1,70.0,35.18467,0.007135121
5,1,70.0,36.14864,0.007139965999999999
5,1,70.0,37.1126,0.007177093999999999
5,1,70.0,38.07656,0.007279857
5,1,70.0,39.52251,0.007679404
5,1,70.0,41.45044,0.007913163
5,1,70.0,43.37836,0.007746047000000001
5,1,70.0,45.30629,0.007024832999999999
5,1,70.0,47.23422,0.005954302
5,1,70.0,49.16214,0.005052102
5,1,70.0,51.09007,0.005309134
5,1,70.0,53.018,0.0067587770000000005
5,1,70.0,54.94593,0.008378094
5,1,70.0,56.87386,0.004865789
5,1,70.0,58.07881,0.003874369
5,1,70.0,58.56079,0.003054156
5,1,70.0,59.04277,0.0020745159999999998
5,1,70.0,59.52475,0.000882755
5,1,70.0,60.00674,0.000852979
5,1,70.0,60.48872,0.0013921369999999999
5,1,70.0,60.9707,0.004175547
5,1,70.0,61.45268,0.012544320000000001
5,1,70.0,61.93466,0.020082480000000003
5,1,70.0,62.41664,0.01599579
5,1,70.0,62.89863,0.007412579
5,1,70.0,63.38061,0.001715684
5,1,70.0,63.86259,0.000160957
5,1,70.0,64.34457,9.44077e-06
5,1,70.0,64.82655,1.03624e-06
5,1,70.0,65.04516,0.0
5,1,80.0,0.0,1.5100900000000001e-05
5,1,80.0,0.1445945,0.000168489
5,1,80.0,0.2409909,0.000625931
5,1,80.0,0.3373873,0.001841386
5,1,80.0,0.4337836,0.003039238
5,1,80.0,0.53018,0.006871916
5,1,80.0,0.6265764,0.01339209
5,1,80.0,0.7229728000000001,0.0174865
5,1,80.0,0.8193691,0.022146080000000002
5,1,80.0,0.9157654000000001,0.024826
5,1,80.0,1.012162,0.0276197
5,1,80.0,1.108558,0.02988916
5,1,80.0,1.204954,0.03193909
5,1,80.0,1.301351,0.035397319999999996
5,1,80.0,1.397747,0.03903573
5,1,80.0,1.494144,0.04297289
5,1,80.0,1.59054,0.0472461
5,1,80.0,1.686936,0.05153158
5,1,80.0,1.783333,0.05584483
5,1,80.0,1.879729,0.06087553999999999
5,1,80.0,2.024324,0.06921869000000001
5,1,80.0,2.217116,0.07808678999999999
5,1,80.0,2.409909,0.08660525
5,1,80.0,2.602702,0.09316524
5,1,80.0,2.795494,0.09765973
5,1,80.0,2.988288,0.1003425
5,1,80.0,3.181081,0.10139659999999999
5,1,80.0,3.373874,0.1017338
5,1,80.0,3.566666,0.1008362
5,1,80.0,3.759459,0.0986237
5,1,80.0,4.096846,0.0906663
5,1,80.0,4.578828,0.08129747
5,1,80.0,5.060809,0.07249889000000001
5,1,80.0,5.542791,0.06440480999999999
5,1,80.0,6.024772,0.05734356
5,1,80.0,6.506754,0.05102144
5,1,80.0,6.988736,0.04538507
5,1,80.0,7.470718,0.040333440000000005
5,1,80.0,7.9527,0.035824129999999996
5,1,80.0,8.434682,0.0319186
5,1,80.0,8.916663,0.02844342
5,1,80.0,9.398645,0.02539538
5,1,80.0,9.880628,0.02282007
5,1,80.0,10.36261,0.02058426
5,1,80.0,10.84459,0.01870407
5,1,80.0,11.32657,0.01712261
5,1,80.0,11.80856,0.0157871
5,1,80.0,12.29054,0.0146436
5,1,80.0,12.77252,0.0136992
5,1,80.0,13.2545,0.01290438
5,1,80.0,13.73648,0.01222531
5,1,80.0,14.21846,0.01163778
5,1,80.0,14.70044,0.01115061
5,1,80.0,15.18243,0.01073922
5,1,80.0,15.66441,0.01036519
5,1,80.0,16.14639,0.01003739
5,1,80.0,16.62837,0.009759899
5,1,80.0,17.11035,0.009516719
5,1,80.0,17.59234,0.009284851
5,1,80.0,18.07432,0.009070122
5,1,80.0,18.5563,0.008886428
5,1,80.0,19.03828,0.008700916999999999
5,1,80.0,19.76126,0.008415045000000001
5,1,80.0,20.72522,0.008169197
5,1,80.0,21.68918,0.007935355
5,1,80.0,22.65314,0.007745048
5,1,80.0,23.61711,0.007557454
5,1,80.0,24.58107,0.007403548
5,1,80.0,25.54504,0.007246461
5,1,80.0,26.509,0.007117857
5,1,80.0,27.47296,0.00699916
5,1,80.0,28.43693,0.006898798
5,1,80.0,29.40089,0.006823994
5,1,80.0,30.36485,0.006775664
5,1,80.0,31.32882,0.006764169
5,1,80.0,32.29278,0.006779111
5,1,80.0,33.25674,0.006820446
5,1,80.0,34.22071,0.006864399
5,1,80.0,35.18467,0.006894104
5,1,80.0,36.14864,0.006885540999999999
5,1,80.0,37.1126,0.0068138619999999995
5,1,80.0,38.07656,0.0066811249999999996
5,1,80.0,39.52251,0.006345617
5,1,80.0,41.45044,0.0059675629999999995
5,1,80.0,43.37836,0.0057461000000000005
5,1,80.0,45.30629,0.005730513
5,1,80.0,47.23422,0.005951325
5,1,80.0,49.16214,0.006314641
5,1,80.0,51.09007,0.006500148000000001
5,1,80.0,53.018,0.006299592
5,1,80.0,54.94593,0.005582269
5,1,80.0,56.87386,0.004651818
5,1,80.0,58.80178,0.003970219
5,1,80.0,60.72971,0.004429828
5,1,80.0,62.65764,0.005607463
5,1,80.0,64.58556,0.006746586000000001
5,1,80.0,66.51349,0.003021606
5,1,80.0,67.71845,0.0026173420000000004
5,1,80.0,68.20042,0.00207254
5,1,80.0,68.68241,0.0013363709999999998
5,1,80.0,69.16439,0.000603594
5,1,80.0,69.64637,0.000920143
5,1,80.0,70.12836,0.002567358
5,1,80.0,70.61034,0.008289716
5,1,80.0,71.09231,0.01553775
5,1,80.0,71.5743,0.01430561
5,1,80.0,72.05628,0.007528045000000001
5,1,80.0,72.53826,0.0021141420000000003
5,1,80.0,73.02025,0.00024891000000000003
5,1,80.0,73.50222,1.4626600000000002e-05
5,1,80.0,73.98421,1.34828e-06
5,1,80.0,74.33733,0.0
5,1,100.0,0.0,0.000277257
5,1,100.0,0.1445945,0.000614326
5,1,100.0,0.2409909,0.000810401
5,1,100.0,0.3373873,0.0012838819999999999
5,1,100.0,0.4337836,0.002859276
5,1,100.0,0.53018,0.008588124
5,1,100.0,0.6265764,0.01135478
5,1,100.0,0.7229728000000001,0.01453224
5,1,100.0,0.8193691,0.01827042
5,1,100.0,0.9157654000000001,0.02182724
5,1,100.0,1.012162,0.02448889
5,1,100.0,1.108558,0.02740113
5,1,100.0,1.204954,0.03064073
5,1,100.0,1.301351,0.03276781
5,1,100.0,1.397747,0.03568255
5,1,100.0,1.494144,0.03916874
5,1,100.0,1.59054,0.04280914
5,1,100.0,1.686936,0.04671191
5,1,100.0,1.783333,0.05101762
5,1,100.0,1.879729,0.05642366
5,1,100.0,2.024324,0.06492336
5,1,100.0,2.217116,0.07345837
5,1,100.0,2.409909,0.08154542
5,1,100.0,2.602702,0.08819075
5,1,100.0,2.795494,0.09346797999999999
5,1,100.0,2.988288,0.0971442
5,1,100.0,3.181081,0.09916725
5,1,100.0,3.373874,0.09986152000000001
5,1,100.0,3.566666,0.09960277
5,1,100.0,3.759459,0.09792165
5,1,100.0,4.096846,0.09078604
5,1,100.0,4.578828,0.08186225
5,1,100.0,5.060809,0.07342357999999999
5,1,100.0,5.542791,0.06551851
5,1,100.0,6.024772,0.05871255
5,1,100.0,6.506754,0.05220696
5,1,100.0,6.988736,0.046561439999999996
5,1,100.0,7.470718,0.04151427
5,1,100.0,7.9527,0.0370281
5,1,100.0,8.434682,0.03286418
5,1,100.0,8.916663,0.02919683
5,1,100.0,9.398645,0.02604565
5,1,100.0,9.880628,0.0232762
5,1,100.0,10.36261,0.02090951
5,1,100.0,10.84459,0.01891067
5,1,100.0,11.32657,0.01718155
5,1,100.0,11.80856,0.01572039
5,1,100.0,12.29054,0.01450367
5,1,100.0,12.77252,0.01343036
5,1,100.0,13.2545,0.012557170000000001
5,1,100.0,13.73648,0.01179585
5,1,100.0,14.21846,0.0111319
5,1,100.0,14.70044,0.01059804
5,1,100.0,15.18243,0.01010485
5,1,100.0,15.66441,0.009708642
5,1,100.0,16.14639,0.009339908
5,1,100.0,16.62837,0.009022398999999999
5,1,100.0,17.11035,0.008749502999999999
5,1,100.0,17.59234,0.008491649
5,1,100.0,18.07432,0.008283381
5,1,100.0,18.5563,0.008073108
5,1,100.0,19.03828,0.00787182
5,1,100.0,19.76126,0.007595162
5,1,100.0,20.72522,0.00733491
5,1,100.0,21.68918,0.00712126
5,1,100.0,22.65314,0.006935416
5,1,100.0,23.61711,0.006763433
5,1,100.0,24.58107,0.006615776
5,1,100.0,25.54504,0.006470607
5,1,100.0,26.509,0.006341606
5,1,100.0,27.47296,0.006219858
5,1,100.0,28.43693,0.006103082
5,1,100.0,29.40089,0.005994361
5,1,100.0,30.36485,0.005892484
5,1,100.0,31.32882,0.005786084
5,1,100.0,32.29278,0.005680679
5,1,100.0,33.25674,0.005584123
5,1,100.0,34.22071,0.005493003
5,1,100.0,35.18467,0.0054056289999999995
5,1,100.0,36.14864,0.005311375
5,1,100.0,37.1126,0.005225432
5,1,100.0,38.07656,0.005136255
5,1,100.0,39.52251,0.004990286
5,1,100.0,41.45044,0.004847645
5,1,100.0,43.37836,0.004723504
5,1,100.0,45.30629,0.004615386
5,1,100.0,47.23422,0.004576125
5,1,100.0,49.16214,0.004641766
5,1,100.0,51.09007,0.004837284
5,1,100.0,53.018,0.005051496
5,1,100.0,54.94593,0.005087651
5,1,100.0,56.87386,0.004871096
5,1,100.0,58.80178,0.004493896000000001
5,1,100.0,60.72971,0.004167206
5,1,100.0,62.65764,0.003993316
5,1,100.0,64.58556,0.004012467
5,1,100.0,66.51349,0.004189179
5,1,100.0,68.44142,0.00438311
5,1,100.0,70.36934,0.004409828
5,1,100.0,72.29727,0.004093569
5,1,100.0,74.2252,0.003532697
5,1,100.0,76.15313,0.002884929
5,1,100.0,78.08106,0.002646333
5,1,100.0,80.00898,0.003235905
5,1,100.0,81.9369,0.0042745230000000006
5,1,100.0,83.86484,0.003510353
5,1,100.0,85.06979,0.002926718
5,1,100.0,85.55178,0.002363239
5,1,100.0,86.03375,0.001887347
5,1,100.0,86.51573,0.0014548439999999998
5,1,100.0,86.99772,0.0012092259999999999
5,1,100.0,87.4797,0.0008951110000000001
5,1,100.0,87.96168,0.0007074350000000001
5,1,100.0,88.44366,0.0009964470000000001
5,1,100.0,88.92564,0.00339316
5,1,100.0,89.40762,0.008385086
5,1,100.0,89.88961,0.01036469
5,1,100.0,90.37159,0.006882368
5,1,100.0,90.85357,0.0026384259999999997
5,1,100.0,91.33556,0.000471983
5,1,100.0,91.81754,3.58123e-05
5,1,100.0,92.29951,2.2933200000000003e-06
5,1,100.0,92.7815,2.33621e-07
5,1,100.0,92.92166,0.0
5,1,120.0,0.0,0.001274448
5,1,120.0,0.1445945,0.003413039
5,1,120.0,0.2409909,0.004597461000000001
5,1,120.0,0.3373873,0.0059898899999999995
5,1,120.0,0.4337836,0.008175027000000001
5,1,120.0,0.53018,0.01064424
5,1,120.0,0.6265764,0.012326700000000001
5,1,120.0,0.7229728000000001,0.01442851
5,1,120.0,0.8193691,0.016290930000000002
5,1,120.0,0.9157654000000001,0.01813166
5,1,120.0,1.012162,0.02026572
5,1,120.0,1.108558,0.02331594
5,1,120.0,1.204954,0.026487399999999998
5,1,120.0,1.301351,0.02976867
5,1,120.0,1.397747,0.03334796
5,1,120.0,1.494144,0.03682205
5,1,120.0,1.59054,0.04045574
5,1,120.0,1.686936,0.044275800000000004
5,1,120.0,1.783333,0.04825771
5,1,120.0,1.879729,0.05277013
5,1,120.0,2.024324,0.060263840000000006
5,1,120.0,2.217116,0.0687852
5,1,120.0,2.409909,0.07655889
5,1,120.0,2.602702,0.08329238
5,1,120.0,2.795494,0.08869395000000001
5,1,120.0,2.988288,0.09301574
5,1,120.0,3.181081,0.09553041999999999
5,1,120.0,3.373874,0.09729673
5,1,120.0,3.566666,0.09762029
5,1,120.0,3.759459,0.09674756000000001
5,1,120.0,4.096846,0.09038765
5,1,120.0,4.578828,0.08255138
5,1,120.0,5.060809,0.07420214
5,1,120.0,5.542791,0.06676638
5,1,120.0,6.024772,0.05973006
5,1,120.0,6.506754,0.05365847
5,1,120.0,6.988736,0.04784408
5,1,120.0,7.470718,0.04291751
5,1,120.0,7.9527,0.038236059999999995
5,1,120.0,8.434682,0.03410352
5,1,120.0,8.916663,0.03018607
5,1,120.0,9.398645,0.02694525
5,1,120.0,9.880628,0.02402184
5,1,120.0,10.36261,0.02161451
5,1,120.0,10.84459,0.01947498
5,1,120.0,11.32657,0.017647859999999998
5,1,120.0,11.80856,0.01606465
5,1,120.0,12.29054,0.01475927
5,1,120.0,12.77252,0.01358665
5,1,120.0,13.2545,0.01263293
5,1,120.0,13.73648,0.011777069999999999
5,1,120.0,14.21846,0.01107681
5,1,120.0,14.70044,0.01043378
5,1,120.0,15.18243,0.009913692
5,1,120.0,15.66441,0.009437468999999999
5,1,120.0,16.14639,0.009034291
5,1,120.0,16.62837,0.008669755000000001
5,1,120.0,17.11035,0.008361289999999999
5,1,120.0,17.59234,0.00808931
5,1,120.0,18.07432,0.007832156
5,1,120.0,18.5563,0.007621121
5,1,120.0,19.03828,0.007389613000000001
5,1,120.0,19.76126,0.007083165999999999
5,1,120.0,20.72522,0.006811455
5,1,120.0,21.68918,0.006584713999999999
5,1,120.0,22.65314,0.006392146
5,1,120.0,23.61711,0.006222418
5,1,120.0,24.58107,0.0060727080000000004
5,1,120.0,25.54504,0.005946724
5,1,120.0,26.509,0.005825983
5,1,120.0,27.47296,0.005713682
5,1,120.0,28.43693,0.005605373
5,1,120.0,29.40089,0.00550245
5,1,120.0,30.36485,0.005412415
5,1,120.0,31.32882,0.0053203
5,1,120.0,32.29278,0.005231309
5,1,120.0,33.25674,0.0051450509999999994
5,1,120.0,34.22071,0.00506128
5,1,120.0,35.18467,0.004979798
5,1,120.0,36.14864,0.00489901
5,1,120.0,37.1126,0.004816942
5,1,120.0,38.07656,0.0047301389999999995
5,1,120.0,39.52251,0.004600344
5,1,120.0,41.45044,0.00446195
5,1,120.0,43.37836,0.00432975
5,1,120.0,45.30629,0.0042036849999999995
5,1,120.0,47.23422,0.004080042
5,1,120.0,49.16214,0.003968948
5,1,120.0,51.09007,0.0038602629999999996
5,1,120.0,53.018,0.0037571389999999996
5,1,120.0,54.94593,0.003659501
5,1,120.0,56.87386,0.003567626
5,1,120.0,58.80178,0.003479434
5,1,120.0,60.72971,0.003404582
5,1,120.0,62.65764,0.003338573
5,1,120.0,64.58556,0.003297901
5,1,120.0,66.51349,0.003309738
5,1,120.0,68.44142,0.003411449
5,1,120.0,70.36934,0.0035766360000000002
5,1,120.0,72.29727,0.0037110059999999998
5,1,120.0,74.2252,0.003691798
5,1,120.0,76.15313,0.003496087
5,1,120.0,78.08106,0.0032542450000000002
5,1,120.0,80.00898,0.003056982
5,1,120.0,81.9369,0.002989264
5,1,120.0,83.86484,0.003014827
5,1,120.0,85.79276,0.003129435
5,1,120.0,87.72069,0.003189136
5,1,120.0,89.64862,0.0030911220000000004
5,1,120.0,91.57654,0.002770245
5,1,120.0,93.50447,0.002324338
5,1,120.0,95.43239,0.001924791
5,1,120.0,97.36033,0.0019495099999999998
5,1,120.0,99.28826,0.00240252
5,1,120.0,101.2162,0.002916184
5,1,120.0,103.1441,0.0017403870000000001
5,1,120.0,104.3491,0.0013833089999999999
5,1,120.0,104.831,0.0010771210000000001
5,1,120.0,105.313,0.000730642
5,1,120.0,105.795,0.000313963
5,1,120.0,106.277,0.000299892
5,1,120.0,106.759,0.000473397
5,1,120.0,107.241,0.001381821
5,1,120.0,107.7229,0.0040957910000000005
5,1,120.0,108.2049,0.006740275
5,1,120.0,108.6869,0.0056480440000000005
5,1,120.0,109.1689,0.0027535679999999996
5,1,120.0,109.6509,0.000696959
5,1,120.0,110.1328,7.48679e-05
5,1,120.0,110.6148,4.45904e-06
5,1,120.0,111.0968,4.29293e-07
5,1,120.0,111.506,0.0
5,1,140.0,0.0,0.0013656900000000001
5,1,140.0,0.1445945,0.002042212
5,1,140.0,0.2409909,0.00304407
5,1,140.0,0.3373873,0.003886553
5,1,140.0,0.4337836,0.006268765999999999
5,1,140.0,0.53018,0.009673184000000001
5,1,140.0,0.6265764,0.01186214
5,1,140.0,0.7229728000000001,0.01510898
5,1,140.0,0.8193691,0.01745008
5,1,140.0,0.9157654000000001,0.01976065
5,1,140.0,1.012162,0.02250719
5,1,140.0,1.108558,0.02457712
5,1,140.0,1.204954,0.02716756
5,1,140.0,1.301351,0.02984491
5,1,140.0,1.397747,0.03212443
5,1,140.0,1.494144,0.03534694
5,1,140.0,1.59054,0.03826058
5,1,140.0,1.686936,0.04150654
5,1,140.0,1.783333,0.04528347
5,1,140.0,1.879729,0.049794910000000005
5,1,140.0,2.024324,0.05696312
5,1,140.0,2.217116,0.06441422
5,1,140.0,2.409909,0.07198004999999999
5,1,140.0,2.602702,0.07806263
5,1,140.0,2.795494,0.08373566
5,1,140.0,2.988288,0.08838647000000001
5,1,140.0,3.181081,0.09109657
5,1,140.0,3.373874,0.09351457
5,1,140.0,3.566666,0.0942335
5,1,140.0,3.759459,0.09394783
5,1,140.0,4.096846,0.08976241
5,1,140.0,4.578828,0.08304666
5,1,140.0,5.060809,0.07484057000000001
5,1,140.0,5.542791,0.0676872
5,1,140.0,6.024772,0.06123763
5,1,140.0,6.506754,0.054763240000000005
5,1,140.0,6.988736,0.0494995
5,1,140.0,7.470718,0.04438833
5,1,140.0,7.9527,0.03985619
5,1,140.0,8.434682,0.0356605
5,1,140.0,8.916663,0.031736150000000005
5,1,140.0,9.398645,0.0281
5,1,140.0,9.880628,0.02514214
5,1,140.0,10.36261,0.0226003
5,1,140.0,10.84459,0.02025778
5,1,140.0,11.32657,0.01830818
5,1,140.0,11.80856,0.01669871
5,1,140.0,12.29054,0.01526108
5,1,140.0,12.77252,0.01399901
5,1,140.0,13.2545,0.012938429999999999
5,1,140.0,13.73648,0.012036050000000001
5,1,140.0,14.21846,0.0112448
5,1,140.0,14.70044,0.01055442
5,1,140.0,15.18243,0.009952306000000001
5,1,140.0,15.66441,0.00943052
5,1,140.0,16.14639,0.008975253
5,1,140.0,16.62837,0.008568777999999999
5,1,140.0,17.11035,0.008219018
5,1,140.0,17.59234,0.007890623
5,1,140.0,18.07432,0.007617366999999999
5,1,140.0,18.5563,0.007368375
5,1,140.0,19.03828,0.00711145
5,1,140.0,19.76126,0.006764306
5,1,140.0,20.72522,0.006454697
5,1,140.0,21.68918,0.0062083929999999996
5,1,140.0,22.65314,0.0059963379999999995
5,1,140.0,23.61711,0.0058225510000000005
5,1,140.0,24.58107,0.005667082
5,1,140.0,25.54504,0.0055281570000000006
5,1,140.0,26.509,0.005409993
5,1,140.0,27.47296,0.0052968550000000005
5,1,140.0,28.43693,0.005201165
5,1,140.0,29.40089,0.005103863
5,1,140.0,30.36485,0.005008963
5,1,140.0,31.32882,0.004918908
5,1,140.0,32.29278,0.004848458999999999
5,1,140.0,33.25674,0.004770287000000001
5,1,140.0,34.22071,0.004692395
5,1,140.0,35.18467,0.004613726
5,1,140.0,36.14864,0.004534888
5,1,140.0,37.1126,0.004472235
5,1,140.0,38.07656,0.004395741999999999
5,1,140.0,39.52251,0.004277845
5,1,140.0,41.45044,0.004150749
5,1,140.0,43.37836,0.004030914
5,1,140.0,45.30629,0.003918943
5,1,140.0,47.23422,0.0038044209999999997
5,1,140.0,49.16214,0.003697422
5,1,140.0,51.09007,0.003594303
5,1,140.0,53.018,0.003495339
5,1,140.0,54.94593,0.003399748
5,1,140.0,56.87386,0.003309695
5,1,140.0,58.80178,0.0032191570000000003
5,1,140.0,60.72971,0.003134367
5,1,140.0,62.65764,0.003057992
5,1,140.0,64.58556,0.002978096
5,1,140.0,66.51349,0.0029133320000000002
5,1,140.0,68.44142,0.0028460710000000004
5,1,140.0,70.36934,0.002784675
5,1,140.0,72.29727,0.00272903
5,1,140.0,74.2252,0.00267732
5,1,140.0,76.15313,0.0026314050000000003
5,1,140.0,78.08106,0.002585686
5,1,140.0,80.00898,0.0025479079999999998
5,1,140.0,81.9369,0.0025196800000000003
5,1,140.0,83.86484,0.002515607
5,1,140.0,85.79276,0.002553393
5,1,140.0,87.72069,0.002654616
5,1,140.0,89.64862,0.002774721
5,1,140.0,91.57654,0.00283825
5,1,140.0,93.50447,0.002768326
5,1,140.0,95.43239,0.002608105
5,1,140.0,97.36033,0.002430467
5,1,140.0,99.28826,0.0023087600000000004
5,1,140.0,101.2162,0.002257747
5,1,140.0,103.1441,0.002270854
5,1,140.0,105.072,0.002313675
5,1,140.0,107.0,0.002288358
5,1,140.0,108.9279,0.002134468
5,1,140.0,110.8558,0.001856168
5,1,140.0,112.7837,0.001527521
5,1,140.0,114.7117,0.0013254710000000002
5,1,140.0,116.6396,0.00148137
5,1,140.0,118.5675,0.001906774
5,1,140.0,120.4955,0.001791399
5,1,140.0,121.7004,0.001513945
5,1,140.0,122.1824,0.001237811
5,1,140.0,122.6644,0.0009758960000000001
5,1,140.0,123.1464,0.0007537780000000001
5,1,140.0,123.6283,0.000645926
5,1,140.0,124.1103,0.000488361
5,1,140.0,124.5923,0.00031647900000000004
5,1,140.0,125.0743,0.00022162
5,1,140.0,125.5563,0.000576577
5,1,140.0,126.0382,0.001903457
5,1,140.0,126.5202,0.004025671
5,1,140.0,127.0022,0.004277156
5,1,140.0,127.4842,0.0025508980000000002
5,1,140.0,127.9662,0.000855673
5,1,140.0,128.4482,0.000129839
5,1,140.0,128.9301,8.79222e-06
5,1,140.0,129.4121,6.32594e-07
5,1,140.0,129.8941,6.4829e-08
5,1,140.0,130.0903,0.0
5,1,160.0,0.0,0.001078847
5,1,160.0,0.1445945,0.002127603
5,1,160.0,0.2409909,0.003705099
5,1,160.0,0.3373873,0.0056240909999999995
5,1,160.0,0.4337836,0.007740365000000001
5,1,160.0,0.53018,0.009798026999999999
5,1,160.0,0.6265764,0.011800989999999999
5,1,160.0,0.7229728000000001,0.01403682
5,1,160.0,0.8193691,0.0162773
5,1,160.0,0.9157654000000001,0.01828162
5,1,160.0,1.012162,0.02054536
5,1,160.0,1.108558,0.0232664
5,1,160.0,1.204954,0.02576607
5,1,160.0,1.301351,0.02855671
5,1,160.0,1.397747,0.031487600000000004
5,1,160.0,1.494144,0.03453783
5,1,160.0,1.59054,0.037744
5,1,160.0,1.686936,0.04108615
5,1,160.0,1.783333,0.04494449
5,1,160.0,1.879729,0.04891029
5,1,160.0,2.024324,0.05532304
5,1,160.0,2.217116,0.06201292
5,1,160.0,2.409909,0.06838780000000001
5,1,160.0,2.602702,0.07386132
5,1,160.0,2.795494,0.07885338
5,1,160.0,2.988288,0.08320397
5,1,160.0,3.181081,0.08668519999999999
5,1,160.0,3.373874,0.08917832
5,1,160.0,3.566666,0.09042378
5,1,160.0,3.759459,0.09079582
5,1,160.0,4.096846,0.08839775
5,1,160.0,4.578828,0.0821672
5,1,160.0,5.060809,0.07560066
5,1,160.0,5.542791,0.06901256
5,1,160.0,6.024772,0.06207986000000001
5,1,160.0,6.506754,0.056202
5,1,160.0,6.988736,0.05059231
5,1,160.0,7.470718,0.045746180000000004
5,1,160.0,7.9527,0.04158364
5,1,160.0,8.434682,0.037208809999999995
5,1,160.0,8.916663,0.03300973
5,1,160.0,9.398645,0.02963818
5,1,160.0,9.880628,0.02654405
5,1,160.0,10.36261,0.02383741
5,1,160.0,10.84459,0.02131638
5,1,160.0,11.32657,0.01913966
5,1,160.0,11.80856,0.017403520000000002
5,1,160.0,12.29054,0.01596773
5,1,160.0,12.77252,0.01455642
5,1,160.0,13.2545,0.01343519
5,1,160.0,13.73648,0.012429210000000001
5,1,160.0,14.21846,0.01158027
5,1,160.0,14.70044,0.010826790000000001
5,1,160.0,15.18243,0.01014671
5,1,160.0,15.66441,0.009586334
5,1,160.0,16.14639,0.009075059000000002
5,1,160.0,16.62837,0.008610762000000001
5,1,160.0,17.11035,0.008202504
5,1,160.0,17.59234,0.007863701
5,1,160.0,18.07432,0.0075410009999999994
5,1,160.0,18.5563,0.007247267999999999
5,1,160.0,19.03828,0.006971668
5,1,160.0,19.76126,0.006573059
5,1,160.0,20.72522,0.006218145
5,1,160.0,21.68918,0.005938374
5,1,160.0,22.65314,0.005704794
5,1,160.0,23.61711,0.005501642
5,1,160.0,24.58107,0.005335917
5,1,160.0,25.54504,0.005192947
5,1,160.0,26.509,0.00506064
5,1,160.0,27.47296,0.004940802
5,1,160.0,28.43693,0.0048465900000000004
5,1,160.0,29.40089,0.004748449
5,1,160.0,30.36485,0.004654826
5,1,160.0,31.32882,0.004573789
5,1,160.0,32.29278,0.004499108
5,1,160.0,33.25674,0.004419948
5,1,160.0,34.22071,0.004351758
5,1,160.0,35.18467,0.004286191
5,1,160.0,36.14864,0.004214564
5,1,160.0,37.1126,0.004141113
5,1,160.0,38.07656,0.00408268
5,1,160.0,39.52251,0.0039755649999999995
5,1,160.0,41.45044,0.00385592
5,1,160.0,43.37836,0.0037528419999999997
5,1,160.0,45.30629,0.003646762
5,1,160.0,47.23422,0.003544084
5,1,160.0,49.16214,0.003451633
5,1,160.0,51.09007,0.003357695
5,1,160.0,53.018,0.0032673629999999997
5,1,160.0,54.94593,0.0031782499999999997
5,1,160.0,56.87386,0.003090462
5,1,160.0,58.80178,0.003012382
5,1,160.0,60.72971,0.0029343679999999997
5,1,160.0,62.65764,0.002857654
5,1,160.0,64.58556,0.002784271
5,1,160.0,66.51349,0.002720252
5,1,160.0,68.44142,0.0026538499999999997
5,1,160.0,70.36934,0.002592399
5,1,160.0,72.29727,0.002537647
5,1,160.0,74.2252,0.0024776119999999997
5,1,160.0,76.15313,0.00242855
5,1,160.0,78.08106,0.002377203
5,1,160.0,80.00898,0.002329862
5,1,160.0,81.9369,0.002288417
5,1,160.0,83.86484,0.0022427130000000003
5,1,160.0,85.79276,0.002205945
5,1,160.0,87.72069,0.002168419
5,1,160.0,89.64862,0.002133028
5,1,160.0,91.57654,0.0021031
5,1,160.0,93.50447,0.002073888
5,1,160.0,95.43239,0.002046525
5,1,160.0,97.36033,0.0020215769999999997
5,1,160.0,99.28826,0.002003163
5,1,160.0,101.2162,0.001991872
5,1,160.0,103.1441,0.002002982
5,1,160.0,105.072,0.002052753
5,1,160.0,107.0,0.0021342460000000002
5,1,160.0,108.9279,0.0022129520000000002
5,1,160.0,110.8558,0.002216783
5,1,160.0,112.7837,0.00213081
5,1,160.0,114.7117,0.001995733
5,1,160.0,116.6396,0.0018582079999999999
5,1,160.0,118.5675,0.001766895
5,1,160.0,120.4955,0.001725104
5,1,160.0,122.4234,0.00172084
5,1,160.0,124.3513,0.0017180610000000001
5,1,160.0,126.2792,0.001651783
5,1,160.0,128.2072,0.001490841
5,1,160.0,130.1351,0.001265029
5,1,160.0,132.063,0.001042586
5,1,160.0,133.991,0.0009815470000000001
5,1,160.0,135.9189,0.0011534569999999999
5,1,160.0,137.8468,0.001360417
5,1,160.0,139.7747,0.000994771
5,1,160.0,140.9797,0.000835501
5,1,160.0,141.4617,0.000698357
5,1,160.0,141.9436,0.000577551
5,1,160.0,142.4256,0.000429331
5,1,160.0,142.9076,0.00033992299999999995
5,1,160.0,143.3896,0.000278847
5,1,160.0,143.8716,0.000341106
5,1,160.0,144.3536,0.0008772399999999999
5,1,160.0,144.8355,0.0022836469999999998
5,1,160.0,145.3175,0.003075874
5,1,160.0,145.7995,0.002211354
5,1,160.0,146.2815,0.000926974
5,1,160.0,146.7635,0.000190667
5,1,160.0,147.2454,1.67483e-05
5,1,160.0,147.7274,1.04124e-06
5,1,160.0,148.2094,9.231309999999999e-08
5,1,160.0,148.6747,0.0
5,1,200.0,0.0,0.002135448
5,1,200.0,0.1445945,0.004092200000000001
5,1,200.0,0.2409909,0.006232912
5,1,200.0,0.3373873,0.008235816
5,1,200.0,0.4337836,0.01100785
5,1,200.0,0.53018,0.01338199
5,1,200.0,0.6265764,0.015561589999999998
5,1,200.0,0.7229728000000001,0.0180932
5,1,200.0,0.8193691,0.01986553
5,1,200.0,0.9157654000000001,0.02219111
5,1,200.0,1.012162,0.02423655
5,1,200.0,1.108558,0.02662763
5,1,200.0,1.204954,0.029019939999999998
5,1,200.0,1.301351,0.03167196
5,1,200.0,1.397747,0.03413451
5,1,200.0,1.494144,0.03678209
5,1,200.0,1.59054,0.03868936
5,1,200.0,1.686936,0.041768219999999995
5,1,200.0,1.783333,0.04498179
5,1,200.0,1.879729,0.04825847
5,1,200.0,2.024324,0.053455579999999996
5,1,200.0,2.217116,0.05907233
5,1,200.0,2.409909,0.0642956
5,1,200.0,2.602702,0.06892484
5,1,200.0,2.795494,0.07319156
5,1,200.0,2.988288,0.07661491000000001
5,1,200.0,3.181081,0.07934347
5,1,200.0,3.373874,0.08216955
5,1,200.0,3.566666,0.08378796
5,1,200.0,3.759459,0.08435473
5,1,200.0,4.096846,0.08353977
5,1,200.0,4.578828,0.07903126
5,1,200.0,5.060809,0.07431180999999999
5,1,200.0,5.542791,0.06848524
5,1,200.0,6.024772,0.062443439999999996
5,1,200.0,6.506754,0.057356670000000005
5,1,200.0,6.988736,0.05241792
5,1,200.0,7.470718,0.04750557
5,1,200.0,7.9527,0.04301376
5,1,200.0,8.434682,0.03899116
5,1,200.0,8.916663,0.03485565
5,1,200.0,9.398645,0.031226660000000003
5,1,200.0,9.880628,0.02829995
5,1,200.0,10.36261,0.0255827
5,1,200.0,10.84459,0.02320139
5,1,200.0,11.32657,0.02098684
5,1,200.0,11.80856,0.0188134
5,1,200.0,12.29054,0.01720893
5,1,200.0,12.77252,0.01588631
5,1,200.0,13.2545,0.01463722
5,1,200.0,13.73648,0.01351666
5,1,200.0,14.21846,0.01252252
5,1,200.0,14.70044,0.011581949999999999
5,1,200.0,15.18243,0.010860419999999999
5,1,200.0,15.66441,0.01021532
5,1,200.0,16.14639,0.009640125999999999
5,1,200.0,16.62837,0.009060397999999999
5,1,200.0,17.11035,0.008565932
5,1,200.0,17.59234,0.008119613
5,1,200.0,18.07432,0.007734037
5,1,200.0,18.5563,0.0073831059999999995
5,1,200.0,19.03828,0.007035838
5,1,200.0,19.76126,0.006508343
5,1,200.0,20.72522,0.006049313
5,1,200.0,21.68918,0.005694114
5,1,200.0,22.65314,0.005378187
5,1,200.0,23.61711,0.005121683
5,1,200.0,24.58107,0.004903654
5,1,200.0,25.54504,0.004719567
5,1,200.0,26.509,0.0045553519999999995
5,1,200.0,27.47296,0.004421267
5,1,200.0,28.43693,0.0042999299999999996
5,1,200.0,29.40089,0.004182155
5,1,200.0,30.36485,0.004092823
5,1,200.0,31.32882,0.003998995
5,1,200.0,32.29278,0.003923284
5,1,200.0,33.25674,0.0038423419999999995
5,1,200.0,34.22071,0.003783045
5,1,200.0,35.18467,0.003710463
5,1,200.0,36.14864,0.003655267
5,1,200.0,37.1126,0.003590955
5,1,200.0,38.07656,0.0035186559999999998
5,1,200.0,39.52251,0.003433482
5,1,200.0,41.45044,0.003341422
5,1,200.0,43.37836,0.003248522
5,1,200.0,45.30629,0.003157422
5,1,200.0,47.23422,0.003074594
5,1,200.0,49.16214,0.00299518
5,1,200.0,51.09007,0.002918478
5,1,200.0,53.018,0.002844134
5,1,200.0,54.94593,0.0027722019999999997
5,1,200.0,56.87386,0.002704384
5,1,200.0,58.80178,0.002639018
5,1,200.0,60.72971,0.0025701770000000003
5,1,200.0,62.65764,0.002508022
5,1,200.0,64.58556,0.002448364
5,1,200.0,66.51349,0.0023928490000000003
5,1,200.0,68.44142,0.002339605
5,1,200.0,70.36934,0.002283773
5,1,200.0,72.29727,0.002233585
5,1,200.0,74.2252,0.00218625
5,1,200.0,76.15313,0.002141045
5,1,200.0,78.08106,0.002093799
5,1,200.0,80.00898,0.002050922
5,1,200.0,81.9369,0.002009673
5,1,200.0,83.86484,0.001969962
5,1,200.0,85.79276,0.001931868
5,1,200.0,87.72069,0.00189522
5,1,200.0,89.64862,0.0018597940000000001
5,1,200.0,91.57654,0.0018276219999999999
5,1,200.0,93.50447,0.001796744
5,1,200.0,95.43239,0.001761312
5,1,200.0,97.36033,0.001731063
5,1,200.0,99.28826,0.0017020030000000001
5,1,200.0,101.2162,0.001674139
5,1,200.0,103.1441,0.0016476309999999999
5,1,200.0,105.072,0.0016217900000000001
5,1,200.0,107.0,0.0015971170000000001
5,1,200.0,108.9279,0.001574074
5,1,200.0,110.8558,0.001552052
5,1,200.0,112.7837,0.001528862
5,1,200.0,114.7117,0.001508414
5,1,200.0,116.6396,0.001489292
5,1,200.0,118.5675,0.001471054
5,1,200.0,120.4955,0.001452104
5,1,200.0,122.4234,0.001435391
5,1,200.0,124.3513,0.0014199800000000002
5,1,200.0,126.2792,0.0014058319999999999
5,1,200.0,128.2072,0.001392769
5,1,200.0,130.1351,0.001379237
5,1,200.0,132.063,0.001367841
5,1,200.0,133.991,0.001357628
5,1,200.0,135.9189,0.001349547
5,1,200.0,137.8468,0.001345504
5,1,200.0,139.7747,0.0013523019999999999
5,1,200.0,141.7027,0.001378698
5,1,200.0,143.6306,0.001425276
5,1,200.0,145.5585,0.0014737989999999998
5,1,200.0,147.4864,0.001480456
5,1,200.0,149.4144,0.001421523
5,1,200.0,151.3423,0.001316882
5,1,200.0,153.2702,0.001208915
5,1,200.0,155.1981,0.0011263640000000001
5,1,200.0,157.1261,0.001077981
5,1,200.0,159.054,0.0010597459999999999
5,1,200.0,160.9819,0.001049002
5,1,200.0,162.9099,0.001009932
5,1,200.0,164.8378,0.000919195
5,1,200.0,166.7657,0.0007889010000000001
5,1,200.0,168.6936,0.0006514600000000001
5,1,200.0,170.6216,0.000588449
5,1,200.0,172.5495,0.000663044
5,1,200.0,174.4774,0.000796547
5,1,200.0,176.4053,0.000623318
5,1,200.0,177.6103,0.000525009
5,1,200.0,178.0923,0.000432591
5,1,200.0,178.5743,0.000354669
5,1,200.0,179.0562,0.00027609000000000005
5,1,200.0,179.5382,0.000222644
5,1,200.0,180.0202,0.000165132
5,1,200.0,180.5022,0.000138512
5,1,200.0,180.9842,0.000230836
5,1,200.0,181.4662,0.000754921
5,1,200.0,181.9481,0.001540469
5,1,200.0,182.4301,0.001596716
5,1,200.0,182.9121,0.0009371280000000001
5,1,200.0,183.3941,0.000308478
5,1,200.0,183.8761,4.6184400000000005e-05
5,1,200.0,184.358,3.17581e-06
5,1,200.0,184.84,2.22295e-07
5,1,200.0,185.322,2.0653e-08
5,1,200.0,185.804,1.96802e-09
5,1,200.0,185.8433,0.0
28,1,13.54579,0.0,13.85114
28,1,13.54579,0.07219623,0.0
28,1,14.0,0.03369158,1e-13
28,1,14.0,0.07219623,0.4812136
28,1,14.0,0.1443925,0.47769379999999995
28,1,14.0,0.2406541,4.230734
28,1,14.0,0.3369158,5.258686
28,1,14.0,0.43317740000000005,0.06032961
28,1,14.0,0.5294390999999999,0.0
28,1,16.0,0.03369158,1e-13
28,1,16.0,0.07219623,0.000311409
28,1,16.0,0.1443925,0.000423758
28,1,16.0,0.2406541,0.01690233
28,1,16.0,0.3369158,0.1096472
28,1,16.0,0.43317740000000005,0.24417860000000002
28,1,16.0,0.5294390999999999,0.4081671
28,1,16.0,0.6257007,0.5598373999999999
28,1,16.0,0.7219624,0.6717555000000001
28,1,16.0,0.8182241,0.7270658999999999
28,1,16.0,0.9144857,0.7415753
28,1,16.0,1.010747,0.7409813999999999
28,1,16.0,1.107009,0.7312896
28,1,16.0,1.203271,0.7150687
28,1,16.0,1.299532,0.7014600999999999
28,1,16.0,1.395794,0.6784852
28,1,16.0,1.492056,0.6424109
28,1,16.0,1.588317,0.5896207
28,1,16.0,1.684579,0.5185005
28,1,16.0,1.78084,0.42293630000000004
28,1,16.0,1.877102,0.3358121
28,1,16.0,2.021495,0.26186339999999997
28,1,16.0,2.214018,0.07018392
28,1,16.0,2.406542,0.0
28,1,18.0,0.03369158,1e-13
28,1,18.0,0.07219623,1.10178e-05
28,1,18.0,0.1443925,2.33171e-05
28,1,18.0,0.2406541,0.004240419
28,1,18.0,0.3369158,0.026683489999999997
28,1,18.0,0.43317740000000005,0.05990954999999999
28,1,18.0,0.5294390999999999,0.1022522
28,1,18.0,0.6257007,0.14228190000000002
28,1,18.0,0.7219624,0.1740519
28,1,18.0,0.8182241,0.1934343
28,1,18.0,0.9144857,0.20525539999999998
28,1,18.0,1.010747,0.21640009999999998
28,1,18.0,1.107009,0.2280075
28,1,18.0,1.203271,0.23978019999999997
28,1,18.0,1.299532,0.2514493
28,1,18.0,1.395794,0.2625335
28,1,18.0,1.492056,0.27266870000000004
28,1,18.0,1.588317,0.2824407
28,1,18.0,1.684579,0.2916341
28,1,18.0,1.78084,0.299119
28,1,18.0,1.877102,0.3047794
28,1,18.0,2.021495,0.311389
28,1,18.0,2.214018,0.3208909
28,1,18.0,2.406541,0.3374637
28,1,18.0,2.599064,0.3572214
28,1,18.0,2.791588,0.3683877
28,1,18.0,2.984112,0.3650839
28,1,18.0,3.176636,0.3578639
28,1,18.0,3.369159,0.33159849999999996
28,1,18.0,3.561682,0.2669452
28,1,18.0,3.754205,0.1714869
28,1,18.0,4.09112,0.01289053
28,1,18.0,4.428036,0.0
28,1,20.0,0.03369158,1e-13
28,1,20.0,0.07219623,1.653e-07
28,1,20.0,0.1443925,6.95585e-07
28,1,20.0,0.2406541,0.00207461
28,1,20.0,0.3369158,0.01045567
28,1,20.0,0.43317740000000005,0.026758240000000003
28,1,20.0,0.5294390999999999,0.0463026
28,1,20.0,0.6257007,0.0639995
28,1,20.0,0.7219624,0.07983118
28,1,20.0,0.8182241,0.08993478
28,1,20.0,0.9144857,0.09759884
28,1,20.0,1.010747,0.10529039999999999
28,1,20.0,1.107009,0.114065
28,1,20.0,1.203271,0.1239429
28,1,20.0,1.299532,0.1342895
28,1,20.0,1.395794,0.1454883
28,1,20.0,1.492056,0.1575806
28,1,20.0,1.588317,0.1695428
28,1,20.0,1.684579,0.1824749
28,1,20.0,1.78084,0.1957809
28,1,20.0,1.877102,0.2096162
28,1,20.0,2.021495,0.2328566
28,1,20.0,2.214018,0.2517068
28,1,20.0,2.406541,0.264649
28,1,20.0,2.599064,0.2744118
28,1,20.0,2.791588,0.27940750000000003
28,1,20.0,2.984112,0.2772943
28,1,20.0,3.176636,0.2692827
28,1,20.0,3.369159,0.2541578
28,1,20.0,3.561682,0.2377265
28,1,20.0,3.754205,0.2088732
28,1,20.0,4.09112,0.183859
28,1,20.0,4.572428,0.173759
28,1,20.0,5.053736,0.14805089999999999
28,1,20.0,5.535044,0.0756738
28,1,20.0,6.016353,0.001552269
28,1,20.0,6.497662,0.0
28,1,22.0,0.03369158,1e-13
28,1,22.0,0.07219623,6.91673e-10
28,1,22.0,0.1443925,2.32094e-08
28,1,22.0,0.2406541,0.000986141
28,1,22.0,0.3369158,0.005987711999999999
28,1,22.0,0.43317740000000005,0.01447231
28,1,22.0,0.5294390999999999,0.02501421
28,1,22.0,0.6257007,0.035369229999999995
28,1,22.0,0.7219624,0.04390506
28,1,22.0,0.8182241,0.05011371
28,1,22.0,0.9144857,0.05504602
28,1,22.0,1.010747,0.06033602
28,1,22.0,1.107009,0.06661446
28,1,22.0,1.203271,0.07392023
28,1,22.0,1.299532,0.08210237
28,1,22.0,1.395794,0.09132582
28,1,22.0,1.492056,0.101321
28,1,22.0,1.588317,0.1120409
28,1,22.0,1.684579,0.1234552
28,1,22.0,1.78084,0.1354044
28,1,22.0,1.877102,0.1487498
28,1,22.0,2.021495,0.1719146
28,1,22.0,2.214018,0.1947647
28,1,22.0,2.406541,0.214462
28,1,22.0,2.599064,0.22857609999999998
28,1,22.0,2.791588,0.2377333
28,1,22.0,2.984112,0.2415086
28,1,22.0,3.176636,0.2406287
28,1,22.0,3.369159,0.2360892
28,1,22.0,3.561682,0.2284183
28,1,22.0,3.754205,0.2154744
28,1,22.0,4.09112,0.1854729
28,1,22.0,4.572428,0.1587144
28,1,22.0,5.053736,0.131468
28,1,22.0,5.535044,0.10355579999999999
28,1,22.0,6.016353,0.09126880999999999
28,1,22.0,6.497662,0.0879382
28,1,22.0,6.97897,0.07491840000000001
28,1,22.0,7.460278,0.03575595
28,1,22.0,7.941586,0.0
28,1,24.0,0.03369158,1e-13
28,1,24.0,0.07219623,7.780710000000001e-11
28,1,24.0,0.1443925,1.2261099999999999e-06
28,1,24.0,0.2406541,0.00012296600000000001
28,1,24.0,0.3369158,0.0039046040000000003
28,1,24.0,0.43317740000000005,0.009324017
28,1,24.0,0.5294390999999999,0.01643757
28,1,24.0,0.6257007,0.023366090000000003
28,1,24.0,0.7219624,0.02898153
28,1,24.0,0.8182241,0.0328888
28,1,24.0,0.9144857,0.03595447
28,1,24.0,1.010747,0.039255660000000005
28,1,24.0,1.107009,0.04323176
28,1,24.0,1.203271,0.04801736
28,1,24.0,1.299532,0.0535797
28,1,24.0,1.395794,0.05995951
28,1,24.0,1.492056,0.0670182
28,1,24.0,1.588317,0.07507489
28,1,24.0,1.684579,0.08370431
28,1,24.0,1.78084,0.09315517999999999
28,1,24.0,1.877102,0.1040496
28,1,24.0,2.021495,0.12490029999999999
28,1,24.0,2.214018,0.146511
28,1,24.0,2.406541,0.16774830000000002
28,1,24.0,2.599064,0.1859807
28,1,24.0,2.791588,0.1997662
28,1,24.0,2.984112,0.2081625
28,1,24.0,3.176636,0.21087999999999998
28,1,24.0,3.369159,0.21078629999999998
28,1,24.0,3.561682,0.2070012
28,1,24.0,3.754205,0.19896060000000002
28,1,24.0,4.09112,0.1826823
28,1,24.0,4.572428,0.16127450000000002
28,1,24.0,5.053736,0.14043930000000002
28,1,24.0,5.535044,0.12107909999999998
28,1,24.0,6.016353,0.10076260000000001
28,1,24.0,6.497662,0.08722634
28,1,24.0,6.97897,0.07353109
28,1,24.0,7.460278,0.05932782
28,1,24.0,7.941586,0.055560580000000005
28,1,24.0,8.422894,0.05439234
28,1,24.0,8.904202,0.044927100000000005
28,1,24.0,9.38551,0.01849016
28,1,24.0,9.866818,0.0
28,1,26.0,0.03369158,1e-13
28,1,26.0,0.07219623,1e-13
28,1,26.0,0.1443925,8.39117e-06
28,1,26.0,0.2406541,0.000237389
28,1,26.0,0.3369158,0.003172936
28,1,26.0,0.43317740000000005,0.007632343000000001
28,1,26.0,0.5294390999999999,0.0136722
28,1,26.0,0.6257007,0.01938562
28,1,26.0,0.7219624,0.02391992
28,1,26.0,0.8182241,0.02691187
28,1,26.0,0.9144857,0.029105350000000002
28,1,26.0,1.010747,0.0314973
28,1,26.0,1.107009,0.03425306
28,1,26.0,1.203271,0.03760713
28,1,26.0,1.299532,0.041257350000000005
28,1,26.0,1.395794,0.04546392
28,1,26.0,1.492056,0.05015852
28,1,26.0,1.588317,0.055569280000000006
28,1,26.0,1.684579,0.06120133999999999
28,1,26.0,1.78084,0.0675978
28,1,26.0,1.877102,0.07478135999999999
28,1,26.0,2.021495,0.08843835
28,1,26.0,2.214018,0.1034465
28,1,26.0,2.406541,0.1178979
28,1,26.0,2.599064,0.13159579999999999
28,1,26.0,2.791588,0.1430024
28,1,26.0,2.984112,0.15284640000000002
28,1,26.0,3.176636,0.1601945
28,1,26.0,3.369159,0.1648618
28,1,26.0,3.561682,0.1685447
28,1,26.0,3.754205,0.1702687
28,1,26.0,4.09112,0.16930240000000002
28,1,26.0,4.572428,0.1607878
28,1,26.0,5.053736,0.14557530000000002
28,1,26.0,5.535044,0.1295036
28,1,26.0,6.016353,0.115286
28,1,26.0,6.497662,0.1020869
28,1,26.0,6.97897,0.08986985
28,1,26.0,7.460278,0.07828795
28,1,26.0,7.941586,0.06675604
28,1,26.0,8.422894,0.05889986
28,1,26.0,8.904202,0.05048272
28,1,26.0,9.38551,0.04216859
28,1,26.0,9.866819,0.041018330000000006
28,1,26.0,10.34813,0.04049464
28,1,26.0,10.82944,0.03230829
28,1,26.0,11.31074,0.01115836
28,1,26.0,11.79205,0.0
28,1,28.0,0.03369158,1e-13
28,1,28.0,0.07219623,1.2476099999999999e-05
28,1,28.0,0.1443925,2.91025e-05
28,1,28.0,0.2406541,0.000521574
28,1,28.0,0.3369158,0.002844763
28,1,28.0,0.43317740000000005,0.007371084
28,1,28.0,0.5294390999999999,0.01272284
28,1,28.0,0.6257007,0.01833363
28,1,28.0,0.7219624,0.02242717
28,1,28.0,0.8182241,0.02525231
28,1,28.0,0.9144857,0.02724401
28,1,28.0,1.010747,0.02917115
28,1,28.0,1.107009,0.03145901
28,1,28.0,1.203271,0.03410216
28,1,28.0,1.299532,0.03705073
28,1,28.0,1.395794,0.04028826
28,1,28.0,1.492056,0.04380845
28,1,28.0,1.588317,0.04784556
28,1,28.0,1.684579,0.05199086
28,1,28.0,1.78084,0.05657785
28,1,28.0,1.877102,0.0619775
28,1,28.0,2.021495,0.07174311
28,1,28.0,2.214018,0.08209667000000001
28,1,28.0,2.406541,0.09220961000000001
28,1,28.0,2.599064,0.1016624
28,1,28.0,2.791588,0.1090628
28,1,28.0,2.984112,0.11542530000000001
28,1,28.0,3.176636,0.1205243
28,1,28.0,3.369159,0.12320350000000001
28,1,28.0,3.561682,0.1253011
28,1,28.0,3.754205,0.1274867
28,1,28.0,4.09112,0.1271119
28,1,28.0,4.572428,0.12617309999999998
28,1,28.0,5.053736,0.1248312
28,1,28.0,5.535044,0.1230348
28,1,28.0,6.016353,0.12025799999999999
28,1,28.0,6.497662,0.114222
28,1,28.0,6.97897,0.1036344
28,1,28.0,7.460278,0.09327593
28,1,28.0,7.941586,0.08388611
28,1,28.0,8.422894,0.07483179999999999
28,1,28.0,8.904202,0.0667301
28,1,28.0,9.38551,0.058919429999999995
28,1,28.0,9.866819,0.051580879999999996
28,1,28.0,10.34813,0.046492410000000005
28,1,28.0,10.82944,0.04071368
28,1,28.0,11.31074,0.035240270000000004
28,1,28.0,11.79205,0.03563385
28,1,28.0,12.27336,0.03557636
28,1,28.0,12.75467,0.02702813
28,1,28.0,13.23598,0.006360977
28,1,28.0,13.71729,0.0
28,1,30.0,0.03369158,1e-13
28,1,30.0,0.07219623,7.475669999999999e-06
28,1,30.0,0.1443925,2.66198e-05
28,1,30.0,0.2406541,0.000623297
28,1,30.0,0.3369158,0.002754072
28,1,30.0,0.43317740000000005,0.007110023
28,1,30.0,0.5294390999999999,0.01299351
28,1,30.0,0.6257007,0.01810024
28,1,30.0,0.7219624,0.022655690000000003
28,1,30.0,0.8182241,0.025127919999999998
28,1,30.0,0.9144857,0.027125180000000002
28,1,30.0,1.010747,0.02901395
28,1,30.0,1.107009,0.03104982
28,1,30.0,1.203271,0.03352836
28,1,30.0,1.299532,0.03614746
28,1,30.0,1.395794,0.03902763
28,1,30.0,1.492056,0.04216612
28,1,30.0,1.588317,0.04545362
28,1,30.0,1.684579,0.048955330000000005
28,1,30.0,1.78084,0.05291291
28,1,30.0,1.877102,0.05719062
28,1,30.0,2.021495,0.06471974
28,1,30.0,2.214018,0.07276218000000001
28,1,30.0,2.406541,0.08016691
28,1,30.0,2.599064,0.08670467
28,1,30.0,2.791588,0.09209278
28,1,30.0,2.984112,0.09611646
28,1,30.0,3.176636,0.09821737
28,1,30.0,3.369159,0.09962331
28,1,30.0,3.561682,0.10013369999999999
28,1,30.0,3.754205,0.10015249999999999
28,1,30.0,4.09112,0.09888488000000001
28,1,30.0,4.572428,0.09668098
28,1,30.0,5.053736,0.09477948
28,1,30.0,5.535044,0.09351501
28,1,30.0,6.016353,0.09305896999999999
28,1,30.0,6.497662,0.09317762
28,1,30.0,6.97897,0.09337856
28,1,30.0,7.460278,0.09337910999999999
28,1,30.0,7.941586,0.09219390000000001
28,1,30.0,8.422894,0.08778613
28,1,30.0,8.904202,0.08044007
28,1,30.0,9.38551,0.07333019
28,1,30.0,9.866819,0.06680374
28,1,30.0,10.34813,0.060706920000000004
28,1,30.0,10.82944,0.05521786
28,1,30.0,11.31074,0.04981977
28,1,30.0,11.79205,0.04516373
28,1,30.0,12.27336,0.04158647
28,1,30.0,12.75467,0.03702902
28,1,30.0,13.23598,0.033341090000000004
28,1,30.0,13.71728,0.03459648
28,1,30.0,14.19859,0.03470519
28,1,30.0,14.6799,0.02446536
28,1,30.0,15.16121,0.00519573
28,1,30.0,15.64252,0.0
28,1,200.0,0.03369158,1e-13
28,1,200.0,0.07219623,7.475669999999999e-06
28,1,200.0,0.1443925,2.66198e-05
28,1,200.0,0.2406541,0.000623297
28,1,200.0,0.3369158,0.002754072
28,1,200.0,0.43317740000000005,0.007110023
28,1,200.0,0.5294390999999999,0.01299351
28,1,200.0,0.6257007,0.01810024
28,1,200.0,0.7219624,0.022655690000000003
28,1,200.0,0.8182241,0.025127919999999998
28,1,200.0,0.9144857,0.027125180000000002
28,1,200.0,1.010747,0.02901395
28,1,200.0,1.107009,0.03104982
28,1,200.0,1.203271,0.03352836
28,1,200.0,1.299532,0.03614746
28,1,200.0,1.395794,0.03902763
28,1,200.0,1.492056,0.04216612
28,1,200.0,1.588317,0.04545362
28,1,200.0,1.684579,0.048955330000000005
28,1,200.0,1.78084,0.05291291
28,1,200.0,1.877102,0.05719062
28,1,200.0,2.021495,0.06471974
28,1,200.0,2.214018,0.07276218000000001
28,1,200.0,2.406541,0.08016691
28,1,200.0,2.599064,0.08670467
28,1,200.0,2.791588,0.09209278
28,1,200.0,2.984112,0.09611646
28,1,200.0,3.176636,0.09821737
28,1,200.0,3.369159,0.09962331
28,1,200.0,3.561682,0.10013369999999999
28,1,200.0,3.754205,0.10015249999999999
28,1,200.0,4.09112,0.09888488000000001
28,1,200.0,4.572428,0.09668098
28,1,200.0,5.053736,0.09477948
28,1,200.0,5.535044,0.09351501
28,1,200.0,6.016353,0.09305896999999999
28,1,200.0,6.497662,0.09317762
28,1,200.0,6.97897,0.09337856
28,1,200.0,7.460278,0.09337910999999999
28,1,200.0,7.941586,0.09219390000000001
28,1,200.0,8.422894,0.08778613
28,1,200.0,8.904202,0.08044007
28,1,200.0,9.38551,0.07333019
28,1,200.0,9.866819,0.06680374
28,1,200.0,10.34813,0.060706920000000004
28,1,200.0,10.82944,0.05521786
28,1,200.0,11.31074,0.04981977
28,1,200.0,11.79205,0.04516373
28,1,200.0,12.27336,0.04158647
28,1,200.0,12.75467,0.03702902
28,1,200.0,13.23598,0.033341090000000004
28,1,200.0,13.71728,0.03459648
28,1,200.0,14.19859,0.03470519
28,1,200.0,14.6799,0.02446536
28,1,200.0,15.16121,0.00519573
28,1,200.0,15.64252,0.0
41,1,25.3358,0.0,13.87206
41,1,25.3358,0.07208734,0.0
41,1,26.0,0.03364076999999999,1e-13
41,1,26.0,0.07208734,8.15081e-08
41,1,26.0,0.14417470000000002,2.787356
41,1,26.0,0.2402912,4.453251000000001
41,1,26.0,0.33640770000000003,1.7793729999999999
41,1,26.0,0.43252409999999997,1.147739
41,1,26.0,0.5286406,0.1664928
41,1,26.0,0.624757,0.06983302
41,1,26.0,0.7208734,0.0
41,1,28.0,0.03364076999999999,1e-13
41,1,28.0,0.07208734,0.01184623
41,1,28.0,0.14417470000000002,0.011486429999999999
41,1,28.0,0.2402912,0.01096599
41,1,28.0,0.33640770000000003,0.01122185
41,1,28.0,0.43252409999999997,0.01234447
41,1,28.0,0.5286406,0.01783779
41,1,28.0,0.624757,0.02756373
41,1,28.0,0.7208735,0.0694742
41,1,28.0,0.8169899,0.1041459
41,1,28.0,0.9131064,0.15604010000000001
41,1,28.0,1.009223,0.2070801
41,1,28.0,1.105339,0.3007517
41,1,28.0,1.201456,0.5459953000000001
41,1,28.0,1.297572,0.565404
41,1,28.0,1.393689,0.5450142
41,1,28.0,1.489805,0.5534141
41,1,28.0,1.585922,1.7216529999999999
41,1,28.0,1.682038,1.923683
41,1,28.0,1.778154,1.3911900000000001
41,1,28.0,1.874271,0.9034719999999999
41,1,28.0,2.018446,0.3738025
41,1,28.0,2.210679,0.05699983
41,1,28.0,2.402912,0.001541965
41,1,28.0,2.595144,0.0
41,1,30.0,0.03364076999999999,1e-13
41,1,30.0,0.07208734,0.001011352
41,1,30.0,0.14417470000000002,0.001040387
41,1,30.0,0.2402912,0.001047934
41,1,30.0,0.33640770000000003,0.0012651189999999999
41,1,30.0,0.43252409999999997,0.002104476
41,1,30.0,0.5286406,0.004357962
41,1,30.0,0.624757,0.008969264000000001
41,1,30.0,0.7208735,0.020967549999999998
41,1,30.0,0.8169899,0.03205284
41,1,30.0,0.9131064,0.046245730000000006
41,1,30.0,1.009223,0.06223736
41,1,30.0,1.105339,0.08021226
41,1,30.0,1.201456,0.1641889
41,1,30.0,1.297572,0.1740851
41,1,30.0,1.393689,0.19655609999999998
41,1,30.0,1.489805,0.2162875
41,1,30.0,1.585922,0.5081185
41,1,30.0,1.682038,0.6489562
41,1,30.0,1.778154,0.6486673
41,1,30.0,1.874271,0.6372305
41,1,30.0,2.018446,0.6223567
41,1,30.0,2.210679,0.5828051000000001
41,1,30.0,2.402912,0.5255005
41,1,30.0,2.595144,0.4543405
41,1,30.0,2.787378,0.3740169
41,1,30.0,2.979611,0.28980249999999996
41,1,30.0,3.171844,0.20865440000000002
41,1,30.0,3.364077,0.1363068
41,1,30.0,3.55631,0.07657899
41,1,30.0,3.748543,0.02491583
41,1,30.0,4.08495,0.0006139370000000001
41,1,30.0,4.421357,0.0
41,1,200.0,0.03364076999999999,1e-13
41,1,200.0,0.07208734,0.001011352
41,1,200.0,0.14417470000000002,0.001040387
41,1,200.0,0.2402912,0.001047934
41,1,200.0,0.33640770000000003,0.0012651189999999999
41,1,200.0,0.43252409999999997,0.002104476
41,1,200.0,0.5286406,0.004357962
41,1,200.0,0.624757,0.008969264000000001
41,1,200.0,0.7208735,0.020967549999999998
41,1,200.0,0.8169899,0.03205284
41,1,200.0,0.9131064,0.046245730000000006
41,1,200.0,1.009223,0.06223736
41,1,200.0,1.105339,0.08021226
41,1,200.0,1.201456,0.1641889
41,1,200.0,1.297572,0.1740851
41,1,200.0,1.393689,0.19655609999999998
41,1,200.0,1.489805,0.2162875
41,1,200.0,1.585922,0.5081185
41,1,200.0,1.682038,0.6489562
41,1,200.0,1.778154,0.6486673
41,1,200.0,1.874271,0.6372305
41,1,200.0,2.018446,0.6223567
41,1,200.0,2.210679,0.5828051000000001
41,1,200.0,2.402912,0.5255005
41,1,200.0,2.595144,0.4543405
41,1,200.0,2.787378,0.3740169
41,1,200.0,2.979611,0.28980249999999996
41,1,200.0,3.171844,0.20865440000000002
41,1,200.0,3.364077,0.1363068
41,1,200.0,3.55631,0.07657899
41,1,200.0,3.748543,0.02491583
41,1,200.0,4.08495,0.0006139370000000001
41,1,200.0,4.421357,0.0
44,1,20.08767,0.0,13.87206
44,1,20.08767,0.07208734,0.0
44,1,22.0,0.03364076999999999,1e-13
44,1,22.0,0.07208734,2.16656e-06
44,1,22.0,0.14417470000000002,7.317499999999999e-05
44,1,22.0,0.2402912,0.02909309
44,1,22.0,0.33640770000000003,0.8772682
44,1,22.0,0.43252409999999997,1.527799
44,1,22.0,0.5286406,1.428126
44,1,22.0,0.624757,1.136142
44,1,22.0,0.7208735,0.995327
44,1,22.0,0.8169899,1.0774920000000001
44,1,22.0,0.9131064,1.138415
44,1,22.0,1.009223,0.9723184
44,1,22.0,1.105339,0.7063659
44,1,22.0,1.201456,0.398259
44,1,22.0,1.297572,0.09816297
44,1,22.0,1.393689,0.018511089999999997
44,1,22.0,1.489805,0.0006907650000000001
44,1,22.0,1.585922,4.7982700000000004e-08
44,1,22.0,1.682038,1e-13
44,1,22.0,1.778155,0.0
44,1,24.0,0.03364076999999999,1e-13
44,1,24.0,0.07208734,1e-13
44,1,24.0,0.14417470000000002,5.992399999999999e-05
44,1,24.0,0.2402912,0.003216044
44,1,24.0,0.33640770000000003,0.1537788
44,1,24.0,0.43252409999999997,0.4299264
44,1,24.0,0.5286406,0.5666912
44,1,24.0,0.624757,0.6123915999999999
44,1,24.0,0.7208735,0.5954907
44,1,24.0,0.8169899,0.5456567
44,1,24.0,0.9131064,0.5049453
44,1,24.0,1.009223,0.4553367
44,1,24.0,1.105339,0.4114616
44,1,24.0,1.201456,0.38697539999999997
44,1,24.0,1.297572,0.3793179
44,1,24.0,1.393689,0.3753208
44,1,24.0,1.489805,0.38105360000000005
44,1,24.0,1.585922,0.3904154
44,1,24.0,1.682038,0.4105152
44,1,24.0,1.778154,0.4168835
44,1,24.0,1.874271,0.4218944
44,1,24.0,2.018446,0.4241528
44,1,24.0,2.210679,0.3810526
44,1,24.0,2.402912,0.28890089999999996
44,1,24.0,2.595144,0.181263
44,1,24.0,2.787378,0.08046493
44,1,24.0,2.979611,0.01889161
44,1,24.0,3.171844,0.0011558629999999998
44,1,24.0,3.364077,2.3586499999999997e-07
44,1,24.0,3.55631,0.0
44,1,26.0,0.03364076999999999,1e-13
44,1,26.0,0.07208734,1e-13
44,1,26.0,0.14417470000000002,0.000155589
44,1,26.0,0.2402912,0.004458391
44,1,26.0,0.33640770000000003,0.05431545
44,1,26.0,0.43252409999999997,0.1586714
44,1,26.0,0.5286406,0.23959559999999996
44,1,26.0,0.624757,0.28343650000000004
44,1,26.0,0.7208735,0.304898
44,1,26.0,0.8169899,0.3143838
44,1,26.0,0.9131064,0.31586620000000004
44,1,26.0,1.009223,0.31332509999999997
44,1,26.0,1.105339,0.3082856
44,1,26.0,1.201456,0.3044526
44,1,26.0,1.297572,0.3017228
44,1,26.0,1.393689,0.3007816
44,1,26.0,1.489805,0.30193380000000003
44,1,26.0,1.585922,0.3032373
44,1,26.0,1.682038,0.3072012
44,1,26.0,1.778154,0.309645
44,1,26.0,1.874271,0.31434829999999997
44,1,26.0,2.018446,0.32051029999999997
44,1,26.0,2.210679,0.32194609999999996
44,1,26.0,2.402912,0.31704079999999996
44,1,26.0,2.595144,0.3052915
44,1,26.0,2.787378,0.2862893
44,1,26.0,2.979611,0.2607254
44,1,26.0,3.171844,0.2303896
44,1,26.0,3.364077,0.1969338
44,1,26.0,3.55631,0.1623407
44,1,26.0,3.748543,0.11561590000000001
44,1,26.0,4.08495,0.051907959999999996
44,1,26.0,4.565532,0.007773305000000001
44,1,26.0,5.046114,3.12699e-05
44,1,26.0,5.526696,0.0
44,1,28.0,0.03364076999999999,1e-13
44,1,28.0,0.07208734,0.000200507
44,1,28.0,0.14417470000000002,0.00020723899999999999
44,1,28.0,0.2402912,0.0005191109999999999
44,1,28.0,0.33640770000000003,0.02368935
44,1,28.0,0.43252409999999997,0.07870782999999999
44,1,28.0,0.5286406,0.1241529
44,1,28.0,0.624757,0.1527304
44,1,28.0,0.7208735,0.1700345
44,1,28.0,0.8169899,0.181102
44,1,28.0,0.9131064,0.1886172
44,1,28.0,1.009223,0.1942958
44,1,28.0,1.105339,0.198862
44,1,28.0,1.201456,0.2033132
44,1,28.0,1.297572,0.2089155
44,1,28.0,1.393689,0.2148776
44,1,28.0,1.489805,0.2216902
44,1,28.0,1.585922,0.22910599999999998
44,1,28.0,1.682038,0.23742339999999998
44,1,28.0,1.778154,0.24538619999999997
44,1,28.0,1.874271,0.2532364
44,1,28.0,2.018446,0.2696904
44,1,28.0,2.210679,0.27949830000000003
44,1,28.0,2.402912,0.2839857
44,1,28.0,2.595144,0.28633699999999995
44,1,28.0,2.787378,0.2813063
44,1,28.0,2.979611,0.2703349
44,1,28.0,3.171844,0.2559971
44,1,28.0,3.364077,0.2384299
44,1,28.0,3.55631,0.217322
44,1,28.0,3.748543,0.1880962
44,1,28.0,4.08495,0.14256349999999998
44,1,28.0,4.565532,0.09644276
44,1,28.0,5.046114,0.060736429999999994
44,1,28.0,5.526696,0.03229129
44,1,28.0,6.007279,0.01191347
44,1,28.0,6.487862,0.0013037270000000002
44,1,28.0,6.968444,2.42477e-06
44,1,28.0,7.449026,0.0
44,1,30.0,0.03364076999999999,1e-13
44,1,30.0,0.07208734,0.000125943
44,1,30.0,0.14417470000000002,0.00013174400000000002
44,1,30.0,0.2402912,0.001783796
44,1,30.0,0.33640770000000003,0.01471909
44,1,30.0,0.43252409999999997,0.04838513
44,1,30.0,0.5286406,0.07604274999999999
44,1,30.0,0.624757,0.09645322
44,1,30.0,0.7208735,0.10896910000000001
44,1,30.0,0.8169899,0.1170644
44,1,30.0,0.9131064,0.1243142
44,1,30.0,1.009223,0.13081520000000002
44,1,30.0,1.105339,0.1359616
44,1,30.0,1.201456,0.141743
44,1,30.0,1.297572,0.1482782
44,1,30.0,1.393689,0.1555029
44,1,30.0,1.489805,0.1632673
44,1,30.0,1.585922,0.17150390000000001
44,1,30.0,1.682038,0.1802619
44,1,30.0,1.778154,0.18916159999999999
44,1,30.0,1.874271,0.19909890000000002
44,1,30.0,2.018446,0.21623900000000001
44,1,30.0,2.210679,0.22970859999999999
44,1,30.0,2.402912,0.2413653
44,1,30.0,2.595144,0.24662259999999997
44,1,30.0,2.787378,0.2506543
44,1,30.0,2.979611,0.24738830000000003
44,1,30.0,3.171844,0.24260849999999998
44,1,30.0,3.364077,0.23228010000000002
44,1,30.0,3.55631,0.2214133
44,1,30.0,3.748543,0.2030093
44,1,30.0,4.08495,0.172015
44,1,30.0,4.565532,0.1362776
44,1,30.0,5.046114,0.10470020000000001
44,1,30.0,5.526696,0.07868984
44,1,30.0,6.007279,0.0563739
44,1,30.0,6.487862,0.038091
44,1,30.0,6.968444,0.02372544
44,1,30.0,7.449026,0.01238908
44,1,30.0,7.929608,0.004170763
44,1,30.0,8.410191,0.00033656699999999996
44,1,30.0,8.890773,1.4489999999999998e-07
44,1,30.0,9.371355,0.0
44,1,200.0,0.03364076999999999,1e-13
44,1,200.0,0.07208734,0.000125943
44,1,200.0,0.14417470000000002,0.00013174400000000002
44,1,200.0,0.2402912,0.001783796
44,1,200.0,0.33640770000000003,0.01471909
44,1,200.0,0.43252409999999997,0.04838513
44,1,200.0,0.5286406,0.07604274999999999
44,1,200.0,0.624757,0.09645322
44,1,200.0,0.7208735,0.10896910000000001
44,1,200.0,0.8169899,0.1170644
44,1,200.0,0.9131064,0.1243142
44,1,200.0,1.009223,0.13081520000000002
44,1,200.0,1.105339,0.1359616
44,1,200.0,1.201456,0.141743
44,1,200.0,1.297572,0.1482782
44,1,200.0,1.393689,0.1555029
44,1,200.0,1.489805,0.1632673
44,1,200.0,1.585922,0.17150390000000001
44,1,200.0,1.682038,0.1802619
44,1,200.0,1.778154,0.18916159999999999
44,1,200.0,1.874271,0.19909890000000002
44,1,200.0,2.018446,0.21623900000000001
44,1,200.0,2.210679,0.22970859999999999
44,1,200.0,2.402912,0.2413653
44,1,200.0,2.595144,0.24662259999999997
44,1,200.0,2.787378,0.2506543
44,1,200.0,2.979611,0.24738830000000003
44,1,200.0,3.171844,0.24260849999999998
44,1,200.0,3.364077,0.23228010000000002
44,1,200.0,3.55631,0.2214133
44,1,200.0,3.748543,0.2030093
44,1,200.0,4.08495,0.172015
44,1,200.0,4.565532,0.1362776
44,1,200.0,5.046114,0.10470020000000001
44,1,200.0,5.526696,0.07868984
44,1,200.0,6.007279,0.0563739
44,1,200.0,6.487862,0.038091
44,1,200.0,6.968444,0.02372544
44,1,200.0,7.449026,0.01238908
44,1,200.0,7.929608,0.004170763
44,1,200.0,8.410191,0.00033656699999999996
44,1,200.0,8.890773,1.4489999999999998e-07
44,1,200.0,9.371355,0.0
45,1,23.35257,0.0,13.94637
45,1,23.35257,0.07170325999999999,0.0
45,1,26.0,0.033461519999999995,1e-13
45,1,26.0,0.07170325999999999,2.62298e-10
45,1,26.0,0.1434065,0.028823619999999998
45,1,26.0,0.2390109,0.4030563
45,1,26.0,0.3346152,2.502913
45,1,26.0,0.4302196,3.359055
45,1,26.0,0.5258239,2.400751
45,1,26.0,0.6214282,1.04088
45,1,26.0,0.7170326,0.49368660000000003
45,1,26.0,0.812637,0.1565682
45,1,26.0,0.9082412,0.05426995
45,1,26.0,1.003846,0.0148146
45,1,26.0,1.09945,0.0038390309999999997
45,1,26.0,1.195054,0.000917551
45,1,26.0,1.290659,0.000167939
45,1,26.0,1.386263,3.08904e-05
45,1,26.0,1.481867,3.8922e-06
45,1,26.0,1.577472,5.081460000000001e-07
45,1,26.0,1.673076,2.6884799999999998e-08
45,1,26.0,1.76868,2.23053e-09
45,1,26.0,1.864285,3.4791899999999995e-11
45,1,26.0,2.007691,1e-13
45,1,26.0,2.151097,0.0
45,1,28.0,0.033461519999999995,1e-13
45,1,28.0,0.07170325999999999,0.008176962000000001
45,1,28.0,0.1434065,0.0072420850000000005
45,1,28.0,0.2390109,0.04245619
45,1,28.0,0.3346152,0.4738098
45,1,28.0,0.4302196,1.374449
45,1,28.0,0.5258239,1.635224
45,1,28.0,0.6214282,1.5883559999999999
45,1,28.0,0.7170326,1.36494
45,1,28.0,0.812637,1.118358
45,1,28.0,0.9082412,0.8461014
45,1,28.0,1.003846,0.6259719
45,1,28.0,1.09945,0.45754110000000003
45,1,28.0,1.195054,0.30369630000000003
45,1,28.0,1.290659,0.221104
45,1,28.0,1.386263,0.1426019
45,1,28.0,1.481867,0.09349526
45,1,28.0,1.577472,0.06226563
45,1,28.0,1.673076,0.04001276
45,1,28.0,1.76868,0.0227638
45,1,28.0,1.864285,0.01365681
45,1,28.0,2.007691,0.0047679870000000004
45,1,28.0,2.1989,0.001283639
45,1,28.0,2.390108,0.000284674
45,1,28.0,2.581317,4.28918e-05
45,1,28.0,2.772526,4.50374e-06
45,1,28.0,2.963735,3.25749e-07
45,1,28.0,3.154945,1.30994e-08
45,1,28.0,3.346153,2.05522e-10
45,1,28.0,3.537362,1.1650100000000001e-12
45,1,28.0,3.72857,1e-13
45,1,28.0,3.919778,0.0
45,1,30.0,0.033461519999999995,1e-13
45,1,30.0,0.07170325999999999,0.001670714
45,1,30.0,0.1434065,0.00168699
45,1,30.0,0.2390109,0.0143785
45,1,30.0,0.3346152,0.1450518
45,1,30.0,0.4302196,0.4263153
45,1,30.0,0.5258239,0.6880949
45,1,30.0,0.6214282,0.8113149000000001
45,1,30.0,0.7170326,0.8454966
45,1,30.0,0.812637,0.8406942
45,1,30.0,0.9082412,0.8100766
45,1,30.0,1.003846,0.7539697
45,1,30.0,1.09945,0.6803148
45,1,30.0,1.195054,0.6125015
45,1,30.0,1.290659,0.5515949
45,1,30.0,1.386263,0.49112130000000004
45,1,30.0,1.481867,0.4267463
45,1,30.0,1.577472,0.3748048
45,1,30.0,1.673076,0.32621120000000003
45,1,30.0,1.76868,0.2899978
45,1,30.0,1.864285,0.2377878
45,1,30.0,2.007691,0.18607959999999998
45,1,30.0,2.1989,0.12565040000000002
45,1,30.0,2.390108,0.08524583
45,1,30.0,2.581317,0.05120986
45,1,30.0,2.772526,0.02921644
45,1,30.0,2.963735,0.01569091
45,1,30.0,3.154945,0.007430333
45,1,30.0,3.346153,0.0033695780000000002
45,1,30.0,3.537362,0.0012615559999999998
45,1,30.0,3.72857,0.000308556
45,1,30.0,4.063185,1.59576e-05
45,1,30.0,4.541206,1.23954e-07
45,1,30.0,5.019228,1.5255899999999998e-10
45,1,30.0,5.49725,1e-13
45,1,30.0,5.975272,0.0
45,1,200.0,0.033461519999999995,1e-13
45,1,200.0,0.07170325999999999,0.001670714
45,1,200.0,0.1434065,0.00168699
45,1,200.0,0.2390109,0.0143785
45,1,200.0,0.3346152,0.1450518
45,1,200.0,0.4302196,0.4263153
45,1,200.0,0.5258239,0.6880949
45,1,200.0,0.6214282,0.8113149000000001
45,1,200.0,0.7170326,0.8454966
45,1,200.0,0.812637,0.8406942
45,1,200.0,0.9082412,0.8100766
45,1,200.0,1.003846,0.7539697
45,1,200.0,1.09945,0.6803148
45,1,200.0,1.195054,0.6125015
45,1,200.0,1.290659,0.5515949
45,1,200.0,1.386263,0.49112130000000004
45,1,200.0,1.481867,0.4267463
45,1,200.0,1.577472,0.3748048
45,1,200.0,1.673076,0.32621120000000003
45,1,200.0,1.76868,0.2899978
45,1,200.0,1.864285,0.2377878
45,1,200.0,2.007691,0.18607959999999998
45,1,200.0,2.1989,0.12565040000000002
45,1,200.0,2.390108,0.08524583
45,1,200.0,2.581317,0.05120986
45,1,200.0,2.772526,0.02921644
45,1,200.0,2.963735,0.01569091
45,1,200.0,3.154945,0.007430333
45,1,200.0,3.346153,0.0033695780000000002
45,1,200.0,3.537362,0.0012615559999999998
45,1,200.0,3.72857,0.000308556
45,1,200.0,4.063185,1.59576e-05
45,1,200.0,4.541206,1.23954e-07
45,1,200.0,5.019228,1.5255899999999998e-10
45,1,200.0,5.49725,1e-13
45,1,200.0,5.975272,0.0
103,0,0.8752763,0.0,1.886152
103,0,0.8752763,0.53018,0.0
103,0,1.0,0.4337836,1e-13
103,0,1.0,0.53018,3.7345800000000002
103,0,1.0,0.6265764,2.904673
103,0,1.0,0.7229728000000001,2.074767
103,0,1.0,0.8193691,1.24486
103,0,1.0,0.9157654000000001,0.4149531
103,0,1.0,1.012162,0.0
103,0,2.0,0.4337836,1e-13
103,0,2.0,0.53018,0.32268339999999995
103,0,2.0,0.6265764,0.6753825
103,0,2.0,0.7229728000000001,1.0280820000000002
103,0,2.0,0.8193691,1.380781
103,0,2.0,0.9157654000000001,1.7334800000000001
103,0,2.0,1.012162,1.728022
103,0,2.0,1.108558,1.364407
103,0,2.0,1.204954,1.000793
103,0,2.0,1.301351,0.6371781
103,0,2.0,1.397747,0.2735632
103,0,2.0,1.494144,0.08258331000000001
103,0,2.0,1.59054,0.06423791999999999
103,0,2.0,1.686936,0.045892539999999996
103,0,2.0,1.783333,0.02754715
103,0,2.0,1.879729,0.009201745
103,0,2.0,1.976126,0.0
103,0,3.0,0.4337836,1e-13
103,0,3.0,0.53018,0.003259737
103,0,3.0,0.6265764,0.004463745
103,0,3.0,0.7229728000000001,0.005667752999999999
103,0,3.0,0.8193691,0.006871762
103,0,3.0,0.9157654000000001,0.00807577
103,0,3.0,1.012162,0.0666825
103,0,3.0,1.108558,0.1826918
103,0,3.0,1.204954,0.29870100000000005
103,0,3.0,1.301351,0.41471030000000003
103,0,3.0,1.397747,0.5307196999999999
103,0,3.0,1.494144,0.6620849000000001
103,0,3.0,1.59054,0.8088062
103,0,3.0,1.686936,0.9555273
103,0,3.0,1.783333,1.102249
103,0,3.0,1.879729,1.2489700000000001
103,0,3.0,2.024324,0.9736149
103,0,3.0,2.217116,0.5086613
103,0,3.0,2.409909,0.1441345
103,0,3.0,2.602702,0.08088617
103,0,3.0,2.795494,0.017637840000000002
103,0,3.0,2.988288,0.0
103,0,4.0,0.4337836,1e-13
103,0,4.0,0.53018,0.00629821
103,0,4.0,0.6265764,0.01888952
103,0,4.0,0.7229728000000001,0.03148083
103,0,4.0,0.8193691,0.044072139999999996
103,0,4.0,0.9157654000000001,0.05666345
103,0,4.0,1.012162,0.0961926
103,0,4.0,1.108558,0.16265949999999998
103,0,4.0,1.204954,0.2291263
103,0,4.0,1.301351,0.2955933
103,0,4.0,1.397747,0.3620601
103,0,4.0,1.494144,0.3600907
103,0,4.0,1.59054,0.2896849
103,0,4.0,1.686936,0.21927929999999998
103,0,4.0,1.783333,0.1488737
103,0,4.0,1.879729,0.07846792999999999
103,0,4.0,2.024324,0.2020481
103,0,4.0,2.217116,0.41375870000000003
103,0,4.0,2.409909,0.6003274
103,0,4.0,2.602702,0.7114712999999999
103,0,4.0,2.795494,0.8226152000000001
103,0,4.0,2.988288,0.6386462
103,0,4.0,3.181081,0.356308
103,0,4.0,3.373874,0.1304715
103,0,4.0,3.566666,0.07413504
103,0,4.0,3.759459,0.01779876
103,0,4.0,3.952251,0.0
103,0,5.0,0.4337836,1e-13
103,0,5.0,0.53018,0.000277216
103,0,5.0,0.6265764,0.0008276490000000001
103,0,5.0,0.7229728000000001,0.001378083
103,0,5.0,0.8193691,0.001928516
103,0,5.0,0.9157654000000001,0.0024789490000000003
103,0,5.0,1.012162,0.005370624
103,0,5.0,1.108558,0.010603540000000002
103,0,5.0,1.204954,0.01583644
103,0,5.0,1.301351,0.02106935
103,0,5.0,1.397747,0.02630227
103,0,5.0,1.494144,0.06664921
103,0,5.0,1.59054,0.14211010000000002
103,0,5.0,1.686936,0.21757089999999998
103,0,5.0,1.783333,0.2930317
103,0,5.0,1.879729,0.3684926
103,0,5.0,2.024324,0.473273
103,0,5.0,2.217116,0.5626728000000001
103,0,5.0,2.409909,0.5767118
103,0,5.0,2.602702,0.3646684
103,0,5.0,2.795494,0.1526249
103,0,5.0,2.988288,0.18109779999999998
103,0,5.0,3.181081,0.2897419
103,0,5.0,3.373874,0.37915990000000005
103,0,5.0,3.566666,0.41090099999999996
103,0,5.0,3.759459,0.442642
103,0,5.0,4.096846,0.1250605
103,0,5.0,4.578828,0.01188238
103,0,5.0,5.060809,0.0
103,0,6.0,0.4337836,1e-13
103,0,6.0,0.53018,0.00025152
103,0,6.0,0.6265764,0.000392096
103,0,6.0,0.7229728000000001,0.000532672
103,0,6.0,0.8193691,0.000673248
103,0,6.0,0.9157654000000001,0.000813824
103,0,6.0,1.012162,0.001071709
103,0,6.0,1.108558,0.0014469020000000001
103,0,6.0,1.204954,0.001822094
103,0,6.0,1.301351,0.002197286
103,0,6.0,1.397747,0.002572478
103,0,6.0,1.494144,0.0071883089999999995
103,0,6.0,1.59054,0.01604477
103,0,6.0,1.686936,0.024901219999999998
103,0,6.0,1.783333,0.03375767
103,0,6.0,1.879729,0.04261413
103,0,6.0,2.024324,0.1077758
103,0,6.0,2.217116,0.1887538
103,0,6.0,2.409909,0.2851307
103,0,6.0,2.602702,0.4277049
103,0,6.0,2.795494,0.5702790999999999
103,0,6.0,2.988288,0.5765503000000001
103,0,6.0,3.181081,0.5373875
103,0,6.0,3.373874,0.4683575
103,0,6.0,3.566666,0.309729
103,0,6.0,3.759459,0.1511011
103,0,6.0,4.096846,0.2220529
103,0,6.0,4.578828,0.24729500000000001
103,0,6.0,5.060809,0.07204722
103,0,6.0,5.542791,0.007415392
103,0,6.0,6.024772,0.0
103,0,7.0,0.03373873,1e-13
103,0,7.0,0.07229727000000001,1e-13
103,0,7.0,0.1445945,8.353860000000001e-11
103,0,7.0,0.2409909,1e-13
103,0,7.0,0.3373873,1e-13
103,0,7.0,0.4337836,1e-13
103,0,7.0,0.53018,0.0009440680000000001
103,0,7.0,0.6265764,0.00281865
103,0,7.0,0.7229728000000001,0.004693233
103,0,7.0,0.8193691,0.006567814
103,0,7.0,0.9157654000000001,0.008442396999999999
103,0,7.0,1.012162,0.012696559999999999
103,0,7.0,1.108558,0.01933029
103,0,7.0,1.204954,0.02596401
103,0,7.0,1.301351,0.032597749999999995
103,0,7.0,1.397747,0.039231480000000006
103,0,7.0,1.494144,0.04921323
103,0,7.0,1.59054,0.06254301
103,0,7.0,1.686936,0.07587278
103,0,7.0,1.783333,0.08920254
103,0,7.0,1.879729,0.10253229999999999
103,0,7.0,2.024324,0.09411848
103,0,7.0,2.217116,0.07401352
103,0,7.0,2.409909,0.061948790000000004
103,0,7.0,2.602702,0.07400467
103,0,7.0,2.795494,0.08606055
103,0,7.0,2.988288,0.18222660000000002
103,0,7.0,3.181081,0.3064286
103,0,7.0,3.373874,0.4152512
103,0,7.0,3.566666,0.4779368
103,0,7.0,3.759459,0.5406222
103,0,7.0,4.096846,0.3871041
103,0,7.0,4.578828,0.12395279999999999
103,0,7.0,5.060809,0.1553433
103,0,7.0,5.542791,0.15453909999999998
103,0,7.0,6.024772,0.044995679999999996
103,0,7.0,6.506754,0.0048182799999999994
103,0,7.0,6.988736,0.0
103,0,8.0,0.03373873,1e-13
103,0,8.0,0.07229727000000001,1e-13
103,0,8.0,0.1445945,6.89872e-11
103,0,8.0,0.2409909,1.31099e-07
103,0,8.0,0.3373873,2.72522e-06
103,0,8.0,0.4337836,2.09966e-05
103,0,8.0,0.53018,9.4629e-05
103,0,8.0,0.6265764,0.000300532
103,0,8.0,0.7229728000000001,0.0007544520000000001
103,0,8.0,0.8193691,0.001600998
103,0,8.0,0.9157654000000001,0.003008113
103,0,8.0,1.012162,0.01445974
103,0,8.0,1.108558,0.017997549999999998
103,0,8.0,1.204954,0.02118651
103,0,8.0,1.301351,0.024375479999999998
103,0,8.0,1.397747,0.02756444
103,0,8.0,1.494144,0.0307534
103,0,8.0,1.59054,0.03394237
103,0,8.0,1.686936,0.08213480000000001
103,0,8.0,1.783333,0.1303273
103,0,8.0,1.879729,0.1785198
103,0,8.0,2.024324,0.2749048
103,0,8.0,2.217116,0.1821509
103,0,8.0,2.409909,0.08939711
103,0,8.0,2.602702,0.10631059999999999
103,0,8.0,2.795494,0.2328916
103,0,8.0,2.988288,0.3594722
103,0,8.0,3.181081,0.2632423
103,0,8.0,3.373874,0.1670123
103,0,8.0,3.566666,0.1098979
103,0,8.0,3.759459,0.09189807
103,0,8.0,4.096846,0.2992435
103,0,8.0,4.578828,0.3492424
103,0,8.0,5.060809,0.2145822
103,0,8.0,5.542791,0.1027563
103,0,8.0,6.024772,0.08754400000000001
103,0,8.0,6.506754,0.07895695
103,0,8.0,6.988736,0.029174250000000002
103,0,8.0,7.470718,0.0035657320000000003
103,0,8.0,7.9527,0.0
103,0,9.0,0.03373873,1e-13
103,0,9.0,0.07229727000000001,1e-13
103,0,9.0,0.1445945,7.86205e-11
103,0,9.0,0.2409909,1.4666e-07
103,0,9.0,0.3373873,3.24823e-06
103,0,9.0,0.4337836,2.37632e-05
103,0,9.0,0.53018,0.00010392200000000001
103,0,9.0,0.6265764,0.000337285
103,0,9.0,0.7229728000000001,0.0008135130000000001
103,0,9.0,0.8193691,0.001751844
103,0,9.0,0.9157654000000001,0.0032466070000000003
103,0,9.0,1.012162,0.005558924
103,0,9.0,1.108558,0.008822742
103,0,9.0,1.204954,0.01322049
103,0,9.0,1.301351,0.01885975
103,0,9.0,1.397747,0.025842189999999998
103,0,9.0,1.494144,0.034200129999999995
103,0,9.0,1.59054,0.04397898
103,0,9.0,1.686936,0.05512522
103,0,9.0,1.783333,0.06743097
103,0,9.0,1.879729,0.08100891
103,0,9.0,2.024324,0.08334739
103,0,9.0,2.217116,0.1095493
103,0,9.0,2.409909,0.1357512
103,0,9.0,2.602702,0.2234332
103,0,9.0,2.795494,0.3111153
103,0,9.0,2.988288,0.30333180000000004
103,0,9.0,3.181081,0.200084
103,0,9.0,3.373874,0.09683734999999999
103,0,9.0,3.566666,0.1768677
103,0,9.0,3.759459,0.2568977
103,0,9.0,4.096846,0.1390382
103,0,9.0,4.578828,0.08022963000000001
103,0,9.0,5.060809,0.2744505
103,0,9.0,5.542791,0.275881
103,0,9.0,6.024772,0.17370349999999998
103,0,9.0,6.506754,0.06925966
103,0,9.0,6.988736,0.06981913000000001
103,0,9.0,7.470718,0.056274389999999994
103,0,9.0,7.9527,0.017761569999999997
103,0,9.0,8.434682,0.002227688
103,0,9.0,8.916664,0.0
103,0,10.0,0.03373873,1e-13
103,0,10.0,0.07229727000000001,1e-13
103,0,10.0,0.1445945,4.2609999999999996e-11
103,0,10.0,0.2409909,6.7886e-08
103,0,10.0,0.3373873,1.69961e-06
103,0,10.0,0.4337836,1.3707599999999999e-05
103,0,10.0,0.53018,6.456619999999999e-05
103,0,10.0,0.6265764,0.00021768200000000002
103,0,10.0,0.7229728000000001,0.0005801280000000001
103,0,10.0,0.8193691,0.001290257
103,0,10.0,0.9157654000000001,0.002484586
103,0,10.0,1.012162,0.004456005999999999
103,0,10.0,1.108558,0.006856293
103,0,10.0,1.204954,0.01017934
103,0,10.0,1.301351,0.01449034
103,0,10.0,1.397747,0.019930939999999998
103,0,10.0,1.494144,0.026380539999999997
103,0,10.0,1.59054,0.03471121
103,0,10.0,1.686936,0.04263492
103,0,10.0,1.783333,0.05181
103,0,10.0,1.879729,0.062072260000000004
103,0,10.0,2.024324,0.08483088
103,0,10.0,2.217116,0.10923880000000001
103,0,10.0,2.409909,0.13322430000000002
103,0,10.0,2.602702,0.1547997
103,0,10.0,2.795494,0.17376809999999998
103,0,10.0,2.988288,0.181646
103,0,10.0,3.181081,0.16960399999999998
103,0,10.0,3.373874,0.1575626
103,0,10.0,3.566666,0.2356219
103,0,10.0,3.759459,0.31368090000000004
103,0,10.0,4.096846,0.14167449999999998
103,0,10.0,4.578828,0.1883867
103,0,10.0,5.060809,0.1059076
103,0,10.0,5.542791,0.07374462
103,0,10.0,6.024772,0.2268853
103,0,10.0,6.506754,0.217533
103,0,10.0,6.988736,0.1302252
103,0,10.0,7.470718,0.052037450000000006
103,0,10.0,7.9527,0.04838276
103,0,10.0,8.434682,0.03612186
103,0,10.0,8.916663,0.010981119999999999
103,0,10.0,9.398645,0.001349746
103,0,10.0,9.880628,0.0
103,0,12.0,0.03373873,1e-13
103,0,12.0,0.07229727000000001,1.08744e-06
103,0,12.0,0.1445945,1.8698899999999998e-06
103,0,12.0,0.2409909,2.1647299999999998e-06
103,0,12.0,0.3373873,2.99968e-06
103,0,12.0,0.4337836,6.87587e-06
103,0,12.0,0.53018,2.21959e-05
103,0,12.0,0.6265764,6.78253e-05
103,0,12.0,0.7229728000000001,0.00017591200000000002
103,0,12.0,0.8193691,0.000391435
103,0,12.0,0.9157654000000001,0.000768711
103,0,12.0,1.012162,0.0013749110000000001
103,0,12.0,1.108558,0.00228617
103,0,12.0,1.204954,0.0035892
103,0,12.0,1.301351,0.005374838
103,0,12.0,1.397747,0.007741034000000001
103,0,12.0,1.494144,0.0108085
103,0,12.0,1.59054,0.01472208
103,0,12.0,1.686936,0.02060058
103,0,12.0,1.783333,0.02479624
103,0,12.0,1.879729,0.031377720000000005
103,0,12.0,2.024324,0.046594329999999996
103,0,12.0,2.217116,0.06758911
103,0,12.0,2.409909,0.09669963
103,0,12.0,2.602702,0.127689
103,0,12.0,2.795494,0.1542027
103,0,12.0,2.988288,0.1638232
103,0,12.0,3.181081,0.1719281
103,0,12.0,3.373874,0.1819261
103,0,12.0,3.566666,0.1819852
103,0,12.0,3.759459,0.1792447
103,0,12.0,4.096846,0.1739464
103,0,12.0,4.578828,0.1640001
103,0,12.0,5.060809,0.1111035
103,0,12.0,5.542791,0.1954614
103,0,12.0,6.024772,0.07547256
103,0,12.0,6.506754,0.1107809
103,0,12.0,6.988736,0.05321993
103,0,12.0,7.470718,0.059801419999999994
103,0,12.0,7.9527,0.1849192
103,0,12.0,8.434682,0.1623057
103,0,12.0,8.916663,0.08509497
103,0,12.0,9.398645,0.02581583
103,0,12.0,9.880628,0.023244
103,0,12.0,10.36261,0.01580149
103,0,12.0,10.84459,0.00320017
103,0,12.0,11.32657,0.00019323
103,0,12.0,11.80855,0.0
103,0,14.0,0.03373873,1e-13
103,0,14.0,0.07229727000000001,3.32257e-07
103,0,14.0,0.1445945,4.5329e-07
103,0,14.0,0.2409909,6.58691e-07
103,0,14.0,0.3373873,1.55772e-06
103,0,14.0,0.4337836,4.7360800000000006e-06
103,0,14.0,0.53018,8.94787e-06
103,0,14.0,0.6265764,1.65865e-05
103,0,14.0,0.7229728000000001,3.35059e-05
103,0,14.0,0.8193691,7.25184e-05
103,0,14.0,0.9157654000000001,0.000143678
103,0,14.0,1.012162,0.000271639
103,0,14.0,1.108558,0.000469876
103,0,14.0,1.204954,0.000764368
103,0,14.0,1.301351,0.001187264
103,0,14.0,1.397747,0.001748102
103,0,14.0,1.494144,0.00252449
103,0,14.0,1.59054,0.0035216229999999998
103,0,14.0,1.686936,0.0049092219999999995
103,0,14.0,1.783333,0.006625613
103,0,14.0,1.879729,0.009082407999999998
103,0,14.0,2.024324,0.01520132
103,0,14.0,2.217116,0.024264030000000002
103,0,14.0,2.409909,0.03563156
103,0,14.0,2.602702,0.0477712
103,0,14.0,2.795494,0.05923205
103,0,14.0,2.988288,0.07050782
103,0,14.0,3.181081,0.08206514000000001
103,0,14.0,3.373874,0.09556308000000001
103,0,14.0,3.566666,0.1112932
103,0,14.0,3.759459,0.11968649999999999
103,0,14.0,4.096846,0.1533234
103,0,14.0,4.578828,0.1829696
103,0,14.0,5.060809,0.17199350000000002
103,0,14.0,5.542791,0.1540302
103,0,14.0,6.024772,0.1415084
103,0,14.0,6.506754,0.1309215
103,0,14.0,6.988736,0.07569628
103,0,14.0,7.470718,0.1195504
103,0,14.0,7.9527,0.04886603
103,0,14.0,8.434682,0.06239855999999999
103,0,14.0,8.916663,0.035952160000000004
103,0,14.0,9.398645,0.06917888
103,0,14.0,9.880628,0.1771034
103,0,14.0,10.36261,0.1383806
103,0,14.0,10.84459,0.06755639
103,0,14.0,11.32657,0.017716739999999998
103,0,14.0,11.80856,0.01193166
103,0,14.0,12.29054,0.006815418
103,0,14.0,12.77252,0.001227777
103,0,14.0,13.2545,6.86112e-05
103,0,14.0,13.73648,0.0
103,0,16.0,0.03373873,1e-13
103,0,16.0,0.07229727000000001,3.37536e-08
103,0,16.0,0.1445945,4.7898699999999995e-08
103,0,16.0,0.2409909,5.57329e-08
103,0,16.0,0.3373873,6.478700000000001e-08
103,0,16.0,0.4337836,8.033309999999999e-08
103,0,16.0,0.53018,1.1519800000000001e-07
103,0,16.0,0.6265764,1.9396e-07
103,0,16.0,0.7229728000000001,3.5672200000000004e-07
103,0,16.0,0.8193691,6.609070000000001e-07
103,0,16.0,0.9157654000000001,1.18325e-06
103,0,16.0,1.012162,2.0270099999999997e-06
103,0,16.0,1.108558,3.3268e-06
103,0,16.0,1.204954,5.2740700000000005e-06
103,0,16.0,1.301351,7.99523e-06
103,0,16.0,1.397747,1.17642e-05
103,0,16.0,1.494144,1.70028e-05
103,0,16.0,1.59054,2.4475100000000002e-05
103,0,16.0,1.686936,3.56317e-05
103,0,16.0,1.783333,5.37659e-05
103,0,16.0,1.879729,8.973149999999999e-05
103,0,16.0,2.024324,0.00021102000000000002
103,0,16.0,2.217116,0.001656483
103,0,16.0,2.409909,0.004924519
103,0,16.0,2.602702,0.008636549
103,0,16.0,2.795494,0.01323601
103,0,16.0,2.988288,0.017975949999999997
103,0,16.0,3.181081,0.02280256
103,0,16.0,3.373874,0.02812838
103,0,16.0,3.566666,0.03480879
103,0,16.0,3.759459,0.04695232
103,0,16.0,4.096846,0.06927428999999999
103,0,16.0,4.578828,0.0882112
103,0,16.0,5.060809,0.112031
103,0,16.0,5.542791,0.1264238
103,0,16.0,6.024772,0.1612922
103,0,16.0,6.506754,0.1867819
103,0,16.0,6.988736,0.1714675
103,0,16.0,7.470718,0.1461047
103,0,16.0,7.9527,0.1318103
103,0,16.0,8.434682,1e-13
103,0,16.0,8.916663,0.05732989
103,0,16.0,9.398645,0.07496168
103,0,16.0,9.880628,0.03458602
103,0,16.0,10.36261,0.03985084
103,0,16.0,10.84459,0.03438463
103,0,16.0,11.32657,0.1007894
103,0,16.0,11.80856,0.2095365
103,0,16.0,12.29054,0.15044839999999998
103,0,16.0,12.77252,0.06784007
103,0,16.0,13.2545,0.01482409
103,0,16.0,13.73648,0.007018391
103,0,16.0,14.21846,0.003360062
103,0,16.0,14.70044,0.000534184
103,0,16.0,15.18243,2.7118800000000002e-05
103,0,16.0,15.66441,0.0
103,0,18.0,0.03373873,1e-13
103,0,18.0,0.07229727000000001,2.79882e-09
103,0,18.0,0.1445945,5.95999e-09
103,0,18.0,0.2409909,7.119010000000001e-09
103,0,18.0,0.3373873,9.23691e-09
103,0,18.0,0.4337836,1.5165700000000002e-08
103,0,18.0,0.53018,3.31144e-08
103,0,18.0,0.6265764,8.15129e-08
103,0,18.0,0.7229728000000001,1.90643e-07
103,0,18.0,0.8193691,3.848e-07
103,0,18.0,0.9157654000000001,7.1379e-07
103,0,18.0,1.012162,1.21707e-06
103,0,18.0,1.108558,1.94121e-06
103,0,18.0,1.204954,2.93523e-06
103,0,18.0,1.301351,4.25426e-06
103,0,18.0,1.397747,5.96315e-06
103,0,18.0,1.494144,8.127459999999999e-06
103,0,18.0,1.59054,1.07735e-05
103,0,18.0,1.686936,1.38893e-05
103,0,18.0,1.783333,1.75293e-05
103,0,18.0,1.879729,2.1907799999999997e-05
103,0,18.0,2.024324,3.19651e-05
103,0,18.0,2.217116,4.39916e-05
103,0,18.0,2.409909,5.73167e-05
103,0,18.0,2.602702,7.16375e-05
103,0,18.0,2.795494,8.88183e-05
103,0,18.0,2.988288,0.000110422
103,0,18.0,3.181081,0.00013628299999999998
103,0,18.0,3.373874,0.000174521
103,0,18.0,3.566666,0.000258217
103,0,18.0,3.759459,0.000607027
103,0,18.0,4.096846,0.008601091
103,0,18.0,4.578828,0.02031196
103,0,18.0,5.060809,0.03063404
103,0,18.0,5.542791,0.04751202
103,0,18.0,6.024772,0.07001888
103,0,18.0,6.506754,0.08579771
103,0,18.0,6.988736,0.1130968
103,0,18.0,7.470718,0.1224045
103,0,18.0,7.9527,0.1583632
103,0,18.0,8.434682,0.178578
103,0,18.0,8.916663,0.1599244
103,0,18.0,9.398645,0.1301745
103,0,18.0,9.880628,0.1172957
103,0,18.0,10.36261,1e-13
103,0,18.0,10.84459,0.03955074
103,0,18.0,11.32657,0.04226093
103,0,18.0,11.80856,0.02362534
103,0,18.0,12.29054,0.0270521
103,0,18.0,12.77252,0.04253574
103,0,18.0,13.2545,0.147675
103,0,18.0,13.73648,0.2520577
103,0,18.0,14.21846,0.1688014
103,0,18.0,14.70044,0.06952552000000001
103,0,18.0,15.18243,0.012472229999999999
103,0,18.0,15.66441,0.003892617
103,0,18.0,16.14639,0.001544976
103,0,18.0,16.62837,0.00021564
103,0,18.0,17.11035,9.828249999999999e-06
103,0,18.0,17.59233,0.0
103,0,20.0,0.03373873,1e-13
103,0,20.0,0.07229727000000001,6.59165e-11
103,0,20.0,0.1445945,2.77351e-10
103,0,20.0,0.2409909,3.91985e-10
103,0,20.0,0.3373873,1.38709e-09
103,0,20.0,0.4337836,6.3687400000000005e-09
103,0,20.0,0.53018,2.1706899999999998e-08
103,0,20.0,0.6265764,5.9086599999999997e-08
103,0,20.0,0.7229728000000001,1.5552700000000001e-07
103,0,20.0,0.8193691,3.31905e-07
103,0,20.0,0.9157654000000001,6.16403e-07
103,0,20.0,1.012162,1.03922e-06
103,0,20.0,1.108558,1.66695e-06
103,0,20.0,1.204954,2.53169e-06
103,0,20.0,1.301351,3.64018e-06
103,0,20.0,1.397747,5.01361e-06
103,0,20.0,1.494144,6.68196e-06
103,0,20.0,1.59054,8.719819999999999e-06
103,0,20.0,1.686936,1.1042400000000001e-05
103,0,20.0,1.783333,1.3659000000000001e-05
103,0,20.0,1.879729,1.66327e-05
103,0,20.0,2.024324,2.33251e-05
103,0,20.0,2.217116,3.1378100000000004e-05
103,0,20.0,2.409909,3.94788e-05
103,0,20.0,2.602702,4.7018600000000004e-05
103,0,20.0,2.795494,5.39018e-05
103,0,20.0,2.988288,6.02683e-05
103,0,20.0,3.181081,6.691000000000001e-05
103,0,20.0,3.373874,7.36496e-05
103,0,20.0,3.566666,8.002979999999999e-05
103,0,20.0,3.759459,8.816339999999999e-05
103,0,20.0,4.096846,0.000100919
103,0,20.0,4.578828,0.000123751
103,0,20.0,5.060809,0.000192382
103,0,20.0,5.542791,0.0007443419999999999
103,0,20.0,6.024772,0.009922113000000002
103,0,20.0,6.506754,0.02011544
103,0,20.0,6.988736,0.02957008
103,0,20.0,7.470718,0.045491300000000005
103,0,20.0,7.9527,0.06500657
103,0,20.0,8.434682,0.07844256000000001
103,0,20.0,8.916663,0.10872219999999999
103,0,20.0,9.398645,0.1139182
103,0,20.0,9.880628,0.15393800000000002
103,0,20.0,10.36261,0.16689769999999998
103,0,20.0,10.84459,0.14645180000000002
103,0,20.0,11.32657,0.1161893
103,0,20.0,11.80856,0.1061819
103,0,20.0,12.29054,1e-13
103,0,20.0,12.77252,0.02643448
103,0,20.0,13.2545,0.023447310000000002
103,0,20.0,13.73648,0.017040529999999998
103,0,20.0,14.21846,0.02255635
103,0,20.0,14.70044,0.060176980000000005
103,0,20.0,15.18243,0.2048828
103,0,20.0,15.66441,0.29279459999999996
103,0,20.0,16.14639,0.1838159
103,0,20.0,16.62837,0.06844316
103,0,20.0,17.11035,0.01014864
103,0,20.0,17.59234,0.002016142
103,0,20.0,18.07432,0.000650936
103,0,20.0,18.5563,7.94617e-05
103,0,20.0,19.03828,3.22734e-06
103,0,20.0,19.52027,0.0
103,0,22.0,0.03373873,1e-13
103,0,22.0,0.07229727000000001,3.86925e-13
103,0,22.0,0.1445945,1.26607e-11
103,0,22.0,0.2409909,1.15742e-10
103,0,22.0,0.3373873,9.63716e-10
103,0,22.0,0.4337836,3.87111e-09
103,0,22.0,0.53018,1.90003e-08
103,0,22.0,0.6265764,5.47895e-08
103,0,22.0,0.7229728000000001,1.2471600000000002e-07
103,0,22.0,0.8193691,2.79685e-07
103,0,22.0,0.9157654000000001,5.20459e-07
103,0,22.0,1.012162,8.71263e-07
103,0,22.0,1.108558,1.42892e-06
103,0,22.0,1.204954,2.1507499999999997e-06
103,0,22.0,1.301351,3.0623e-06
103,0,22.0,1.397747,4.28599e-06
103,0,22.0,1.494144,5.72176e-06
103,0,22.0,1.59054,7.4001e-06
103,0,22.0,1.686936,9.41122e-06
103,0,22.0,1.783333,1.16358e-05
103,0,22.0,1.879729,1.4133400000000001e-05
103,0,22.0,2.024324,1.97173e-05
103,0,22.0,2.217116,2.58644e-05
103,0,22.0,2.409909,3.22657e-05
103,0,22.0,2.602702,3.83567e-05
103,0,22.0,2.795494,4.39578e-05
103,0,22.0,2.988288,4.8874e-05
103,0,22.0,3.181081,5.2870699999999995e-05
103,0,22.0,3.373874,5.61298e-05
103,0,22.0,3.566666,5.8603599999999996e-05
103,0,22.0,3.759459,6.11051e-05
103,0,22.0,4.096846,6.56048e-05
103,0,22.0,4.578828,6.7714e-05
103,0,22.0,5.060809,7.29486e-05
103,0,22.0,5.542791,8.21984e-05
103,0,22.0,6.024772,9.331319999999999e-05
103,0,22.0,6.506754,0.00011755199999999999
103,0,22.0,6.988736,0.000201853
103,0,22.0,7.470718,0.001027312
103,0,22.0,7.9527,0.00993553
103,0,22.0,8.434682,0.01828024
103,0,22.0,8.916663,0.02661904
103,0,22.0,9.398645,0.04117681
103,0,22.0,9.880628,0.05732452
103,0,22.0,10.36261,0.07114258
103,0,22.0,10.84459,0.10167459999999999
103,0,22.0,11.32657,0.1063051
103,0,22.0,11.80856,0.15135010000000002
103,0,22.0,12.29054,0.1575095
103,0,22.0,12.77252,0.1340715
103,0,22.0,13.2545,0.1058415
103,0,22.0,13.73648,0.09879328999999999
103,0,22.0,14.21846,1e-13
103,0,22.0,14.70044,0.018268
103,0,22.0,15.18243,0.01405649
103,0,22.0,15.66441,0.0139166
103,0,22.0,16.14639,0.023825680000000002
103,0,22.0,16.62837,0.084541
103,0,22.0,17.11035,0.2595888
103,0,22.0,17.59234,0.317027
103,0,22.0,18.07432,0.18693220000000002
103,0,22.0,18.5563,0.062454319999999994
103,0,22.0,19.03828,0.007785955
103,0,22.0,19.76126,0.000257853
103,0,22.0,20.72522,9.88373e-07
103,0,22.0,21.68918,0.0
103,0,24.0,0.07229727000000001,1e-13
103,0,24.0,0.1445945,1.06643e-09
103,0,24.0,0.2409909,1.40097e-09
103,0,24.0,0.3373873,1.7334900000000002e-09
103,0,24.0,0.4337836,5.3636399999999995e-09
103,0,24.0,0.53018,1.4473899999999999e-08
103,0,24.0,0.6265764,4.28143e-08
103,0,24.0,0.7229728000000001,1.03421e-07
103,0,24.0,0.8193691,2.05305e-07
103,0,24.0,0.9157654000000001,4.0324e-07
103,0,24.0,1.012162,6.74431e-07
103,0,24.0,1.108558,1.10409e-06
103,0,24.0,1.204954,1.6652900000000001e-06
103,0,24.0,1.301351,2.3972500000000002e-06
103,0,24.0,1.397747,3.35991e-06
103,0,24.0,1.494144,4.4792400000000005e-06
103,0,24.0,1.59054,5.904450000000001e-06
103,0,24.0,1.686936,7.4555300000000004e-06
103,0,24.0,1.783333,9.307950000000001e-06
103,0,24.0,1.879729,1.14047e-05
103,0,24.0,2.024324,1.6039e-05
103,0,24.0,2.217116,2.12856e-05
103,0,24.0,2.409909,2.6677200000000003e-05
103,0,24.0,2.602702,3.20248e-05
103,0,24.0,2.795494,3.69646e-05
103,0,24.0,2.988288,4.1294699999999996e-05
103,0,24.0,3.181081,4.49017e-05
103,0,24.0,3.373874,4.7784099999999995e-05
103,0,24.0,3.566666,4.98335e-05
103,0,24.0,3.759459,5.16535e-05
103,0,24.0,4.096846,5.3619e-05
103,0,24.0,4.578828,5.47613e-05
103,0,24.0,5.060809,5.57338e-05
103,0,24.0,5.542791,5.6951000000000004e-05
103,0,24.0,6.024772,5.9824299999999996e-05
103,0,24.0,6.506754,6.11074e-05
103,0,24.0,6.988736,6.61661e-05
103,0,24.0,7.470718,7.435510000000001e-05
103,0,24.0,7.9527,8.45704e-05
103,0,24.0,8.434682,0.000109792
103,0,24.0,8.916663,0.000209813
103,0,24.0,9.398645,0.001761318
103,0,24.0,9.880628,0.009537937
103,0,24.0,10.36261,0.01665536
103,0,24.0,10.84459,0.02448363
103,0,24.0,11.32657,0.03838291
103,0,24.0,11.80856,0.05290011
103,0,24.0,12.29054,0.06995467
103,0,24.0,12.77252,0.0980535
103,0,24.0,13.2545,0.1054252
103,0,24.0,13.73648,0.15521390000000002
103,0,24.0,14.21846,0.1547684
103,0,24.0,14.70044,0.1264644
103,0,24.0,15.18243,0.1001465
103,0,24.0,15.66441,0.09463977000000001
103,0,24.0,16.14639,1e-13
103,0,24.0,16.62837,0.0142379
103,0,24.0,17.11035,0.01031886
103,0,24.0,17.59234,0.013538
103,0,24.0,18.07432,0.029576460000000002
103,0,24.0,18.5563,0.1153812
103,0,24.0,19.03828,0.310038
103,0,24.0,19.76126,0.1826833
103,0,24.0,20.72522,0.005812851999999999
103,0,24.0,21.68918,0.00010831
103,0,24.0,22.65314,3.1914e-07
103,0,24.0,23.61711,0.0
103,0,26.0,0.07229727000000001,1e-13
103,0,26.0,0.1445945,9.310490000000001e-09
103,0,26.0,0.2409909,1.48475e-08
103,0,26.0,0.3373873,1.59121e-08
103,0,26.0,0.4337836,1.84546e-08
103,0,26.0,0.53018,2.49887e-08
103,0,26.0,0.6265764,4.3277600000000004e-08
103,0,26.0,0.7229728000000001,7.7551e-08
103,0,26.0,0.8193691,1.49274e-07
103,0,26.0,0.9157654000000001,2.5727000000000003e-07
103,0,26.0,1.012162,4.44448e-07
103,0,26.0,1.108558,6.87547e-07
103,0,26.0,1.204954,1.0656900000000002e-06
103,0,26.0,1.301351,1.5152000000000001e-06
103,0,26.0,1.397747,2.15171e-06
103,0,26.0,1.494144,2.8698e-06
103,0,26.0,1.59054,3.81752e-06
103,0,26.0,1.686936,4.82982e-06
103,0,26.0,1.783333,6.13241e-06
103,0,26.0,1.879729,7.50858e-06
103,0,26.0,2.024324,1.07066e-05
103,0,26.0,2.217116,1.43859e-05
103,0,26.0,2.409909,1.8324e-05
103,0,26.0,2.602702,2.22869e-05
103,0,26.0,2.795494,2.60533e-05
103,0,26.0,2.988288,2.9456e-05
103,0,26.0,3.181081,3.24022e-05
103,0,26.0,3.373874,3.48703e-05
103,0,26.0,3.566666,3.68197e-05
103,0,26.0,3.759459,3.88353e-05
103,0,26.0,4.096846,4.1181000000000004e-05
103,0,26.0,4.578828,4.29989e-05
103,0,26.0,5.060809,4.42406e-05
103,0,26.0,5.542791,4.50649e-05
103,0,26.0,6.024772,4.56671e-05
103,0,26.0,6.506754,4.62311e-05
103,0,26.0,6.988736,4.6903699999999996e-05
103,0,26.0,7.470718,4.7842e-05
103,0,26.0,7.9527,4.9870900000000004e-05
103,0,26.0,8.434682,5.0850099999999996e-05
103,0,26.0,8.916663,5.5417499999999996e-05
103,0,26.0,9.398645,6.24185e-05
103,0,26.0,9.880628,7.16036e-05
103,0,26.0,10.36261,9.7576e-05
103,0,26.0,10.84459,0.000208049
103,0,26.0,11.32657,0.002132567
103,0,26.0,11.80856,0.008951587
103,0,26.0,12.29054,0.01485511
103,0,26.0,12.77252,0.02214439
103,0,26.0,13.2545,0.03566721
103,0,26.0,13.73648,0.048322630000000005
103,0,26.0,14.21846,0.06912884999999999
103,0,26.0,14.70044,0.09076005
103,0,26.0,15.18243,0.10247959999999999
103,0,26.0,15.66441,0.15136149999999998
103,0,26.0,16.14639,0.1444023
103,0,26.0,16.62837,0.1125661
103,0,26.0,17.11035,0.09004386
103,0,26.0,17.59234,0.08497802
103,0,26.0,18.07432,1e-13
103,0,26.0,18.5563,0.0116621
103,0,26.0,19.03828,0.008723239
103,0,26.0,19.76126,0.03644915
103,0,26.0,20.72522,0.3324347
103,0,26.0,21.68918,0.1626556
103,0,26.0,22.65314,0.0039850649999999994
103,0,26.0,23.61711,4.82695e-05
103,0,26.0,24.58107,1.08936e-07
103,0,26.0,25.54503,0.0
103,0,28.0,0.03373873,1e-13
103,0,28.0,0.07229727000000001,1.58838e-08
103,0,28.0,0.1445945,1.6840700000000002e-08
103,0,28.0,0.2409909,1.79324e-08
103,0,28.0,0.3373873,1.9195400000000003e-08
103,0,28.0,0.4337836,2.09786e-08
103,0,28.0,0.53018,2.63928e-08
103,0,28.0,0.6265764,3.48657e-08
103,0,28.0,0.7229728000000001,5.9283200000000006e-08
103,0,28.0,0.8193691,9.46987e-08
103,0,28.0,0.9157654000000001,1.65771e-07
103,0,28.0,1.012162,2.65384e-07
103,0,28.0,1.108558,4.1994699999999997e-07
103,0,28.0,1.204954,6.32244e-07
103,0,28.0,1.301351,9.09369e-07
103,0,28.0,1.397747,1.28689e-06
103,0,28.0,1.494144,1.72036e-06
103,0,28.0,1.59054,2.31201e-06
103,0,28.0,1.686936,2.92281e-06
103,0,28.0,1.783333,3.76681e-06
103,0,28.0,1.879729,4.626380000000001e-06
103,0,28.0,2.024324,6.69148e-06
103,0,28.0,2.217116,9.13691e-06
103,0,28.0,2.409909,1.18269e-05
103,0,28.0,2.602702,1.46118e-05
103,0,28.0,2.795494,1.73454e-05
103,0,28.0,2.988288,1.99078e-05
103,0,28.0,3.181081,2.22199e-05
103,0,28.0,3.373874,2.42556e-05
103,0,28.0,3.566666,2.6019799999999998e-05
103,0,28.0,3.759459,2.79347e-05
103,0,28.0,4.096846,3.0531800000000005e-05
103,0,28.0,4.578828,3.28607e-05
103,0,28.0,5.060809,3.47402e-05
103,0,28.0,5.542791,3.64806e-05
103,0,28.0,6.024772,3.78447e-05
103,0,28.0,6.506754,3.92107e-05
103,0,28.0,6.988736,4.01092e-05
103,0,28.0,7.470718,4.06466e-05
103,0,28.0,7.9527,4.09754e-05
103,0,28.0,8.434682,4.12976e-05
103,0,28.0,8.916663,4.16951e-05
103,0,28.0,9.398645,4.25144e-05
103,0,28.0,9.880628,4.4271200000000004e-05
103,0,28.0,10.36261,4.5467700000000005e-05
103,0,28.0,10.84459,5.02343e-05
103,0,28.0,11.32657,5.72272e-05
103,0,28.0,11.80856,6.712680000000001e-05
103,0,28.0,12.29054,9.59198e-05
103,0,28.0,12.77252,0.00022756899999999998
103,0,28.0,13.2545,0.00307063
103,0,28.0,13.73648,0.009014919000000001
103,0,28.0,14.21846,0.01483556
103,0,28.0,14.70044,0.02252627
103,0,28.0,15.18243,0.03599951
103,0,28.0,15.66441,0.048178290000000006
103,0,28.0,16.14639,0.07398987
103,0,28.0,16.62837,0.08951980999999999
103,0,28.0,17.11035,0.10625470000000001
103,0,28.0,17.59234,0.15458260000000001
103,0,28.0,18.07432,0.1407005
103,0,28.0,18.5563,0.105176
103,0,28.0,19.03828,0.08711793
103,0,28.0,19.76126,1e-13
103,0,28.0,20.72522,0.008976399
103,0,28.0,21.68918,0.04769208
103,0,28.0,22.65314,0.3616554
103,0,28.0,23.61711,0.148381
103,0,28.0,24.58107,0.00282271
103,0,28.0,25.54504,2.73072e-05
103,0,28.0,26.509,4.7121800000000006e-08
103,0,28.0,27.47296,0.0
103,0,30.0,0.03373873,1e-13
103,0,30.0,0.07229727000000001,9.35717e-09
103,0,30.0,0.1445945,9.97526e-09
103,0,30.0,0.2409909,1.09888e-08
103,0,30.0,0.3373873,1.16764e-08
103,0,30.0,0.4337836,1.33618e-08
103,0,30.0,0.53018,1.58633e-08
103,0,30.0,0.6265764,2.16949e-08
103,0,30.0,0.7229728000000001,3.1164e-08
103,0,30.0,0.8193691,5.3606599999999996e-08
103,0,30.0,0.9157654000000001,8.274279999999999e-08
103,0,30.0,1.012162,1.39433e-07
103,0,30.0,1.108558,2.15331e-07
103,0,30.0,1.204954,3.20136e-07
103,0,30.0,1.301351,4.77341e-07
103,0,30.0,1.397747,6.49786e-07
103,0,30.0,1.494144,9.102580000000001e-07
103,0,30.0,1.59054,1.18065e-06
103,0,30.0,1.686936,1.55338e-06
103,0,30.0,1.783333,1.95977e-06
103,0,30.0,1.879729,2.46797e-06
103,0,30.0,2.024324,3.59843e-06
103,0,30.0,2.217116,4.98227e-06
103,0,30.0,2.409909,6.5478499999999995e-06
103,0,30.0,2.602702,8.257509999999999e-06
103,0,30.0,2.795494,9.97624e-06
103,0,30.0,2.988288,1.1627900000000001e-05
103,0,30.0,3.181081,1.31878e-05
103,0,30.0,3.373874,1.4632999999999999e-05
103,0,30.0,3.566666,1.59584e-05
103,0,30.0,3.759459,1.74229e-05
103,0,30.0,4.096846,1.98867e-05
103,0,30.0,4.578828,2.22071e-05
103,0,30.0,5.060809,2.4331600000000003e-05
103,0,30.0,5.542791,2.63386e-05
103,0,30.0,6.024772,2.82698e-05
103,0,30.0,6.506754,3.00574e-05
103,0,30.0,6.988736,3.15867e-05
103,0,30.0,7.470718,3.28864e-05
103,0,30.0,7.9527,3.39843e-05
103,0,30.0,8.434682,3.50167e-05
103,0,30.0,8.916663,3.56353e-05
103,0,30.0,9.398645,3.5996000000000006e-05
103,0,30.0,9.880628,3.6262e-05
103,0,30.0,10.36261,3.66852e-05
103,0,30.0,10.84459,3.71463e-05
103,0,30.0,11.32657,3.83578e-05
103,0,30.0,11.80856,3.98565e-05
103,0,30.0,12.29054,4.1749300000000004e-05
103,0,30.0,12.77252,4.68053e-05
103,0,30.0,13.2545,5.39676e-05
103,0,30.0,13.73648,6.47565e-05
103,0,30.0,14.21846,9.50648e-05
103,0,30.0,14.70044,0.00028028300000000004
103,0,30.0,15.18243,0.003479181
103,0,30.0,15.66441,0.009384904
103,0,30.0,16.14639,0.01468599
103,0,30.0,16.62837,0.02317111
103,0,30.0,17.11035,0.03641026
103,0,30.0,17.59234,0.048448700000000004
103,0,30.0,18.07432,0.07766412
103,0,30.0,18.5563,0.08731986
103,0,30.0,19.03828,0.1277495
103,0,30.0,19.76126,0.1309071
103,0,30.0,20.72522,0.0810554
103,0,30.0,21.68918,1e-13
103,0,30.0,22.65314,0.009735822
103,0,30.0,23.61711,0.0610435
103,0,30.0,24.58107,0.3759677
103,0,30.0,25.54504,0.1300386
103,0,30.0,26.509,0.001935119
103,0,30.0,27.47296,1.7300399999999998e-05
103,0,30.0,28.43693,2.27754e-08
103,0,30.0,29.40089,0.0
103,0,200.0,0.03373873,1e-13
103,0,200.0,0.07229727000000001,9.35717e-09
103,0,200.0,0.1445945,9.97526e-09
103,0,200.0,0.2409909,1.09888e-08
103,0,200.0,0.3373873,1.16764e-08
103,0,200.0,0.4337836,1.33618e-08
103,0,200.0,0.53018,1.58633e-08
103,0,200.0,0.6265764,2.16949e-08
103,0,200.0,0.7229728000000001,3.1164e-08
103,0,200.0,0.8193691,5.3606599999999996e-08
103,0,200.0,0.9157654000000001,8.274279999999999e-08
103,0,200.0,1.012162,1.39433e-07
103,0,200.0,1.108558,2.15331e-07
103,0,200.0,1.204954,3.20136e-07
103,0,200.0,1.301351,4.77341e-07
103,0,200.0,1.397747,6.49786e-07
103,0,200.0,1.494144,9.102580000000001e-07
103,0,200.0,1.59054,1.18065e-06
103,0,200.0,1.686936,1.55338e-06
103,0,200.0,1.783333,1.95977e-06
103,0,200.0,1.879729,2.46797e-06
103,0,200.0,2.024324,3.59843e-06
103,0,200.0,2.217116,4.98227e-06
103,0,200.0,2.409909,6.5478499999999995e-06
103,0,200.0,2.602702,8.257509999999999e-06
103,0,200.0,2.795494,9.97624e-06
103,0,200.0,2.988288,1.1627900000000001e-05
103,0,200.0,3.181081,1.31878e-05
103,0,200.0,3.373874,1.4632999999999999e-05
103,0,200.0,3.566666,1.59584e-05
103,0,200.0,3.759459,1.74229e-05
103,0,200.0,4.096846,1.98867e-05
103,0,200.0,4.578828,2.22071e-05
103,0,200.0,5.060809,2.4331600000000003e-05
103,0,200.0,5.542791,2.63386e-05
103,0,200.0,6.024772,2.82698e-05
103,0,200.0,6.506754,3.00574e-05
103,0,200.0,6.988736,3.15867e-05
103,0,200.0,7.470718,3.28864e-05
103,0,200.0,7.9527,3.39843e-05
103,0,200.0,8.434682,3.50167e-05
103,0,200.0,8.916663,3.56353e-05
103,0,200.0,9.398645,3.5996000000000006e-05
103,0,200.0,9.880628,3.6262e-05
103,0,200.0,10.36261,3.66852e-05
103,0,200.0,10.84459,3.71463e-05
103,0,200.0,11.32657,3.83578e-05
103,0,200.0,11.80856,3.98565e-05
103,0,200.0,12.29054,4.1749300000000004e-05
103,0,200.0,12.77252,4.68053e-05
103,0,200.0,13.2545,5.39676e-05
103,0,200.0,13.73648,6.47565e-05
103,0,200.0,14.21846,9.50648e-05
103,0,200.0,14.70044,0.00028028300000000004
103,0,200.0,15.18243,0.003479181
103,0,200.0,15.66441,0.009384904
103,0,200.0,16.14639,0.01468599
103,0,200.0,16.62837,0.02317111
103,0,200.0,17.11035,0.03641026
103,0,200.0,17.59234,0.048448700000000004
103,0,200.0,18.07432,0.07766412
103,0,200.0,18.5563,0.08731986
103,0,200.0,19.03828,0.1277495
103,0,200.0,19.76126,0.1309071
103,0,200.0,20.72522,0.0810554
103,0,200.0,21.68918,1e-13
103,0,200.0,22.65314,0.009735822
103,0,200.0,23.61711,0.0610435
103,0,200.0,24.58107,0.3759677
103,0,200.0,25.54504,0.1300386
103,0,200.0,26.509,0.001935119
103,0,200.0,27.47296,1.7300399999999998e-05
103,0,200.0,28.43693,2.27754e-08
103,0,200.0,29.40089,0.0
111,0,8.580241,0.0,13.85114
111,0,8.580241,0.07219623,0.0
111,0,10.0,0.03369158,1e-13
111,0,10.0,0.07219623,7.52468e-12
111,0,10.0,0.1443925,1.16079e-06
111,0,10.0,0.2406541,0.05277697
111,0,10.0,0.3369158,0.640955
111,0,10.0,0.43317740000000005,1.519368
111,0,10.0,0.5294390999999999,2.1085
111,0,10.0,0.6257007,2.219919
111,0,10.0,0.7219624,2.055119
111,0,10.0,0.8182241,1.350484
111,0,10.0,0.9144857,0.4126553
111,0,10.0,1.010747,0.02857477
111,0,10.0,1.107009,4.888509999999999e-07
111,0,10.0,1.203271,0.0
111,0,12.0,0.03369158,1e-13
111,0,12.0,0.07219623,0.000110725
111,0,12.0,0.1443925,0.00017381500000000002
111,0,12.0,0.2406541,0.001898975
111,0,12.0,0.3369158,0.0233055
111,0,12.0,0.43317740000000005,0.09704007
111,0,12.0,0.5294390999999999,0.2137385
111,0,12.0,0.6257007,0.33715280000000003
111,0,12.0,0.7219624,0.439572
111,0,12.0,0.8182241,0.5106056
111,0,12.0,0.9144857,0.5396133
111,0,12.0,1.010747,0.5384647
111,0,12.0,1.107009,0.5236301
111,0,12.0,1.203271,0.5062304
111,0,12.0,1.299532,0.4975382
111,0,12.0,1.395794,0.5032333
111,0,12.0,1.492056,0.483117
111,0,12.0,1.588317,0.481186
111,0,12.0,1.684579,0.508075
111,0,12.0,1.78084,0.49458130000000006
111,0,12.0,1.877102,0.49443
111,0,12.0,2.021495,0.5364559
111,0,12.0,2.214018,0.5035174
111,0,12.0,2.406541,0.32986859999999996
111,0,12.0,2.599064,0.0996469
111,0,12.0,2.791588,0.004226229000000001
111,0,12.0,2.984112,1.9395599999999998e-05
111,0,12.0,3.176635,0.0
111,0,14.0,0.03369158,1e-13
111,0,14.0,0.07219623,0.00032311
111,0,14.0,0.1443925,0.00035672
111,0,14.0,0.2406541,0.0005005540000000001
111,0,14.0,0.3369158,0.004758274
111,0,14.0,0.43317740000000005,0.016801049999999998
111,0,14.0,0.5294390999999999,0.04726235
111,0,14.0,0.6257007,0.08243916
111,0,14.0,0.7219624,0.1235498
111,0,14.0,0.8182241,0.1683636
111,0,14.0,0.9144857,0.1996883
111,0,14.0,1.010747,0.2305569
111,0,14.0,1.107009,0.24986689999999998
111,0,14.0,1.203271,0.27441479999999996
111,0,14.0,1.299532,0.2951989
111,0,14.0,1.395794,0.3094395
111,0,14.0,1.492056,0.31710289999999997
111,0,14.0,1.588317,0.3274519
111,0,14.0,1.684579,0.3381147
111,0,14.0,1.78084,0.3490144
111,0,14.0,1.877102,0.3594312
111,0,14.0,2.021495,0.3787178
111,0,14.0,2.214018,0.3831395
111,0,14.0,2.406541,0.3672749
111,0,14.0,2.599064,0.3382825
111,0,14.0,2.791588,0.3099249
111,0,14.0,2.984112,0.28328939999999997
111,0,14.0,3.176636,0.2575437
111,0,14.0,3.369159,0.2357581
111,0,14.0,3.561682,0.2178207
111,0,14.0,3.754205,0.1688917
111,0,14.0,4.09112,0.07441557
111,0,14.0,4.572428,0.001476049
111,0,14.0,5.053736,0.0
111,0,16.0,0.03369158,1e-13
111,0,16.0,0.07219623,4.99914e-05
111,0,16.0,0.1443925,7.007400000000001e-05
111,0,16.0,0.2406541,0.00016812
111,0,16.0,0.3369158,0.001373455
111,0,16.0,0.43317740000000005,0.007077902
111,0,16.0,0.5294390999999999,0.01919506
111,0,16.0,0.6257007,0.037451750000000006
111,0,16.0,0.7219624,0.06101229999999999
111,0,16.0,0.8182241,0.08721334
111,0,16.0,0.9144857,0.1126674
111,0,16.0,1.010747,0.1360437
111,0,16.0,1.107009,0.1546243
111,0,16.0,1.203271,0.1694805
111,0,16.0,1.299532,0.18746410000000002
111,0,16.0,1.395794,0.2048574
111,0,16.0,1.492056,0.2209454
111,0,16.0,1.588317,0.2343801
111,0,16.0,1.684579,0.2458006
111,0,16.0,1.78084,0.2563379
111,0,16.0,1.877102,0.2673163
111,0,16.0,2.021495,0.2846238
111,0,16.0,2.214018,0.31018419999999997
111,0,16.0,2.406541,0.31465210000000005
111,0,16.0,2.599064,0.29808799999999996
111,0,16.0,2.791588,0.2728319
111,0,16.0,2.984112,0.25588760000000005
111,0,16.0,3.176636,0.24361030000000003
111,0,16.0,3.369159,0.230811
111,0,16.0,3.561682,0.2184781
111,0,16.0,3.754205,0.1989373
111,0,16.0,4.09112,0.159665
111,0,16.0,4.572428,0.12122179999999999
111,0,16.0,5.053736,0.09575848999999999
111,0,16.0,5.535044,0.062142909999999996
111,0,16.0,6.016353,0.020402899999999998
111,0,16.0,6.497662,0.000121483
111,0,16.0,6.97897,0.0
111,0,18.0,0.03369158,1e-13
111,0,18.0,0.07219623,3.14428e-06
111,0,18.0,0.1443925,6.68744e-06
111,0,18.0,0.2406541,5.48293e-05
111,0,18.0,0.3369158,0.00093001
111,0,18.0,0.43317740000000005,0.004774549
111,0,18.0,0.5294390999999999,0.01305074
111,0,18.0,0.6257007,0.02590758
111,0,18.0,0.7219624,0.0425045
111,0,18.0,0.8182241,0.06140537000000001
111,0,18.0,0.9144857,0.08127827
111,0,18.0,1.010747,0.10215139999999999
111,0,18.0,1.107009,0.1163644
111,0,18.0,1.203271,0.126574
111,0,18.0,1.299532,0.14116889999999999
111,0,18.0,1.395794,0.15776600000000002
111,0,18.0,1.492056,0.17245280000000002
111,0,18.0,1.588317,0.18483139999999998
111,0,18.0,1.684579,0.1962279
111,0,18.0,1.78084,0.2069733
111,0,18.0,1.877102,0.2177501
111,0,18.0,2.021495,0.2370864
111,0,18.0,2.214018,0.2506586
111,0,18.0,2.406541,0.2503441
111,0,18.0,2.599064,0.23767000000000002
111,0,18.0,2.791588,0.21151250000000002
111,0,18.0,2.984112,0.19012710000000002
111,0,18.0,3.176636,0.1740292
111,0,18.0,3.369159,0.1598105
111,0,18.0,3.561682,0.1564104
111,0,18.0,3.754205,0.15988290000000002
111,0,18.0,4.09112,0.172955
111,0,18.0,4.572428,0.1535469
111,0,18.0,5.053736,0.130552
111,0,18.0,5.535044,0.1089545
111,0,18.0,6.016353,0.08673372
111,0,18.0,6.497662,0.06934049
111,0,18.0,6.97897,0.05893329
111,0,18.0,7.460278,0.0361548
111,0,18.0,7.941586,0.009294380999999999
111,0,18.0,8.422894,1.78829e-05
111,0,18.0,8.904203,0.0
111,0,20.0,0.03369158,1e-13
111,0,20.0,0.07219623,6.47129e-08
111,0,20.0,0.1443925,2.88648e-07
111,0,20.0,0.2406541,2.87479e-05
111,0,20.0,0.3369158,0.000756136
111,0,20.0,0.43317740000000005,0.003769863
111,0,20.0,0.5294390999999999,0.010295150000000001
111,0,20.0,0.6257007,0.01965401
111,0,20.0,0.7219624,0.03168606
111,0,20.0,0.8182241,0.046262609999999996
111,0,20.0,0.9144857,0.062137130000000006
111,0,20.0,1.010747,0.07880279
111,0,20.0,1.107009,0.08853322
111,0,20.0,1.203271,0.09890547
111,0,20.0,1.299532,0.1111465
111,0,20.0,1.395794,0.12485910000000001
111,0,20.0,1.492056,0.1368151
111,0,20.0,1.588317,0.14646910000000002
111,0,20.0,1.684579,0.15651269999999998
111,0,20.0,1.78084,0.16652329999999999
111,0,20.0,1.877102,0.1765507
111,0,20.0,2.021495,0.1968503
111,0,20.0,2.214018,0.2117993
111,0,20.0,2.406541,0.2181297
111,0,20.0,2.599064,0.2146186
111,0,20.0,2.791588,0.2000225
111,0,20.0,2.984112,0.18695599999999998
111,0,20.0,3.176636,0.1782602
111,0,20.0,3.369159,0.1659109
111,0,20.0,3.561682,0.1584907
111,0,20.0,3.754205,0.1478823
111,0,20.0,4.09112,0.1284008
111,0,20.0,4.572428,0.1047534
111,0,20.0,5.053736,0.08820407000000001
111,0,20.0,5.535044,0.09447331
111,0,20.0,6.016353,0.1090493
111,0,20.0,6.497662,0.09946574
111,0,20.0,6.97897,0.08870147
111,0,20.0,7.460278,0.07535755
111,0,20.0,7.941586,0.06060449
111,0,20.0,8.422894,0.04935357
111,0,20.0,8.904202,0.04401587
111,0,20.0,9.38551,0.02491565
111,0,20.0,9.866819,0.0048458749999999995
111,0,20.0,10.34813,0.0
111,0,22.0,0.03369158,1e-13
111,0,22.0,0.07219623,3.87662e-10
111,0,22.0,0.1443925,4.90474e-08
111,0,22.0,0.2406541,4.0351e-05
111,0,22.0,0.3369158,0.00066886
111,0,22.0,0.43317740000000005,0.003108772
111,0,22.0,0.5294390999999999,0.00848258
111,0,22.0,0.6257007,0.01641597
111,0,22.0,0.7219624,0.0266127
111,0,22.0,0.8182241,0.03779929
111,0,22.0,0.9144857,0.050731469999999994
111,0,22.0,1.010747,0.06319899999999999
111,0,22.0,1.107009,0.07388671999999999
111,0,22.0,1.203271,0.08202171999999999
111,0,22.0,1.299532,0.09277645999999999
111,0,22.0,1.395794,0.10348600000000001
111,0,22.0,1.492056,0.1124217
111,0,22.0,1.588317,0.12180909999999999
111,0,22.0,1.684579,0.1306719
111,0,22.0,1.78084,0.1394119
111,0,22.0,1.877102,0.1493777
111,0,22.0,2.021495,0.1676915
111,0,22.0,2.214018,0.1819158
111,0,22.0,2.406541,0.1893252
111,0,22.0,2.599064,0.1884474
111,0,22.0,2.791588,0.1800676
111,0,22.0,2.984112,0.17063440000000002
111,0,22.0,3.176636,0.1636211
111,0,22.0,3.369159,0.1555594
111,0,22.0,3.561682,0.14825660000000002
111,0,22.0,3.754205,0.1400258
111,0,22.0,4.09112,0.1262774
111,0,22.0,4.572428,0.1089539
111,0,22.0,5.053736,0.09366225
111,0,22.0,5.535044,0.08341783
111,0,22.0,6.016353,0.07364267000000001
111,0,22.0,6.497662,0.06401068
111,0,22.0,6.97897,0.060545789999999995
111,0,22.0,7.460278,0.07134333999999999
111,0,22.0,7.941586,0.08122605
111,0,22.0,8.422894,0.07465372
111,0,22.0,8.904202,0.06700934
111,0,22.0,9.38551,0.056938600000000006
111,0,22.0,9.866819,0.04636974
111,0,22.0,10.34813,0.039008690000000006
111,0,22.0,10.82944,0.0356715
111,0,22.0,11.31074,0.01852757
111,0,22.0,11.79205,0.002663726
111,0,22.0,12.27336,0.0
111,0,24.0,0.03369158,1e-13
111,0,24.0,0.07219623,1e-13
111,0,24.0,0.1443925,1.02206e-06
111,0,24.0,0.2406541,3.58779e-06
111,0,24.0,0.3369158,0.000700331
111,0,24.0,0.43317740000000005,0.002788492
111,0,24.0,0.5294390999999999,0.007717661
111,0,24.0,0.6257007,0.01407423
111,0,24.0,0.7219624,0.022674020000000003
111,0,24.0,0.8182241,0.032701129999999995
111,0,24.0,0.9144857,0.04401759
111,0,24.0,1.010747,0.05389533
111,0,24.0,1.107009,0.062434399999999994
111,0,24.0,1.203271,0.07108203
111,0,24.0,1.299532,0.07917505
111,0,24.0,1.395794,0.08843865000000001
111,0,24.0,1.492056,0.09634525000000001
111,0,24.0,1.588317,0.1045281
111,0,24.0,1.684579,0.1129951
111,0,24.0,1.78084,0.12164830000000001
111,0,24.0,1.877102,0.130597
111,0,24.0,2.021495,0.14648730000000001
111,0,24.0,2.214018,0.1602054
111,0,24.0,2.406541,0.1680095
111,0,24.0,2.599064,0.1701578
111,0,24.0,2.791588,0.164553
111,0,24.0,2.984112,0.1591182
111,0,24.0,3.176636,0.15394059999999998
111,0,24.0,3.369159,0.14756829999999999
111,0,24.0,3.561682,0.1424001
111,0,24.0,3.754205,0.1347728
111,0,24.0,4.09112,0.1211417
111,0,24.0,4.572428,0.1051581
111,0,24.0,5.053736,0.08998301
111,0,24.0,5.535044,0.07956855
111,0,24.0,6.016353,0.07225169000000001
111,0,24.0,6.497662,0.06546318999999999
111,0,24.0,6.97897,0.06037005
111,0,24.0,7.460278,0.056840619999999994
111,0,24.0,7.941586,0.051633160000000004
111,0,24.0,8.422894,0.046772890000000004
111,0,24.0,8.904202,0.04732144
111,0,24.0,9.38551,0.058055840000000004
111,0,24.0,9.866819,0.063961
111,0,24.0,10.34813,0.05936536
111,0,24.0,10.82944,0.05377449
111,0,24.0,11.31074,0.04597965
111,0,24.0,11.79205,0.0381465
111,0,24.0,12.27336,0.03436581
111,0,24.0,12.75467,0.03019452
111,0,24.0,13.23598,0.01431002
111,0,24.0,13.71728,0.00147294
111,0,24.0,14.19859,0.0
111,0,26.0,0.03369158,1e-13
111,0,26.0,0.07219623,1e-13
111,0,26.0,0.1443925,7.65052e-06
111,0,26.0,0.2406541,5.44102e-05
111,0,26.0,0.3369158,0.000506524
111,0,26.0,0.43317740000000005,0.0029156
111,0,26.0,0.5294390999999999,0.006777343
111,0,26.0,0.6257007,0.01325537
111,0,26.0,0.7219624,0.020765040000000002
111,0,26.0,0.8182241,0.03000472
111,0,26.0,0.9144857,0.03981773
111,0,26.0,1.010747,0.04887333
111,0,26.0,1.107009,0.055525910000000005
111,0,26.0,1.203271,0.06317008
111,0,26.0,1.299532,0.0701465
111,0,26.0,1.395794,0.07794067
111,0,26.0,1.492056,0.08551739
111,0,26.0,1.588317,0.09308687
111,0,26.0,1.684579,0.100281
111,0,26.0,1.78084,0.1076453
111,0,26.0,1.877102,0.1150519
111,0,26.0,2.021495,0.12803199999999998
111,0,26.0,2.214018,0.1401585
111,0,26.0,2.406541,0.1485454
111,0,26.0,2.599064,0.15123499999999998
111,0,26.0,2.791588,0.1481053
111,0,26.0,2.984112,0.14563210000000001
111,0,26.0,3.176636,0.1430909
111,0,26.0,3.369159,0.138461
111,0,26.0,3.561682,0.1345018
111,0,26.0,3.754205,0.1291553
111,0,26.0,4.09112,0.1172858
111,0,26.0,4.572428,0.1034723
111,0,26.0,5.053736,0.08978643
111,0,26.0,5.535044,0.07902825000000001
111,0,26.0,6.016353,0.07061161
111,0,26.0,6.497662,0.06324631
111,0,26.0,6.97897,0.05714068
111,0,26.0,7.460278,0.05248664
111,0,26.0,7.941586,0.04911263
111,0,26.0,8.422894,0.045911360000000005
111,0,26.0,8.904202,0.04381389
111,0,26.0,9.38551,0.042599660000000004
111,0,26.0,9.866819,0.03951373
111,0,26.0,10.34813,0.037156909999999994
111,0,26.0,10.82944,0.03992551
111,0,26.0,11.31074,0.050340300000000004
111,0,26.0,11.79205,0.05413549
111,0,26.0,12.27336,0.05097984
111,0,26.0,12.75467,0.04670092
111,0,26.0,13.23598,0.040026200000000005
111,0,26.0,13.71728,0.033807409999999996
111,0,26.0,14.19859,0.03288936
111,0,26.0,14.6799,0.02646771
111,0,26.0,15.16121,0.01120186
111,0,26.0,15.64252,0.000742579
111,0,26.0,16.12382,0.0
111,0,28.0,0.03369158,1e-13
111,0,28.0,0.07219623,1.15534e-05
111,0,28.0,0.1443925,1.23117e-05
111,0,28.0,0.2406541,6.88329e-05
111,0,28.0,0.3369158,0.00040038700000000004
111,0,28.0,0.43317740000000005,0.002995438
111,0,28.0,0.5294390999999999,0.006394441
111,0,28.0,0.6257007,0.012685450000000001
111,0,28.0,0.7219624,0.019905489999999998
111,0,28.0,0.8182241,0.02854209
111,0,28.0,0.9144857,0.03810394
111,0,28.0,1.010747,0.047191399999999994
111,0,28.0,1.107009,0.053113070000000005
111,0,28.0,1.203271,0.05854768
111,0,28.0,1.299532,0.06584695
111,0,28.0,1.395794,0.07332019
111,0,28.0,1.492056,0.0804154
111,0,28.0,1.588317,0.08696368
111,0,28.0,1.684579,0.09342367
111,0,28.0,1.78084,0.09885138
111,0,28.0,1.877102,0.1045136
111,0,28.0,2.021495,0.11462030000000001
111,0,28.0,2.214018,0.1243169
111,0,28.0,2.406541,0.1305426
111,0,28.0,2.599064,0.1322765
111,0,28.0,2.791588,0.12800910000000001
111,0,28.0,2.984112,0.12555270000000002
111,0,28.0,3.176636,0.1230853
111,0,28.0,3.369159,0.1202339
111,0,28.0,3.561682,0.1178845
111,0,28.0,3.754205,0.1153162
111,0,28.0,4.09112,0.10788500000000001
111,0,28.0,4.572428,0.09926097
111,0,28.0,5.053736,0.08823394999999999
111,0,28.0,5.535044,0.07986415
111,0,28.0,6.016353,0.07200459
111,0,28.0,6.497662,0.06504683
111,0,28.0,6.97897,0.05886263
111,0,28.0,7.460278,0.053335360000000005
111,0,28.0,7.941586,0.04853405
111,0,28.0,8.422894,0.04440804
111,0,28.0,8.904202,0.04116835
111,0,28.0,9.38551,0.03874473
111,0,28.0,9.866819,0.03719692
111,0,28.0,10.34813,0.03578731
111,0,28.0,10.82944,0.035328269999999995
111,0,28.0,11.31074,0.03537779
111,0,28.0,11.79205,0.033470400000000004
111,0,28.0,12.27336,0.03261201
111,0,28.0,12.75467,0.03693521
111,0,28.0,13.23598,0.0478571
111,0,28.0,13.71728,0.049633
111,0,28.0,14.19859,0.04703444
111,0,28.0,14.6799,0.0431247
111,0,28.0,15.16121,0.03693257
111,0,28.0,15.64252,0.03164289
111,0,28.0,16.12383,0.032564
111,0,28.0,16.60514,0.02360696
111,0,28.0,17.08644,0.009075718
111,0,28.0,17.56775,0.000100745
111,0,28.0,18.04906,0.0
111,0,30.0,0.03369158,1e-13
111,0,30.0,0.07219623,6.72971e-06
111,0,30.0,0.1443925,1.04647e-05
111,0,30.0,0.2406541,3.63818e-05
111,0,30.0,0.3369158,0.000366792
111,0,30.0,0.43317740000000005,0.0033011069999999997
111,0,30.0,0.5294390999999999,0.006468655
111,0,30.0,0.6257007,0.01338985
111,0,30.0,0.7219624,0.02055376
111,0,30.0,0.8182241,0.02901306
111,0,30.0,0.9144857,0.03847805
111,0,30.0,1.010747,0.04549931
111,0,30.0,1.107009,0.05132897
111,0,30.0,1.203271,0.05802
111,0,30.0,1.299532,0.06533045
111,0,30.0,1.395794,0.07220768999999999
111,0,30.0,1.492056,0.07864204
111,0,30.0,1.588317,0.08490036
111,0,30.0,1.684579,0.08978167
111,0,30.0,1.78084,0.09482651
111,0,30.0,1.877102,0.09966997
111,0,30.0,2.021495,0.1084181
111,0,30.0,2.214018,0.1165849
111,0,30.0,2.406541,0.1209957
111,0,30.0,2.599064,0.12041929999999999
111,0,30.0,2.791588,0.11531390000000001
111,0,30.0,2.984112,0.1123212
111,0,30.0,3.176636,0.1086255
111,0,30.0,3.369159,0.10509210000000001
111,0,30.0,3.561682,0.1020773
111,0,30.0,3.754205,0.0984817
111,0,30.0,4.09112,0.09241033
111,0,30.0,4.572428,0.08449179000000001
111,0,30.0,5.053736,0.07667276
111,0,30.0,5.535044,0.07186886
111,0,30.0,6.016353,0.06830979999999999
111,0,30.0,6.497662,0.06425169
111,0,30.0,6.97897,0.05991835000000001
111,0,30.0,7.460278,0.05534256
111,0,30.0,7.941586,0.050939990000000004
111,0,30.0,8.422894,0.0468012
111,0,30.0,8.904202,0.04306688
111,0,30.0,9.38551,0.039741860000000004
111,0,30.0,9.866819,0.03691628
111,0,30.0,10.34813,0.03463714
111,0,30.0,10.82944,0.03293702
111,0,30.0,11.31074,0.03201929
111,0,30.0,11.79205,0.031524430000000006
111,0,30.0,12.27336,0.0312428
111,0,30.0,12.75467,0.03177585
111,0,30.0,13.23598,0.032366469999999994
111,0,30.0,13.71728,0.031089989999999998
111,0,30.0,14.19859,0.03097339
111,0,30.0,14.6799,0.03692942
111,0,30.0,15.16121,0.046861530000000005
111,0,30.0,15.64252,0.047989409999999996
111,0,30.0,16.12383,0.04564097
111,0,30.0,16.60514,0.04155757
111,0,30.0,17.08644,0.03545464
111,0,30.0,17.56775,0.031053259999999996
111,0,30.0,18.04906,0.03286947
111,0,30.0,18.53037,0.02187565
111,0,30.0,19.01168,0.004930354
111,0,30.0,19.49299,0.0
111,0,200.0,0.03369158,1e-13
111,0,200.0,0.07219623,6.72971e-06
111,0,200.0,0.1443925,1.04647e-05
111,0,200.0,0.2406541,3.63818e-05
111,0,200.0,0.3369158,0.000366792
111,0,200.0,0.43317740000000005,0.0033011069999999997
111,0,200.0,0.5294390999999999,0.006468655
111,0,200.0,0.6257007,0.01338985
111,0,200.0,0.7219624,0.02055376
111,0,200.0,0.8182241,0.02901306
111,0,200.0,0.9144857,0.03847805
111,0,200.0,1.010747,0.04549931
111,0,200.0,1.107009,0.05132897
111,0,200.0,1.203271,0.05802
111,0,200.0,1.299532,0.06533045
111,0,200.0,1.395794,0.07220768999999999
111,0,200.0,1.492056,0.07864204
111,0,200.0,1.588317,0.08490036
111,0,200.0,1.684579,0.08978167
111,0,200.0,1.78084,0.09482651
111,0,200.0,1.877102,0.09966997
111,0,200.0,2.021495,0.1084181
111,0,200.0,2.214018,0.1165849
111,0,200.0,2.406541,0.1209957
111,0,200.0,2.599064,0.12041929999999999
111,0,200.0,2.791588,0.11531390000000001
111,0,200.0,2.984112,0.1123212
111,0,200.0,3.176636,0.1086255
111,0,200.0,3.369159,0.10509210000000001
111,0,200.0,3.561682,0.1020773
111,0,200.0,3.754205,0.0984817
111,0,200.0,4.09112,0.09241033
111,0,200.0,4.572428,0.08449179000000001
111,0,200.0,5.053736,0.07667276
111,0,200.0,5.535044,0.07186886
111,0,200.0,6.016353,0.06830979999999999
111,0,200.0,6.497662,0.06425169
111,0,200.0,6.97897,0.05991835000000001
111,0,200.0,7.460278,0.05534256
111,0,200.0,7.941586,0.050939990000000004
111,0,200.0,8.422894,0.0468012
111,0,200.0,8.904202,0.04306688
111,0,200.0,9.38551,0.039741860000000004
111,0,200.0,9.866819,0.03691628
111,0,200.0,10.34813,0.03463714
111,0,200.0,10.82944,0.03293702
111,0,200.0,11.31074,0.03201929
111,0,200.0,11.79205,0.031524430000000006
111,0,200.0,12.27336,0.0312428
111,0,200.0,12.75467,0.03177585
111,0,200.0,13.23598,0.032366469999999994
111,0,200.0,13.71728,0.031089989999999998
111,0,200.0,14.19859,0.03097339
111,0,200.0,14.6799,0.03692942
111,0,200.0,15.16121,0.046861530000000005
111,0,200.0,15.64252,0.047989409999999996
111,0,200.0,16.12383,0.04564097
111,0,200.0,16.60514,0.04155757
111,0,200.0,17.08644,0.03545464
111,0,200.0,17.56775,0.031053259999999996
111,0,200.0,18.04906,0.03286947
111,0,200.0,18.53037,0.02187565
111,0,200.0,19.01168,0.004930354
111,0,200.0,19.49299,0.0
112,0,10.46888,0.0,13.91942
112,0,10.46888,0.07184207000000001,0.0
112,0,12.0,0.0335263,1e-13
112,0,12.0,0.07184207000000001,5.117774
112,0,12.0,0.1436841,3.426677
112,0,12.0,0.2394736,1.358039
112,0,12.0,0.335263,1.211164
112,0,12.0,0.4310524,0.4805366
112,0,12.0,0.5268419,0.1046725
112,0,12.0,0.6226313,0.01791585
112,0,12.0,0.7184208000000001,0.002109455
112,0,12.0,0.8142102,0.000115096
112,0,12.0,0.9099996,3.17448e-06
112,0,12.0,1.005789,0.0
112,0,14.0,0.0335263,1e-13
112,0,14.0,0.07184207000000001,0.06511183999999999
112,0,14.0,0.1436841,0.061745650000000006
112,0,14.0,0.2394736,0.08743012
112,0,14.0,0.335263,0.5061888
112,0,14.0,0.4310524,1.118099
112,0,14.0,0.5268419,1.426669
112,0,14.0,0.6226313,1.541894
112,0,14.0,0.7184208000000001,1.3772229999999999
112,0,14.0,0.8142102,1.149666
112,0,14.0,0.9099996,0.8667448
112,0,14.0,1.005789,0.6722187
112,0,14.0,1.101579,0.5067067999999999
112,0,14.0,1.197368,0.38394819999999996
112,0,14.0,1.293157,0.2659034
112,0,14.0,1.388947,0.182774
112,0,14.0,1.484736,0.11183810000000001
112,0,14.0,1.580526,0.06996495
112,0,14.0,1.676315,0.03397534
112,0,14.0,1.772104,0.01730017
112,0,14.0,1.867894,0.005531558
112,0,14.0,2.011578,0.0009986189999999999
112,0,14.0,2.203157,7.122939999999999e-05
112,0,14.0,2.394736,1.76744e-06
112,0,14.0,2.586314,5.46683e-09
112,0,14.0,2.777893,0.0
112,0,16.0,0.0335263,1e-13
112,0,16.0,0.07184207000000001,0.0005937059999999999
112,0,16.0,0.1436841,0.000819534
112,0,16.0,0.2394736,0.007867987
112,0,16.0,0.335263,0.07153045
112,0,16.0,0.4310524,0.2682897
112,0,16.0,0.5268419,0.4718343
112,0,16.0,0.6226313,0.6703952999999999
112,0,16.0,0.7184208000000001,0.8064593
112,0,16.0,0.8142102,0.8354054
112,0,16.0,0.9099996,0.8004003000000001
112,0,16.0,1.005789,0.733454
112,0,16.0,1.101579,0.6537313
112,0,16.0,1.197368,0.5826979
112,0,16.0,1.293157,0.5133373
112,0,16.0,1.388947,0.4421415
112,0,16.0,1.484736,0.3908158
112,0,16.0,1.580526,0.33072440000000003
112,0,16.0,1.676315,0.29124439999999996
112,0,16.0,1.772104,0.2544997
112,0,16.0,1.867894,0.2265092
112,0,16.0,2.011578,0.19157169999999998
112,0,16.0,2.203157,0.2260053
112,0,16.0,2.394736,0.2418723
112,0,16.0,2.586314,0.1725147
112,0,16.0,2.777894,0.09698034
112,0,16.0,2.969473,0.04108031
112,0,16.0,3.161052,0.01284024
112,0,16.0,3.352631,0.003257756
112,0,16.0,3.54421,0.000640699
112,0,16.0,3.735788,5.1243000000000004e-05
112,0,16.0,4.071051,2.4068399999999996e-07
112,0,16.0,4.549998,1.72047e-13
112,0,16.0,5.028946,0.0
112,0,18.0,0.0335263,1e-13
112,0,18.0,0.07184207000000001,1.2548599999999999e-05
112,0,18.0,0.1436841,2.65979e-05
112,0,18.0,0.2394736,0.001438728
112,0,18.0,0.335263,0.02257196
112,0,18.0,0.4310524,0.07902698000000001
112,0,18.0,0.5268419,0.15796390000000002
112,0,18.0,0.6226313,0.23572970000000001
112,0,18.0,0.7184208000000001,0.3010179
112,0,18.0,0.8142102,0.3490257
112,0,18.0,0.9099996,0.3735381
112,0,18.0,1.005789,0.3842608
112,0,18.0,1.101579,0.3905836
112,0,18.0,1.197368,0.3942867
112,0,18.0,1.293157,0.3961539
112,0,18.0,1.388947,0.39586580000000005
112,0,18.0,1.484736,0.3950879
112,0,18.0,1.580526,0.3923477
112,0,18.0,1.676315,0.3880441
112,0,18.0,1.772104,0.3819648
112,0,18.0,1.867894,0.3718248
112,0,18.0,2.011578,0.3622695
112,0,18.0,2.203157,0.339901
112,0,18.0,2.394736,0.3096204
112,0,18.0,2.586314,0.27678270000000005
112,0,18.0,2.777894,0.2370275
112,0,18.0,2.969473,0.19476929999999998
112,0,18.0,3.161052,0.15420750000000003
112,0,18.0,3.352631,0.1195761
112,0,18.0,3.54421,0.09392418000000001
112,0,18.0,3.735788,0.07112997
112,0,18.0,4.071051,0.06544897000000001
112,0,18.0,4.549998,0.01706587
112,0,18.0,5.028945,0.001026593
112,0,18.0,5.507892,1.2700300000000001e-05
112,0,18.0,5.98684,9.46039e-09
112,0,18.0,6.465786,0.0
112,0,20.0,0.0335263,1e-13
112,0,20.0,0.07184207000000001,1.4277499999999998e-07
112,0,20.0,0.1436841,6.00741e-07
112,0,20.0,0.2394736,0.000781212
112,0,20.0,0.335263,0.009444557000000001
112,0,20.0,0.4310524,0.03279878
112,0,20.0,0.5268419,0.06630292
112,0,20.0,0.6226313,0.1020028
112,0,20.0,0.7184208000000001,0.1334971
112,0,20.0,0.8142102,0.1569613
112,0,20.0,0.9099996,0.17248080000000002
112,0,20.0,1.005789,0.1839051
112,0,20.0,1.101579,0.1948041
112,0,20.0,1.197368,0.2055366
112,0,20.0,1.293157,0.21647529999999998
112,0,20.0,1.388947,0.2267606
112,0,20.0,1.484736,0.2367774
112,0,20.0,1.580526,0.2461994
112,0,20.0,1.676315,0.25496569999999996
112,0,20.0,1.772104,0.26314919999999997
112,0,20.0,1.867894,0.2708624
112,0,20.0,2.011578,0.2834448
112,0,20.0,2.203157,0.2919634
112,0,20.0,2.394736,0.29463700000000004
112,0,20.0,2.586314,0.2907209
112,0,20.0,2.777894,0.2819293
112,0,20.0,2.969473,0.2701894
112,0,20.0,3.161052,0.2538497
112,0,20.0,3.352631,0.236616
112,0,20.0,3.54421,0.2184433
112,0,20.0,3.735788,0.1958174
112,0,20.0,4.071051,0.1505565
112,0,20.0,4.549998,0.09511945999999999
112,0,20.0,5.028945,0.051960040000000006
112,0,20.0,5.507892,0.030509550000000003
112,0,20.0,5.98684,0.026602559999999997
112,0,20.0,6.465787,0.00528127
112,0,20.0,6.944734,0.000263945
112,0,20.0,7.423682,2.60598e-06
112,0,20.0,7.902628,1.1482e-09
112,0,20.0,8.381574,0.0
112,0,22.0,0.0335263,1e-13
112,0,22.0,0.07184207000000001,7.04651e-10
112,0,22.0,0.1436841,2.3572e-08
112,0,22.0,0.2394736,0.00032517799999999997
112,0,22.0,0.335263,0.005030412
112,0,22.0,0.4310524,0.01661368
112,0,22.0,0.5268419,0.033780149999999995
112,0,22.0,0.6226313,0.05167729
112,0,22.0,0.7184208000000001,0.0683149
112,0,22.0,0.8142102,0.08080689
112,0,22.0,0.9099996,0.09048308000000001
112,0,22.0,1.005789,0.09829822
112,0,22.0,1.101579,0.10631370000000001
112,0,22.0,1.197368,0.1146338
112,0,22.0,1.293157,0.1232638
112,0,22.0,1.388947,0.1325426
112,0,22.0,1.484736,0.142076
112,0,22.0,1.580526,0.1516307
112,0,22.0,1.676315,0.1612132
112,0,22.0,1.772104,0.1708825
112,0,22.0,1.867894,0.18146310000000002
112,0,22.0,2.011578,0.1996571
112,0,22.0,2.203157,0.21701589999999998
112,0,22.0,2.394736,0.230666
112,0,22.0,2.586314,0.24045989999999998
112,0,22.0,2.777894,0.2455381
112,0,22.0,2.969473,0.24593830000000003
112,0,22.0,3.161052,0.2423248
112,0,22.0,3.352631,0.2354339
112,0,22.0,3.54421,0.2259197
112,0,22.0,3.735788,0.2123032
112,0,22.0,4.071051,0.18495530000000002
112,0,22.0,4.549998,0.1494868
112,0,22.0,5.028945,0.11949280000000001
112,0,22.0,5.507892,0.09860424
112,0,22.0,5.98684,0.07620643
112,0,22.0,6.465787,0.05008043
112,0,22.0,6.944734,0.02869397
112,0,22.0,7.423682,0.01812248
112,0,22.0,7.902628,0.0140998
112,0,22.0,8.381576,0.0022689999999999997
112,0,22.0,8.860522,9.10947e-05
112,0,22.0,9.33947,5.83371e-07
112,0,22.0,9.818417,1.66304e-10
112,0,22.0,10.29736,0.0
112,0,24.0,0.0335263,1e-13
112,0,24.0,0.07184207000000001,1e-13
112,0,24.0,0.1436841,4.21376e-06
112,0,24.0,0.2394736,0.000242946
112,0,24.0,0.335263,0.003308942
112,0,24.0,0.4310524,0.01037253
112,0,24.0,0.5268419,0.01947559
112,0,24.0,0.6226313,0.030105260000000002
112,0,24.0,0.7184208000000001,0.04007848
112,0,24.0,0.8142102,0.047425959999999996
112,0,24.0,0.9099996,0.05337642
112,0,24.0,1.005789,0.05913829
112,0,24.0,1.101579,0.06477931
112,0,24.0,1.197368,0.07116977
112,0,24.0,1.293157,0.07818804
112,0,24.0,1.388947,0.08596337000000001
112,0,24.0,1.484736,0.09385653
112,0,24.0,1.580526,0.1023551
112,0,24.0,1.676315,0.1113324
112,0,24.0,1.772104,0.1202354
112,0,24.0,1.867894,0.1301251
112,0,24.0,2.011578,0.1481204
112,0,24.0,2.203157,0.1646727
112,0,24.0,2.394736,0.1794063
112,0,24.0,2.586314,0.19021529999999998
112,0,24.0,2.777894,0.1975673
112,0,24.0,2.969473,0.201148
112,0,24.0,3.161052,0.2014787
112,0,24.0,3.352631,0.1997766
112,0,24.0,3.54421,0.1960776
112,0,24.0,3.735788,0.1906485
112,0,24.0,4.071051,0.17693910000000002
112,0,24.0,4.549998,0.1567211
112,0,24.0,5.028945,0.13680840000000002
112,0,24.0,5.507892,0.11871730000000001
112,0,24.0,5.98684,0.1042573
112,0,24.0,6.465787,0.08826347
112,0,24.0,6.944734,0.07470423000000001
112,0,24.0,7.423682,0.06429109
112,0,24.0,7.902628,0.04955678
112,0,24.0,8.381576,0.03303048
112,0,24.0,8.860522,0.01934599
112,0,24.0,9.33947,0.01329677
112,0,24.0,9.818417,0.00860967
112,0,24.0,10.29736,0.001172564
112,0,24.0,10.77631,4.01122e-05
112,0,24.0,11.25526,2.1129600000000001e-07
112,0,24.0,11.7342,1.60099e-11
112,0,24.0,12.21315,0.0
112,0,26.0,0.0335263,1e-13
112,0,26.0,0.07184207000000001,1e-13
112,0,26.0,0.1436841,2.7515e-05
112,0,26.0,0.2394736,0.00015881899999999998
112,0,26.0,0.335263,0.0022494859999999998
112,0,26.0,0.4310524,0.006532883
112,0,26.0,0.5268419,0.01320692
112,0,26.0,0.6226313,0.0194963
112,0,26.0,0.7184208000000001,0.02545546
112,0,26.0,0.8142102,0.03066769
112,0,26.0,0.9099996,0.03464353
112,0,26.0,1.005789,0.03858267
112,0,26.0,1.101579,0.042811220000000004
112,0,26.0,1.197368,0.04789227
112,0,26.0,1.293157,0.05349129
112,0,26.0,1.388947,0.059782119999999994
112,0,26.0,1.484736,0.06660811999999999
112,0,26.0,1.580526,0.07409864999999999
112,0,26.0,1.676315,0.08215989
112,0,26.0,1.772104,0.09070517
112,0,26.0,1.867894,0.09982835999999999
112,0,26.0,2.011578,0.1170985
112,0,26.0,2.203157,0.13451829999999998
112,0,26.0,2.394736,0.1502469
112,0,26.0,2.586314,0.1630567
112,0,26.0,2.777894,0.17238219999999999
112,0,26.0,2.969473,0.17764080000000002
112,0,26.0,3.161052,0.1796683
112,0,26.0,3.352631,0.179063
112,0,26.0,3.54421,0.17637640000000002
112,0,26.0,3.735788,0.17077979999999998
112,0,26.0,4.071051,0.15769470000000002
112,0,26.0,4.549998,0.1396336
112,0,26.0,5.028945,0.1231826
112,0,26.0,5.507892,0.11200779999999999
112,0,26.0,5.98684,0.1035772
112,0,26.0,6.465787,0.09567739
112,0,26.0,6.944734,0.08734717
112,0,26.0,7.423682,0.07840263
112,0,26.0,7.902628,0.06997485
112,0,26.0,8.381576,0.06051966
112,0,26.0,8.860522,0.053156390000000005
112,0,26.0,9.33947,0.04689348
112,0,26.0,9.818417,0.03656389
112,0,26.0,10.29736,0.024286079999999998
112,0,26.0,10.77631,0.01474209
112,0,26.0,11.25526,0.010837920000000001
112,0,26.0,11.7342,0.0055188
112,0,26.0,12.21315,0.0006501570000000001
112,0,26.0,12.6921,1.75471e-05
112,0,26.0,13.17105,3.72312e-08
112,0,26.0,13.64999,4.75304e-12
112,0,26.0,14.12894,0.0
112,0,28.0,0.0335263,1e-13
112,0,28.0,0.07184207000000001,5.26314e-05
112,0,28.0,0.1436841,5.54279e-05
112,0,28.0,0.2394736,9.36395e-05
112,0,28.0,0.335263,0.001478834
112,0,28.0,0.4310524,0.004931505
112,0,28.0,0.5268419,0.009323245999999999
112,0,28.0,0.6226313,0.013594789999999999
112,0,28.0,0.7184208000000001,0.01803023
112,0,28.0,0.8142102,0.0211895
112,0,28.0,0.9099996,0.02417602
112,0,28.0,1.005789,0.02696503
112,0,28.0,1.101579,0.030107489999999997
112,0,28.0,1.197368,0.033915
112,0,28.0,1.293157,0.03823204
112,0,28.0,1.388947,0.04322891
112,0,28.0,1.484736,0.04874671
112,0,28.0,1.580526,0.05500701
112,0,28.0,1.676315,0.061581800000000006
112,0,28.0,1.772104,0.06892659
112,0,28.0,1.867894,0.07698056
112,0,28.0,2.011578,0.09269519999999999
112,0,28.0,2.203157,0.10914360000000001
112,0,28.0,2.394736,0.1246797
112,0,28.0,2.586314,0.1382091
112,0,28.0,2.777894,0.1488512
112,0,28.0,2.969473,0.1563121
112,0,28.0,3.161052,0.1607665
112,0,28.0,3.352631,0.16277139999999998
112,0,28.0,3.54421,0.1618218
112,0,28.0,3.735788,0.1584837
112,0,28.0,4.071051,0.14979050000000002
112,0,28.0,4.549998,0.13465249999999998
112,0,28.0,5.028945,0.1189407
112,0,28.0,5.507892,0.1063548
112,0,28.0,5.98684,0.09566592
112,0,28.0,6.465787,0.08661368
112,0,28.0,6.944734,0.0795474
112,0,28.0,7.423682,0.07411332000000001
112,0,28.0,7.902628,0.06979921
112,0,28.0,8.381576,0.06582189000000001
112,0,28.0,8.860522,0.061654890000000004
112,0,28.0,9.33947,0.05683739
112,0,28.0,9.818417,0.051770800000000006
112,0,28.0,10.29736,0.0461171
112,0,28.0,10.77631,0.04178822
112,0,28.0,11.25526,0.03750438
112,0,28.0,11.7342,0.029238899999999998
112,0,28.0,12.21315,0.01944946
112,0,28.0,12.6921,0.0120872
112,0,28.0,13.17105,0.009733085
112,0,28.0,13.64999,0.004035062999999999
112,0,28.0,14.12894,0.000330473
112,0,28.0,14.60789,8.37681e-06
112,0,28.0,15.08684,2.26505e-08
112,0,28.0,15.56578,1e-13
112,0,28.0,16.04473,0.0
112,0,30.0,0.0335263,1e-13
112,0,30.0,0.07184207000000001,3.43938e-05
112,0,30.0,0.1436841,3.65689e-05
112,0,30.0,0.2394736,4.0086600000000003e-05
112,0,30.0,0.335263,0.001352356
112,0,30.0,0.4310524,0.003622673
112,0,30.0,0.5268419,0.007194523
112,0,30.0,0.6226313,0.01043052
112,0,30.0,0.7184208000000001,0.01333926
112,0,30.0,0.8142102,0.016287799999999998
112,0,30.0,0.9099996,0.01812217
112,0,30.0,1.005789,0.02030609
112,0,30.0,1.101579,0.0226543
112,0,30.0,1.197368,0.02541036
112,0,30.0,1.293157,0.02867943
112,0,30.0,1.388947,0.03235538
112,0,30.0,1.484736,0.03658056
112,0,30.0,1.580526,0.04122236
112,0,30.0,1.676315,0.04637341
112,0,30.0,1.772104,0.05205509
112,0,30.0,1.867894,0.058312420000000004
112,0,30.0,2.011578,0.07101153
112,0,30.0,2.203157,0.08460145
112,0,30.0,2.394736,0.0979845
112,0,30.0,2.586314,0.11034519999999999
112,0,30.0,2.777894,0.12082550000000002
112,0,30.0,2.969473,0.1290035
112,0,30.0,3.161052,0.1348827
112,0,30.0,3.352631,0.1386441
112,0,30.0,3.54421,0.1406193
112,0,30.0,3.735788,0.1408289
112,0,30.0,4.071051,0.13747009999999998
112,0,30.0,4.549998,0.1279542
112,0,30.0,5.028945,0.1168491
112,0,30.0,5.507892,0.1070013
112,0,30.0,5.98684,0.09765417
112,0,30.0,6.465787,0.08895816000000001
112,0,30.0,6.944734,0.08032303
112,0,30.0,7.423682,0.07289061000000001
112,0,30.0,7.902628,0.06599419000000001
112,0,30.0,8.381576,0.06093356
112,0,30.0,8.860522,0.05705116
112,0,30.0,9.33947,0.054707
112,0,30.0,9.818417,0.05298399
112,0,30.0,10.29736,0.05146693
112,0,30.0,10.77631,0.04935161
112,0,30.0,11.25526,0.04657121
112,0,30.0,11.7342,0.04341621
112,0,30.0,12.21315,0.03946095
112,0,30.0,12.6921,0.03667752
112,0,30.0,13.17105,0.03312944
112,0,30.0,13.64999,0.02563985
112,0,30.0,14.12894,0.01702129
112,0,30.0,14.60789,0.010411849999999999
112,0,30.0,15.08684,0.008330685999999999
112,0,30.0,15.56578,0.002967472
112,0,30.0,16.04473,0.00023515199999999997
112,0,30.0,16.52368,3.52552e-06
112,0,30.0,17.00262,2.8603399999999997e-09
112,0,30.0,17.48157,1e-13
112,0,30.0,17.96052,0.0
112,0,200.0,0.0335263,1e-13
112,0,200.0,0.07184207000000001,3.43938e-05
112,0,200.0,0.1436841,3.65689e-05
112,0,200.0,0.2394736,4.0086600000000003e-05
112,0,200.0,0.335263,0.001352356
112,0,200.0,0.4310524,0.003622673
112,0,200.0,0.5268419,0.007194523
112,0,200.0,0.6226313,0.01043052
112,0,200.0,0.7184208000000001,0.01333926
112,0,200.0,0.8142102,0.016287799999999998
112,0,200.0,0.9099996,0.01812217
112,0,200.0,1.005789,0.02030609
112,0,200.0,1.101579,0.0226543
112,0,200.0,1.197368,0.02541036
112,0,200.0,1.293157,0.02867943
112,0,200.0,1.388947,0.03235538
112,0,200.0,1.484736,0.03658056
112,0,200.0,1.580526,0.04122236
112,0,200.0,1.676315,0.04637341
112,0,200.0,1.772104,0.05205509
112,0,200.0,1.867894,0.058312420000000004
112,0,200.0,2.011578,0.07101153
112,0,200.0,2.203157,0.08460145
112,0,200.0,2.394736,0.0979845
112,0,200.0,2.586314,0.11034519999999999
112,0,200.0,2.777894,0.12082550000000002
112,0,200.0,2.969473,0.1290035
112,0,200.0,3.161052,0.1348827
112,0,200.0,3.352631,0.1386441
112,0,200.0,3.54421,0.1406193
112,0,200.0,3.735788,0.1408289
112,0,200.0,4.071051,0.13747009999999998
112,0,200.0,4.549998,0.1279542
112,0,200.0,5.028945,0.1168491
112,0,200.0,5.507892,0.1070013
112,0,200.0,5.98684,0.09765417
112,0,200.0,6.465787,0.08895816000000001
112,0,200.0,6.944734,0.08032303
112,0,200.0,7.423682,0.07289061000000001
112,0,200.0,7.902628,0.06599419000000001
112,0,200.0,8.381576,0.06093356
112,0,200.0,8.860522,0.05705116
112,0,200.0,9.33947,0.054707
112,0,200.0,9.818417,0.05298399
112,0,200.0,10.29736,0.05146693
112,0,200.0,10.77631,0.04935161
112,0,200.0,11.25526,0.04657121
112,0,200.0,11.7342,0.04341621
112,0,200.0,12.21315,0.03946095
112,0,200.0,12.6921,0.03667752
112,0,200.0,13.17105,0.03312944
112,0,200.0,13.64999,0.02563985
112,0,200.0,14.12894,0.01702129
112,0,200.0,14.60789,0.010411849999999999
112,0,200.0,15.08684,0.008330685999999999
112,0,200.0,15.56578,0.002967472
112,0,200.0,16.04473,0.00023515199999999997
112,0,200.0,16.52368,3.52552e-06
112,0,200.0,17.00262,2.8603399999999997e-09
112,0,200.0,17.48157,1e-13
112,0,200.0,17.96052,0.0
115,0,17.78001,0.0,13.87206
115,0,17.78001,0.07208734,0.0
115,0,20.0,0.03364076999999999,1e-13
115,0,20.0,0.07208734,2.8162000000000002e-06
115,0,20.0,0.14417470000000002,1.18494e-05
115,0,20.0,0.2402912,0.07514285999999999
115,0,20.0,0.33640770000000003,1.069326
115,0,20.0,0.43252409999999997,2.054754
115,0,20.0,0.5286406,2.2930010000000003
115,0,20.0,0.624757,1.9153570000000002
115,0,20.0,0.7208735,1.2799269999999998
115,0,20.0,0.8169899,0.8614629
115,0,20.0,0.9131064,0.4475326
115,0,20.0,1.009223,0.2503731
115,0,20.0,1.105339,0.09861313000000001
115,0,20.0,1.201456,0.04325388
115,0,20.0,1.297572,0.01143102
115,0,20.0,1.393689,0.003366111
115,0,20.0,1.489805,0.000429274
115,0,20.0,1.585922,6.13865e-05
115,0,20.0,1.682038,2.0783700000000003e-06
115,0,20.0,1.778154,1.01002e-08
115,0,20.0,1.874271,3.20381e-12
115,0,20.0,1.970388,0.0
115,0,22.0,0.03364076999999999,1e-13
115,0,22.0,0.07208734,2.1755300000000002e-09
115,0,22.0,0.14417470000000002,7.118640000000001e-08
115,0,22.0,0.2402912,0.003186326
115,0,22.0,0.33640770000000003,0.1417861
115,0,22.0,0.43252409999999997,0.4125759
115,0,22.0,0.5286406,0.6146037
115,0,22.0,0.624757,0.7450553
115,0,22.0,0.7208735,0.7982274
115,0,22.0,0.8169899,0.8119400999999999
115,0,22.0,0.9131064,0.799439
115,0,22.0,1.009223,0.7638737
115,0,22.0,1.105339,0.7264512
115,0,22.0,1.201456,0.6725749999999999
115,0,22.0,1.297572,0.6150788
115,0,22.0,1.393689,0.5673551
115,0,22.0,1.489805,0.5070053
115,0,22.0,1.585922,0.4432474
115,0,22.0,1.682038,0.3897817
115,0,22.0,1.778154,0.331671
115,0,22.0,1.874271,0.2573424
115,0,22.0,2.018446,0.17876530000000002
115,0,22.0,2.210679,0.09378636
115,0,22.0,2.402912,0.04269498
115,0,22.0,2.595144,0.01661736
115,0,22.0,2.787378,0.004325182
115,0,22.0,2.979611,0.000829575
115,0,22.0,3.171844,6.814930000000001e-05
115,0,22.0,3.364077,2.30743e-06
115,0,22.0,3.55631,1.48849e-09
115,0,22.0,3.748543,0.0
115,0,24.0,0.07208734,1e-13
115,0,24.0,0.14417470000000002,3.5489e-06
115,0,24.0,0.2402912,0.001119305
115,0,24.0,0.33640770000000003,0.0540133
115,0,24.0,0.43252409999999997,0.1723438
115,0,24.0,0.5286406,0.261881
115,0,24.0,0.624757,0.3249933
115,0,24.0,0.7208735,0.3691387
115,0,24.0,0.8169899,0.3967473
115,0,24.0,0.9131064,0.4150429
115,0,24.0,1.009223,0.4259613
115,0,24.0,1.105339,0.4287595
115,0,24.0,1.201456,0.4305487
115,0,24.0,1.297572,0.4318283
115,0,24.0,1.393689,0.4299837
115,0,24.0,1.489805,0.4258814
115,0,24.0,1.585922,0.42098559999999996
115,0,24.0,1.682038,0.415002
115,0,24.0,1.778154,0.4060656
115,0,24.0,1.874271,0.3941009
115,0,24.0,2.018446,0.36979290000000004
115,0,24.0,2.210679,0.33448049999999996
115,0,24.0,2.402912,0.2902155
115,0,24.0,2.595144,0.24766370000000001
115,0,24.0,2.787378,0.20693199999999998
115,0,24.0,2.979611,0.1670082
115,0,24.0,3.171844,0.1317888
115,0,24.0,3.364077,0.09587093
115,0,24.0,3.55631,0.06873456
115,0,24.0,3.748543,0.03616474
115,0,24.0,4.08495,0.009643556
115,0,24.0,4.565532,0.000561746
115,0,24.0,5.046114,2.97337e-06
115,0,24.0,5.526696,0.0
115,0,26.0,0.07208734,1e-13
115,0,26.0,0.14417470000000002,2.9624499999999997e-05
115,0,26.0,0.2402912,0.0023246820000000002
115,0,26.0,0.33640770000000003,0.030534469999999998
115,0,26.0,0.43252409999999997,0.09314505000000001
115,0,26.0,0.5286406,0.1476753
115,0,26.0,0.624757,0.183652
115,0,26.0,0.7208735,0.2090136
115,0,26.0,0.8169899,0.2279483
115,0,26.0,0.9131064,0.24270350000000002
115,0,26.0,1.009223,0.2541308
115,0,26.0,1.105339,0.2633934
115,0,26.0,1.201456,0.2720874
115,0,26.0,1.297572,0.2803734
115,0,26.0,1.393689,0.2883524
115,0,26.0,1.489805,0.2957612
115,0,26.0,1.585922,0.3024514
115,0,26.0,1.682038,0.3084167
115,0,26.0,1.778154,0.313339
115,0,26.0,1.874271,0.31757860000000004
115,0,26.0,2.018446,0.32096549999999996
115,0,26.0,2.210679,0.316005
115,0,26.0,2.402912,0.3035156
115,0,26.0,2.595144,0.2874697
115,0,26.0,2.787378,0.2685906
115,0,26.0,2.979611,0.2468908
115,0,26.0,3.171844,0.22393760000000001
115,0,26.0,3.364077,0.1998914
115,0,26.0,3.55631,0.1762345
115,0,26.0,3.748543,0.1470785
115,0,26.0,4.08495,0.1011079
115,0,26.0,4.565532,0.05961321
115,0,26.0,5.046114,0.02898343
115,0,26.0,5.526696,0.01027289
115,0,26.0,6.007279,0.002029619
115,0,26.0,6.487862,0.000106196
115,0,26.0,6.968444,2.26717e-07
115,0,26.0,7.449026,0.0
115,0,28.0,0.03364076999999999,1e-13
115,0,28.0,0.07208734,6.21149e-05
115,0,28.0,0.14417470000000002,6.524760000000001e-05
115,0,28.0,0.2402912,0.000309101
115,0,28.0,0.33640770000000003,0.018682610000000002
115,0,28.0,0.43252409999999997,0.06343542
115,0,28.0,0.5286406,0.1019954
115,0,28.0,0.624757,0.1282868
115,0,28.0,0.7208735,0.1462612
115,0,28.0,0.8169899,0.1594982
115,0,28.0,0.9131064,0.17034649999999998
115,0,28.0,1.009223,0.1791593
115,0,28.0,1.105339,0.1873411
115,0,28.0,1.201456,0.195175
115,0,28.0,1.297572,0.20346
115,0,28.0,1.393689,0.2118681
115,0,28.0,1.489805,0.2200188
115,0,28.0,1.585922,0.2281219
115,0,28.0,1.682038,0.236114
115,0,28.0,1.778154,0.2436193
115,0,28.0,1.874271,0.2508549
115,0,28.0,2.018446,0.2623849
115,0,28.0,2.210679,0.2675098
115,0,28.0,2.402912,0.26671819999999996
115,0,28.0,2.595144,0.2637912
115,0,28.0,2.787378,0.2563746
115,0,28.0,2.979611,0.2450436
115,0,28.0,3.171844,0.23226
115,0,28.0,3.364077,0.2174576
115,0,28.0,3.55631,0.201009
115,0,28.0,3.748543,0.1801195
115,0,28.0,4.08495,0.1454859
115,0,28.0,4.565532,0.1086776
115,0,28.0,5.046114,0.07683548
115,0,28.0,5.526696,0.05336164
115,0,28.0,6.007279,0.034945260000000006
115,0,28.0,6.487862,0.02098848
115,0,28.0,6.968444,0.010895420000000001
115,0,28.0,7.449026,0.003794262
115,0,28.0,7.929608,0.000666984
115,0,28.0,8.410191,3.70107e-05
115,0,28.0,8.890773,3.56984e-08
115,0,28.0,9.371355,0.0
115,0,30.0,0.03364076999999999,1e-13
115,0,30.0,0.07208734,4.24608e-05
115,0,30.0,0.14417470000000002,4.48719e-05
115,0,30.0,0.2402912,0.00174834
115,0,30.0,0.33640770000000003,0.01517433
115,0,30.0,0.43252409999999997,0.05041579
115,0,30.0,0.5286406,0.07985386
115,0,30.0,0.624757,0.1020876
115,0,30.0,0.7208735,0.116351
115,0,30.0,0.8169899,0.126045
115,0,30.0,0.9131064,0.1349495
115,0,30.0,1.009223,0.1429573
115,0,30.0,1.105339,0.1493543
115,0,30.0,1.201456,0.1560131
115,0,30.0,1.297572,0.1633805
115,0,30.0,1.393689,0.1710421
115,0,30.0,1.489805,0.1788388
115,0,30.0,1.585922,0.186474
115,0,30.0,1.682038,0.1943988
115,0,30.0,1.778154,0.20210720000000001
115,0,30.0,1.874271,0.2101257
115,0,30.0,2.018446,0.2227592
115,0,30.0,2.210679,0.2308559
115,0,30.0,2.402912,0.2355894
115,0,30.0,2.595144,0.2350251
115,0,30.0,2.787378,0.23358559999999998
115,0,30.0,2.979611,0.2266379
115,0,30.0,3.171844,0.21905550000000001
115,0,30.0,3.364077,0.20767359999999999
115,0,30.0,3.55631,0.1968969
115,0,30.0,3.748543,0.1805561
115,0,30.0,4.08495,0.1543557
115,0,30.0,4.565532,0.12421660000000001
115,0,30.0,5.046114,0.09675788
115,0,30.0,5.526696,0.07656168
115,0,30.0,6.007279,0.059704749999999994
115,0,30.0,6.487862,0.04601509
115,0,30.0,6.968444,0.03499575
115,0,30.0,7.449026,0.025439919999999998
115,0,30.0,7.929608,0.01739152
115,0,30.0,8.410191,0.01079866
115,0,30.0,8.890773,0.005459651
115,0,30.0,9.371355,0.0018678059999999999
115,0,30.0,9.851937,0.000320828
115,0,30.0,10.33252,1.09315e-05
115,0,30.0,10.8131,5.87846e-09
115,0,30.0,11.29368,0.0
115,0,200.0,0.03364076999999999,1e-13
115,0,200.0,0.07208734,4.24608e-05
115,0,200.0,0.14417470000000002,4.48719e-05
115,0,200.0,0.2402912,0.00174834
115,0,200.0,0.33640770000000003,0.01517433
115,0,200.0,0.43252409999999997,0.05041579
115,0,200.0,0.5286406,0.07985386
115,0,200.0,0.624757,0.1020876
115,0,200.0,0.7208735,0.116351
115,0,200.0,0.8169899,0.126045
115,0,200.0,0.9131064,0.1349495
115,0,200.0,1.009223,0.1429573
115,0,200.0,1.105339,0.1493543
115,0,200.0,1.201456,0.1560131
115,0,200.0,1.297572,0.1633805
115,0,200.0,1.393689,0.1710421
115,0,200.0,1.489805,0.1788388
115,0,200.0,1.585922,0.186474
115,0,200.0,1.682038,0.1943988
115,0,200.0,1.778154,0.20210720000000001
115,0,200.0,1.874271,0.2101257
115,0,200.0,2.018446,0.2227592
115,0,200.0,2.210679,0.2308559
115,0,200.0,2.402912,0.2355894
115,0,200.0,2.595144,0.2350251
115,0,200.0,2.787378,0.23358559999999998
115,0,200.0,2.979611,0.2266379
115,0,200.0,3.171844,0.21905550000000001
115,0,200.0,3.364077,0.20767359999999999
115,0,200.0,3.55631,0.1968969
115,0,200.0,3.748543,0.1805561
115,0,200.0,4.08495,0.1543557
115,0,200.0,4.565532,0.12421660000000001
115,0,200.0,5.046114,0.09675788
115,0,200.0,5.526696,0.07656168
115,0,200.0,6.007279,0.059704749999999994
115,0,200.0,6.487862,0.04601509
115,0,200.0,6.968444,0.03499575
115,0,200.0,7.449026,0.025439919999999998
115,0,200.0,7.929608,0.01739152
115,0,200.0,8.410191,0.01079866
115,0,200.0,8.890773,0.005459651
115,0,200.0,9.371355,0.0018678059999999999
115,0,200.0,9.851937,0.000320828
115,0,200.0,10.33252,1.09315e-05
115,0,200.0,10.8131,5.87846e-09
115,0,200.0,11.29368,0.0
116,0,18.89339,0.0,13.89474
116,0,18.89339,0.07196966,0.0
116,0,20.0,0.03358585,1e-13
116,0,20.0,0.07196966,1.1684990000000002
116,0,20.0,0.1439393,4.916589
116,0,20.0,0.2398989,1.568249
116,0,20.0,0.3358585,1.736769
116,0,20.0,0.431818,1.082454
116,0,20.0,0.5277776,0.2224943
116,0,20.0,0.6237370999999999,0.012384520000000001
116,0,20.0,0.7196966,0.005744712
116,0,20.0,0.8156561999999999,0.0
116,0,22.0,0.03358585,1e-13
116,0,22.0,0.07196966,2.29337e-06
116,0,22.0,0.1439393,7.50423e-05
116,0,22.0,0.2398989,0.000594503
116,0,22.0,0.3358585,0.0042487060000000005
116,0,22.0,0.431818,0.013579339999999999
116,0,22.0,0.5277776,0.058320040000000004
116,0,22.0,0.6237370999999999,0.1482696
116,0,22.0,0.7196966,0.2707285
116,0,22.0,0.8156561999999999,0.5012215999999999
116,0,22.0,0.9116158000000001,0.7854166
116,0,22.0,1.007575,0.9717768000000001
116,0,22.0,1.103535,1.178497
116,0,22.0,1.199494,1.3748340000000001
116,0,22.0,1.295454,1.274773
116,0,22.0,1.391414,1.1145639999999999
116,0,22.0,1.487373,1.025615
116,0,22.0,1.583333,0.7157905
116,0,22.0,1.679292,0.43602569999999996
116,0,22.0,1.775252,0.3135044
116,0,22.0,1.871211,0.11727749999999999
116,0,22.0,2.01515,0.02641965
116,0,22.0,2.20707,0.002218292
116,0,22.0,2.398989,1.41055e-05
116,0,22.0,2.590908,0.0
116,0,24.0,0.07196966,1e-13
116,0,24.0,0.1439393,0.000198996
116,0,24.0,0.2398989,0.000258804
116,0,24.0,0.3358585,0.000304539
116,0,24.0,0.431818,0.00089878
116,0,24.0,0.5277776,0.0023094079999999998
116,0,24.0,0.6237370999999999,0.006360449000000001
116,0,24.0,0.7196966,0.014915469999999998
116,0,24.0,0.8156561999999999,0.02745605
116,0,24.0,0.9116158000000001,0.0511558
116,0,24.0,1.007575,0.08122525
116,0,24.0,1.103535,0.1198596
116,0,24.0,1.199494,0.1728823
116,0,24.0,1.295454,0.22099090000000002
116,0,24.0,1.391414,0.2855567
116,0,24.0,1.487373,0.3511652
116,0,24.0,1.583333,0.399105
116,0,24.0,1.679292,0.4747566
116,0,24.0,1.775252,0.5104371999999999
116,0,24.0,1.871211,0.5545899000000001
116,0,24.0,2.01515,0.65106
116,0,24.0,2.20707,0.6941592
116,0,24.0,2.398989,0.64856
116,0,24.0,2.590908,0.5558725999999999
116,0,24.0,2.782827,0.41664660000000003
116,0,24.0,2.974747,0.2644269
116,0,24.0,3.166666,0.1352267
116,0,24.0,3.358585,0.048192030000000004
116,0,24.0,3.550504,0.01638015
116,0,24.0,3.742423,0.002353972
116,0,24.0,4.078281,1.2775e-05
116,0,24.0,4.414139,0.0
116,0,26.0,0.07196966,1e-13
116,0,26.0,0.1439393,0.000272917
116,0,26.0,0.2398989,0.000436194
116,0,26.0,0.3358585,0.00045755599999999997
116,0,26.0,0.431818,0.000591707
116,0,26.0,0.5277776,0.000927515
116,0,26.0,0.6237370999999999,0.0017796329999999999
116,0,26.0,0.7196966,0.003122263
116,0,26.0,0.8156561999999999,0.005388164
116,0,26.0,0.9116158000000001,0.008086389000000001
116,0,26.0,1.007575,0.01237388
116,0,26.0,1.103535,0.01726679
116,0,26.0,1.199494,0.024854229999999998
116,0,26.0,1.295454,0.033601599999999995
116,0,26.0,1.391414,0.04585544
116,0,26.0,1.487373,0.05992253
116,0,26.0,1.583333,0.07739801
116,0,26.0,1.679292,0.09706733999999999
116,0,26.0,1.775252,0.11904060000000001
116,0,26.0,1.871211,0.1429263
116,0,26.0,2.01515,0.19463650000000002
116,0,26.0,2.20707,0.3138001
116,0,26.0,2.398989,0.5718474
116,0,26.0,2.590908,0.5717896
116,0,26.0,2.782827,0.5399383999999999
116,0,26.0,2.974747,0.4857433
116,0,26.0,3.166666,0.4254729
116,0,26.0,3.358585,0.34748450000000003
116,0,26.0,3.550504,0.3205249
116,0,26.0,3.742423,0.27064910000000003
116,0,26.0,4.078281,0.1642384
116,0,26.0,4.558079,0.06656487000000001
116,0,26.0,5.037876,0.010647740000000001
116,0,26.0,5.517674,0.000244182
116,0,26.0,5.997472,3.79875e-07
116,0,26.0,6.47727,0.0
116,0,28.0,0.03358585,1e-13
116,0,28.0,0.07196966,0.00026883
116,0,28.0,0.1439393,0.000278703
116,0,28.0,0.2398989,0.000289426
116,0,28.0,0.3358585,0.000316381
116,0,28.0,0.431818,0.00041151
116,0,28.0,0.5277776,0.0007714989999999999
116,0,28.0,0.6237370999999999,0.0015924950000000002
116,0,28.0,0.7196966,0.0032834830000000002
116,0,28.0,0.8156561999999999,0.00589355
116,0,28.0,0.9116158000000001,0.009782868
116,0,28.0,1.007575,0.014552319999999999
116,0,28.0,1.103535,0.020419080000000003
116,0,28.0,1.199494,0.026697770000000003
116,0,28.0,1.295454,0.03370557
116,0,28.0,1.391414,0.040692570000000004
116,0,28.0,1.487373,0.048272249999999996
116,0,28.0,1.583333,0.05554718
116,0,28.0,1.679292,0.0634812
116,0,28.0,1.775252,0.07049198999999999
116,0,28.0,1.871211,0.07766684
116,0,28.0,2.01515,0.09139243999999999
116,0,28.0,2.20707,0.14652890000000002
116,0,28.0,2.398989,0.236312
116,0,28.0,2.590908,0.2570078
116,0,28.0,2.782827,0.2786427
116,0,28.0,2.974747,0.3015156
116,0,28.0,3.166666,0.3212591
116,0,28.0,3.358585,0.3232971
116,0,28.0,3.550504,0.3367419
116,0,28.0,3.742423,0.335849
116,0,28.0,4.078281,0.2966929
116,0,28.0,4.558079,0.22849919999999999
116,0,28.0,5.037876,0.1490824
116,0,28.0,5.517674,0.08879901
116,0,28.0,5.997472,0.04837358
116,0,28.0,6.47727,0.01581476
116,0,28.0,6.957068,0.002095283
116,0,28.0,7.436866,4.4743199999999995e-05
116,0,28.0,7.916663,7.1538899999999996e-09
116,0,28.0,8.396461,0.0
116,0,30.0,0.03358585,1e-13
116,0,30.0,0.07196966,0.000153363
116,0,30.0,0.1439393,0.00015999099999999998
116,0,30.0,0.2398989,0.000166389
116,0,30.0,0.3358585,0.000183335
116,0,30.0,0.431818,0.000246109
116,0,30.0,0.5277776,0.000460064
116,0,30.0,0.6237370999999999,0.000993009
116,0,30.0,0.7196966,0.00209589
116,0,30.0,0.8156561999999999,0.0038141379999999995
116,0,30.0,0.9116158000000001,0.006673244
116,0,30.0,1.007575,0.009885906
116,0,30.0,1.103535,0.01459835
116,0,30.0,1.199494,0.01935886
116,0,30.0,1.295454,0.02534474
116,0,30.0,1.391414,0.03146909
116,0,30.0,1.487373,0.038342799999999996
116,0,30.0,1.583333,0.04555546
116,0,30.0,1.679292,0.05310131
116,0,30.0,1.775252,0.061136399999999994
116,0,30.0,1.871211,0.06977816
116,0,30.0,2.01515,0.08515749
116,0,30.0,2.20707,0.1190177
116,0,30.0,2.398989,0.17173439999999998
116,0,30.0,2.590908,0.19366360000000002
116,0,30.0,2.782827,0.2134524
116,0,30.0,2.974747,0.2303192
116,0,30.0,3.166666,0.23930980000000002
116,0,30.0,3.358585,0.2368723
116,0,30.0,3.550504,0.2399022
116,0,30.0,3.742423,0.2379606
116,0,30.0,4.078281,0.2200301
116,0,30.0,4.558079,0.1982229
116,0,30.0,5.037876,0.1822456
116,0,30.0,5.517674,0.16435170000000002
116,0,30.0,5.997472,0.1386514
116,0,30.0,6.47727,0.1038186
116,0,30.0,6.957068,0.06748588
116,0,30.0,7.436866,0.039977
116,0,30.0,7.916663,0.020671349999999998
116,0,30.0,8.396461,0.006098055000000001
116,0,30.0,8.876259,0.000630321
116,0,30.0,9.356057,1.1247200000000001e-05
116,0,30.0,9.835855,2.37765e-09
116,0,30.0,10.31565,0.0
116,0,200.0,0.03358585,1e-13
116,0,200.0,0.07196966,0.000153363
116,0,200.0,0.1439393,0.00015999099999999998
116,0,200.0,0.2398989,0.000166389
116,0,200.0,0.3358585,0.000183335
116,0,200.0,0.431818,0.000246109
116,0,200.0,0.5277776,0.000460064
116,0,200.0,0.6237370999999999,0.000993009
116,0,200.0,0.7196966,0.00209589
116,0,200.0,0.8156561999999999,0.0038141379999999995
116,0,200.0,0.9116158000000001,0.006673244
116,0,200.0,1.007575,0.009885906
116,0,200.0,1.103535,0.01459835
116,0,200.0,1.199494,0.01935886
116,0,200.0,1.295454,0.02534474
116,0,200.0,1.391414,0.03146909
116,0,200.0,1.487373,0.038342799999999996
116,0,200.0,1.583333,0.04555546
116,0,200.0,1.679292,0.05310131
116,0,200.0,1.775252,0.061136399999999994
116,0,200.0,1.871211,0.06977816
116,0,200.0,2.01515,0.08515749
116,0,200.0,2.20707,0.1190177
116,0,200.0,2.398989,0.17173439999999998
116,0,200.0,2.590908,0.19366360000000002
116,0,200.0,2.782827,0.2134524
116,0,200.0,2.974747,0.2303192
116,0,200.0,3.166666,0.23930980000000002
116,0,200.0,3.358585,0.2368723
116,0,200.0,3.550504,0.2399022
116,0,200.0,3.742423,0.2379606
116,0,200.0,4.078281,0.2200301
116,0,200.0,4.558079,0.1982229
116,0,200.0,5.037876,0.1822456
116,0,200.0,5.517674,0.16435170000000002
116,0,200.0,5.997472,0.1386514
116,0,200.0,6.47727,0.1038186
116,0,200.0,6.957068,0.06748588
116,0,200.0,7.436866,0.039977
116,0,200.0,7.916663,0.020671349999999998
116,0,200.0,8.396461,0.006098055000000001
116,0,200.0,8.876259,0.000630321
116,0,200.0,9.356057,1.1247200000000001e-05
116,0,200.0,9.835855,2.37765e-09
116,0,200.0,10.31565,0.0
